symbol,fiscalDateEnding,reportedCurrency,grossProfit,totalRevenue,costOfRevenue,costofGoodsAndServicesSold,operatingIncome,sellingGeneralAndAdministrative,researchAndDevelopment,operatingExpenses,investmentIncomeNet,netInterestIncome,interestIncome,interestExpense,nonInterestIncome,otherNonOperatingIncome,depreciation,depreciationAndAmortization,incomeBeforeTax,incomeTaxExpense,interestAndDebtExpense,netIncomeFromContinuingOperations,comprehensiveIncomeNetOfTax,ebit,ebitda,netIncome
NVDA,2025-10-31,USD,41849000000,57006000000,15157000000,15157000000,36010000000,1134000000,4705000000,5839000000,None,563000000,624000000,61000000,None,None,None,751000000,37936000000,6026000000,None,31910000000,None,37997000000,38748000000,31910000000
NVDA,2025-07-31,USD,33853000000,46743000000,12890000000,12890000000,28440000000,1122000000,4291000000,5413000000,None,530000000,592000000,62000000,None,None,None,669000000,31206000000,4784000000,None,26422000000,None,31268000000,31937000000,26422000000
NVDA,2025-04-30,USD,26668000000,44062000000,17394000000,17394000000,21638000000,1041000000,3989000000,5030000000,None,452000000,515000000,63000000,None,None,None,611000000,21910000000,3135000000,None,18775000000,None,21973000000,22584000000,18775000000
NVDA,2025-01-31,USD,28723000000,39331000000,10608000000,10608000000,24034000000,975000000,3714000000,4689000000,None,450000000,511000000,61000000,None,None,None,543000000,25217000000,3126000000,None,22091000000,None,25278000000,25821000000,22091000000
NVDA,2024-10-31,USD,26156000000,35082000000,8926000000,8926000000,21869000000,897000000,3390000000,4287000000,None,411000000,472000000,61000000,None,None,None,478000000,22316000000,3007000000,None,19309000000,None,22377000000,22855000000,19309000000
NVDA,2024-07-31,USD,22574000000,30040000000,7466000000,7466000000,18642000000,842000000,3090000000,3932000000,None,383000000,444000000,61000000,None,None,None,433000000,19214000000,2615000000,None,16599000000,None,19275000000,19708000000,16599000000
NVDA,2024-04-30,USD,20406000000,26044000000,5638000000,5638000000,16909000000,777000000,2720000000,3497000000,None,295000000,359000000,64000000,None,None,None,410000000,17279000000,2398000000,None,14881000000,None,17343000000,17753000000,14881000000
NVDA,2024-01-31,USD,16791000000,22103000000,5312000000,5312000000,13614000000,712000000,2465000000,3177000000,None,231000000,294000000,63000000,None,None,None,387000000,14106000000,1821000000,None,12285000000,None,14169000000,14556000000,12285000000
NVDA,2023-10-31,USD,13400000000,18120000000,4720000000,4720000000,10417000000,689000000,2294000000,2983000000,None,171000000,234000000,63000000,None,None,None,372000000,10522000000,1279000000,None,9243000000,None,10585000000,10957000000,9243000000
NVDA,2023-07-31,USD,9462000000,13507000000,4045000000,4045000000,6800000000,622000000,2040000000,2662000000,None,122000000,187000000,65000000,None,246000000,None,365000000,6981000000,793000000,None,6188000000,None,7046000000,7411000000,6188000000
NVDA,2023-04-30,USD,4648000000,7192000000,2544000000,2544000000,2140000000,633000000,1875000000,2508000000,None,84000000,150000000,66000000,None,135000000,None,384000000,2209000000,166000000,None,2043000000,None,2275000000,2659000000,2043000000
NVDA,2023-01-31,USD,3833000000,6051000000,2218000000,2218000000,1256000000,625000000,1952000000,2577000000,None,50000000,115000000,64000000,None,None,None,426000000,1288000000,-126000000,None,1414000000,None,1352000000,1778000000,1414000000
NVDA,2022-10-31,USD,3177000000,5931000000,2754000000,2754000000,601000000,631000000,1945000000,2576000000,None,23000000,88000000,65000000,None,77000000,None,406000000,613000000,-67000000,None,680000000,None,678000000,1084000000,680000000
NVDA,2022-07-31,USD,2915000000,6704000000,3789000000,3789000000,499000000,592000000,1824000000,2416000000,None,-19000000,46000000,65000000,None,None,None,378000000,475000000,-181000000,None,656000000,None,540000000,918000000,656000000
NVDA,2022-04-30,USD,5431000000,8288000000,2857000000,2857000000,1868000000,592000000,1618000000,3563000000,None,-50000000,18000000,68000000,None,5000000,None,334000000,1805000000,187000000,None,1618000000,None,1873000000,2207000000,1618000000
NVDA,2022-01-31,USD,4999000000,7643000000,2644000000,2644000000,2970000000,563000000,1466000000,2029000000,None,-52000000,9000000,61000000,None,-44000000,None,309000000,2865000000,-138000000,None,3003000000,None,2926000000,3235000000,3003000000
NVDA,2021-10-31,USD,4631000000,7103000000,2472000000,2472000000,2671000000,557000000,1403000000,1960000000,None,-55000000,7000000,62000000,None,29000000,None,298000000,2638000000,174000000,None,2464000000,None,2700000000,2998000000,2464000000
NVDA,2021-07-31,USD,4215000000,6507000000,2292000000,2292000000,2444000000,526000000,1245000000,1771000000,None,-54000000,6000000,60000000,None,10000000,None,286000000,2394000000,20000000,None,2374000000,None,2454000000,2740000000,2374000000
NVDA,2021-04-30,USD,3629000000,5661000000,2032000000,2032000000,1956000000,520000000,1153000000,1673000000,None,-47000000,6000000,53000000,None,141000000,None,281000000,2044000000,132000000,None,1912000000,None,2097000000,2378000000,1912000000
NVDA,2021-01-31,USD,3156000000,5003000000,1847000000,1847000000,1507000000,503000000,1146000000,1649000000,None,-47000000,6000000,53000000,None,16000000,None,288000000,1470000000,13000000,None,1457000000,None,1523000000,1811000000,1457000000
NVDA,2020-10-31,USD,2960000000,4726000000,1766000000,1766000000,1398000000,515000000,1047000000,1562000000,None,-46000000,7000000,53000000,None,3000000,None,299000000,1348000000,12000000,None,1336000000,None,1401000000,1700000000,1336000000
NVDA,2020-07-31,USD,2275000000,3866000000,1591000000,1591000000,651000000,627000000,997000000,1624000000,None,-41000000,13000000,54000000,None,12000000,None,404000000,609000000,-13000000,None,622000000,None,663000000,1067000000,622000000
NVDA,2020-04-30,USD,2004000000,3080000000,1076000000,1076000000,976000000,293000000,735000000,1028000000,None,6000000,31000000,25000000,None,30000000,None,107000000,981000000,64000000,None,917000000,None,1006000000,1113000000,917000000
NVDA,2020-01-31,USD,2015000000,3105000000,1090000000,1090000000,990000000,287000000,738000000,1025000000,None,28000000,41000000,13000000,None,39000000,None,106000000,1016000000,65000000,None,951000000,None,1029000000,1135000000,951000000
NVDA,2019-10-31,USD,1916000000,3014000000,1098000000,1098000000,927000000,277000000,712000000,989000000,None,32000000,45000000,13000000,None,45000000,None,92000000,959000000,60000000,None,899000000,None,972000000,1064000000,899000000
NVDA,2019-07-31,USD,1541000000,2579000000,1038000000,1038000000,571000000,266000000,704000000,970000000,None,34000000,47000000,13000000,None,48000000,None,92000000,606000000,54000000,None,552000000,None,619000000,711000000,552000000
NVDA,2019-04-30,USD,1296000000,2220000000,924000000,924000000,358000000,264000000,674000000,938000000,None,31000000,44000000,13000000,None,44000000,None,91000000,389000000,-5000000,None,394000000,None,402000000,493000000,394000000
NVDA,2019-01-31,USD,1207000000,2205000000,998000000,998000000,294000000,266000000,647000000,913000000,None,None,None,14000000,None,44000000,None,78000000,324000000,-242000000,None,566000000,None,338000000,416000000,566000000
NVDA,2018-10-31,USD,1921000000,3181000000,1260000000,1260000000,1058000000,258000000,605000000,863000000,None,None,None,15000000,None,38000000,None,68000000,1081000000,-149000000,None,1230000000,None,1096000000,1164000000,1230000000
NVDA,2018-07-31,USD,1975000000,3123000000,1148000000,1148000000,1157000000,237000000,581000000,818000000,None,None,None,14000000,None,37000000,None,59000000,1180000000,79000000,None,1101000000,None,1194000000,1253000000,1101000000
NVDA,2018-04-30,USD,2068000000,3207000000,1139000000,1139000000,1295000000,231000000,542000000,773000000,None,None,None,15000000,None,31000000,None,57000000,1311000000,67000000,None,1244000000,None,1326000000,1383000000,1244000000
NVDA,2018-01-31,USD,1801000000,2911000000,1110000000,1110000000,1073000000,221000000,507000000,728000000,None,None,None,15000000,None,22000000,None,54000000,1079000000,-40000000,None,1119000000,None,1094000000,1148000000,1119000000
NVDA,2017-10-31,USD,1569000000,2636000000,1067000000,1067000000,895000000,212000000,462000000,674000000,None,None,None,15000000,None,16000000,None,49000000,896000000,58000000,None,838000000,None,911000000,960000000,838000000
NVDA,2017-07-31,USD,1302000000,2230000000,928000000,928000000,688000000,198000000,416000000,614000000,None,None,None,15000000,None,11000000,None,49000000,684000000,101000000,None,583000000,None,699000000,748000000,583000000
NVDA,2017-04-30,USD,1150000000,1937000000,787000000,787000000,554000000,185000000,411000000,596000000,None,None,None,16000000,None,-2000000,None,47000000,536000000,29000000,None,507000000,None,552000000,599000000,507000000
NVDA,2017-01-31,USD,1303000000,2173000000,870000000,870000000,733000000,176000000,394000000,570000000,None,None,None,19000000,None,11000000,None,47000000,725000000,71000000,None,675000000,None,744000000,791000000,654000000
NVDA,2016-10-31,USD,1183000000,2004000000,821000000,821000000,639000000,171000000,373000000,544000000,None,None,None,16000000,None,-2000000,None,48000000,621000000,79000000,None,542000000,None,637000000,685000000,542000000
NVDA,2016-07-31,USD,826000000,1428000000,602000000,602000000,317000000,157000000,350000000,509000000,None,None,None,12000000,None,12000000,None,47000000,317000000,56000000,None,253000000,None,329000000,376000000,261000000
NVDA,2016-04-30,USD,751000000,1305000000,554000000,554000000,245000000,159000000,346000000,506000000,None,None,None,12000000,None,8000000,None,45000000,241000000,33000000,None,196000000,None,253000000,298000000,208000000
NVDA,2016-01-31,USD,791000000,1401000000,610000000,610000000,252000000,131000000,344000000,539000000,None,None,None,12000000,None,15000000,None,46000000,254000000,46000000,None,208000000,None,266000000,312000000,208000000
NVDA,2015-10-31,USD,734000000,1305000000,571000000,571000000,245000000,152000000,329000000,489000000,None,None,None,12000000,None,12000000,None,48000000,245000000,-1000000,None,246000000,None,257000000,305000000,246000000
NVDA,2015-07-31,USD,634000000,1153000000,519000000,519000000,76000000,149000000,320000000,558000000,None,None,None,12000000,None,8000000,None,49000000,72000000,46000000,None,26000000,None,84000000,133000000,26000000
NVDA,2015-04-30,USD,653000000,1151000000,498000000,498000000,176000000,138000000,339000000,477000000,None,None,None,12000000,None,8000000,None,54000000,172000000,38000000,None,134000000,None,184000000,238000000,134000000
NVDA,2015-01-31,USD,699603000,1250514000,550911000,550911000,231136000,105214000,348253000,468467000,None,None,None,11594000,None,8317000,None,53955000,227859000,34731000,None,193128000,None,239453000,293408000,193128000
NVDA,2014-10-31,USD,676000000,1225000000,549000000,549000000,213000000,123300000,340000000,463000000,None,None,None,11000000,None,7297000,None,55000000,209000000,36000000,None,172967000,None,220000000,275000000,173000000
NVDA,2014-07-31,USD,619000000,1103000000,484000000,484000000,163000000,119000000,337000000,456000000,None,None,None,12000000,None,2972000,None,56000000,155000000,27000000,None,127976000,None,167000000,223000000,128000000
NVDA,2014-04-30,USD,604000000,1103000000,499000000,499000000,151000000,118600000,334000000,453000000,None,None,None,11000000,None,23394000,None,55000000,163000000,26000000,None,136516000,None,174000000,229000000,137000000
NVDA,2014-01-31,USD,619242000,1144218000,524976000,524976000,166924000,115700000,336641000,452318000,None,None,None,7492000,None,12407000,None,54838000,168888000,21971000,None,146917000,None,191394000,246232000,146917000
NVDA,2013-10-31,USD,584415000,1053967000,469552000,469552000,140988000,103100000,340294000,443427000,None,None,None,819000,None,496000,None,62726000,141484000,22750000,None,118734000,None,142303000,205029000,118734000
NVDA,2013-07-31,USD,545538000,977238000,431700000,431700000,105534000,108300000,331738000,440004000,None,None,None,836000,None,6286000,None,61840000,111820000,15372000,None,96448000,None,112656000,174496000,96448000
NVDA,2013-04-30,USD,518568000,954739000,436171000,436171000,82781000,108600000,327161000,435787000,None,None,None,853000,None,5281000,None,59744000,88062000,10171000,None,77891000,None,88915000,148659000,77891000
NVDA,2013-01-31,USD,585602000,1106902000,521300000,521300000,183573000,104000000,298007000,402029000,None,None,None,1399000,None,5829000,None,58401000,186108000,12135000,None,173973000,None,200667000,259068000,173973000
NVDA,2012-10-31,USD,636658000,1204110000,567452000,567452000,252217000,100300000,284180000,384441000,None,None,None,4701000,None,1411000,None,57148000,253628000,44548000,None,209080000,None,252217000,309365000,209080000
NVDA,2012-07-31,USD,540719000,1044270000,503551000,503551000,139623000,119900000,281193000,401096000,None,None,None,5316000,None,5585000,None,56195000,145208000,26162000,None,119046000,None,139623000,195818000,119046000
NVDA,2012-04-30,USD,463364000,924877000,461513000,461513000,72826000,106600000,283902000,390538000,None,None,None,5198000,None,4269000,None,54491000,77095000,16658000,None,60437000,None,72826000,127317000,60437000
NVDA,2012-01-31,USD,490013000,953194000,463181000,463181000,122317000,100800000,266862000,367696000,None,None,None,1124000,None,5349000,None,51895000,124577000,8552000,None,116025000,None,140503000,192398000,116025000
NVDA,2011-10-31,USD,556717000,1066180000,509463000,509463000,197090000,103100000,256498000,359627000,None,None,None,4356000,None,7697000,None,52387000,204787000,26514000,None,178273000,None,197090000,249477000,178273000
NVDA,2011-07-31,USD,525284000,1016517000,491233000,491233000,174030000,103533000,247721000,351254000,None,None,None,5266000,None,3517000,None,52159000,177547000,25974000,None,151573000,None,174030000,226189000,151573000
NVDA,2011-04-30,USD,484503000,962039000,477536000,477536000,154862000,98100000,231524000,329641000,None,None,None,5313000,None,1623000,None,47764000,156485000,21266000,None,135219000,None,154862000,202626000,135219000
NVDA,2011-01-31,USD,426359000,886376000,460017000,460017000,179778000,88000000,215563000,246581000,None,None,None,3127000,None,9255000,None,46393000,185906000,14255000,None,171651000,None,198327000,244720000,171651000
NVDA,2010-10-31,USD,392062000,843912000,451850000,451850000,103783000,83752000,204527000,288279000,None,None,None,4220000,None,-198000,None,46876000,103585000,18723000,None,84862000,None,103783000,150659000,84862000
NVDA,2010-07-31,USD,134292000,811208000,676916000,676916000,-175207000,98900000,210635000,309499000,None,None,None,4805000,None,6160000,None,46573000,-169047000,-28086000,None,-140961000,None,-175207000,-128634000,-140961000
NVDA,2010-04-30,USD,456377000,1001813000,545436000,545436000,147393000,90900000,218105000,308984000,None,None,None,5571000,None,3332000,None,47147000,150725000,13131000,None,137594000,None,147393000,194540000,137594000
NVDA,2010-01-31,USD,438721000,982488000,543767000,543767000,134282000,88188000,216251000,304439000,None,None,None,3320000,None,None,None,47914000,139421000,8345000,None,0,None,154253000,202167000,131076000
NVDA,2009-10-31,USD,391783000,903206000,511423000,511423000,107845000,86000000,197948000,283938000,None,None,None,5444000,None,2362000,None,48770000,110207000,2630000,None,107577000,None,107845000,156615000,107577000
NVDA,2009-07-31,USD,156723000,776520000,619797000,619797000,-110107000,74000000,192855000,266830000,None,None,None,5779000,None,None,None,49322000,-107101000,-1799000,None,0,None,-110107000,-60785000,-105302000
NVDA,2009-04-30,USD,189696000,664231000,474535000,474535000,-230965000,80600000,301797000,420661000,None,None,None,6124000,None,None,None,50658000,-224821000,-23483000,None,0,None,-230965000,-180307000,-201338000
NVDA,2009-01-31,USD,141666000,481140000,339474000,339474000,-175083000,86400000,211779000,316749000,None,None,None,406000,None,None,None,48055000,-170375000,-22710000,None,0,None,-156553000,-108498000,-147665000
NVDA,2008-10-31,USD,367843000,897655000,529812000,529812000,56796000,90300000,212360000,311047000,None,None,None,4200000,None,None,None,49304000,61003000,-745000,None,0,None,65134000,114438000,61748000
NVDA,2008-07-31,USD,149917000,892676000,742759000,742759000,-155392000,92400000,212910000,305309000,None,None,None,8800000,None,None,None,46306000,-146600000,-25671000,None,0,None,-155392000,-109086000,-120929000
NVDA,2008-04-30,USD,514843000,1153388000,638545000,638545000,202979000,91263000,218830000,311864000,None,None,None,54000,None,None,None,41358000,213018000,36213000,None,0,None,202979000,244337000,176805000
NVDA,2008-01-31,USD,549597000,1202730000,653133000,653133000,262499000,91263000,195835000,287098000,None,None,None,54000,None,None,None,36936000,279902000,22909000,None,0,None,262499000,299435000,256993000
NVDA,2007-10-31,USD,515553000,1115597000,600044000,600044000,247841000,81280000,179529000,267712000,None,None,None,19000000,None,None,None,33030000,266799000,31138000,None,0,None,247841000,280871000,235661000
NVDA,2007-07-31,USD,423992000,935253000,511261000,511261000,184760000,81300000,157952000,239232000,None,None,None,16100000,None,None,None,31892000,200851000,28119000,None,0,None,184760000,216652000,172732000
NVDA,2007-04-30,USD,380138000,844280000,464142000,464142000,141246000,80600000,158321000,238892000,None,None,None,12500000,None,None,None,31334000,153789000,21530000,None,0,None,141246000,172580000,132259000
NVDA,2007-01-31,USD,385706000,878873000,493167000,493167000,138514000,84900000,162276000,247192000,None,None,None,4000,None,None,None,34292000,151559000,-11947000,None,0,None,138514000,172806000,163506000
NVDA,2006-10-31,USD,333942000,820572000,486630000,486630000,117613000,69100000,140732000,216329000,None,None,None,22000,None,None,None,25031000,128327000,21816000,None,0,None,117613000,142644000,106511000
NVDA,2006-07-31,USD,292100000,687500000,395400000,395400000,95800000,69100000,127300000,196300000,None,None,None,6000,None,None,None,24200000,104500000,17800000,None,0,None,95800000,120000000,86800000
NVDA,2006-04-30,USD,288757000,681807000,393050000,393050000,100685000,65668000,122404000,188072000,None,None,None,1000,None,None,None,24031000,109248000,18572000,None,0,None,100685000,124716000,90676000
NVDA,2006-01-31,USD,254940000,633614000,378674000,378674000,112342000,50800000,92435000,142598000,None,None,None,60000,None,None,None,23788000,116728000,18676000,None,0,None,112342000,136130000,98052000
NVDA,2005-10-31,USD,227995000,583415000,355420000,355420000,69572000,55400000,88829000,158423000,None,None,None,1000,None,None,None,24522000,75718000,11271000,None,0,None,69572000,94094000,64447000
MSFT,2025-09-30,USD,53630000000,77673000000,24043000000,24043000000,37961000000,1806000000,8146000000,15669000000,None,278000000,976000000,698000000,None,None,None,13061000000,34301000000,6554000000,None,27747000000,None,34999000000,48060000000,27747000000
MSFT,2025-06-30,USD,52427000000,76441000000,24014000000,24014000000,34323000000,1990000000,8829000000,18104000000,None,154000000,202000000,615000000,None,None,None,11203000000,32616000000,5383000000,None,27233000000,None,33231000000,44434000000,27233000000
MSFT,2025-03-31,USD,48147000000,70066000000,21919000000,21919000000,32000000000,1737000000,8198000000,16147000000,None,3000000,597000000,594000000,None,None,None,8740000000,31377000000,5553000000,None,25824000000,None,31971000000,40711000000,25824000000
MSFT,2024-12-31,USD,47833000000,69632000000,21799000000,21799000000,31653000000,1823000000,7917000000,16180000000,None,6000000,600000000,594000000,None,None,None,6827000000,29365000000,5257000000,None,24108000000,None,29959000000,36786000000,24108000000
MSFT,2024-09-30,USD,45486000000,65585000000,20099000000,20099000000,30552000000,1673000000,7544000000,14934000000,None,99000000,681000000,582000000,None,None,None,7383000000,30269000000,5602000000,None,24667000000,None,30851000000,38234000000,24667000000
MSFT,2024-06-30,USD,45043000000,64727000000,19684000000,19684000000,27925000000,2246000000,8056000000,17118000000,None,-63000000,638000000,701000000,None,None,None,6380000000,27250000000,5214000000,None,22036000000,None,27951000000,34331000000,22036000000
MSFT,2024-03-31,USD,43353000000,61858000000,18505000000,18505000000,27581000000,1912000000,7653000000,15772000000,None,-181000000,619000000,800000000,None,None,None,6027000000,26727000000,4788000000,None,21939000000,None,27527000000,33554000000,21939000000
MSFT,2023-12-31,USD,42397000000,62020000000,19623000000,19623000000,27032000000,1977000000,7142000000,15365000000,None,-175000000,734000000,909000000,None,None,None,5959000000,26526000000,4656000000,None,21870000000,None,27435000000,33394000000,21870000000
MSFT,2023-09-30,USD,40215000000,56517000000,16302000000,16302000000,26895000000,1474000000,6659000000,13320000000,None,641000000,1166000000,525000000,None,None,None,3921000000,27284000000,4993000000,None,22291000000,None,27809000000,31730000000,22291000000
MSFT,2023-06-30,USD,39394000000,56189000000,16795000000,16795000000,24254000000,2197000000,6739000000,15140000000,None,423000000,905000000,482000000,None,None,None,3874000000,24727000000,4646000000,None,20081000000,None,24254000000,28128000000,20081000000
MSFT,2023-03-31,USD,36729000000,52857000000,16128000000,16128000000,22352000000,1643000000,6984000000,14377000000,None,252000000,748000000,496000000,None,321000000,None,3549000000,22673000000,4374000000,None,18299000000,None,23169000000,26718000000,18299000000
MSFT,2022-12-31,USD,35259000000,52747000000,17488000000,17488000000,20399000000,2337000000,6844000000,14860000000,None,210000000,700000000,490000000,None,-60000000,None,3648000000,20339000000,3914000000,None,16425000000,None,20399000000,24047000000,16425000000
MSFT,2022-09-30,USD,34670000000,50122000000,15452000000,15452000000,21518000000,1398000000,6628000000,13152000000,None,141000000,641000000,500000000,None,54000000,None,3400000000,21572000000,4016000000,None,17556000000,None,21518000000,24918000000,17556000000
MSFT,2022-06-30,USD,35436000000,51865000000,16429000000,16429000000,20534000000,1749000000,6849000000,14902000000,None,56000000,552000000,496000000,None,-47000000,None,3979000000,20487000000,3747000000,None,16740000000,None,20983000000,24962000000,16740000000
MSFT,2022-03-31,USD,33745000000,49360000000,15615000000,15615000000,20364000000,1480000000,6306000000,13381000000,None,16000000,519000000,503000000,None,-174000000,None,3773000000,20190000000,3462000000,None,16728000000,None,20693000000,24466000000,16728000000
MSFT,2021-12-31,USD,34768000000,51728000000,16960000000,16960000000,22247000000,1384000000,5758000000,12521000000,None,-22000000,503000000,525000000,None,268000000,None,3496000000,22515000000,3750000000,None,18765000000,None,23040000000,26536000000,18765000000
MSFT,2021-09-30,USD,31671000000,45317000000,13646000000,13646000000,20238000000,1287000000,5599000000,11433000000,None,-19000000,520000000,539000000,None,286000000,None,3212000000,20524000000,19000000,None,20505000000,None,21063000000,24275000000,20505000000
MSFT,2021-06-30,USD,32161000000,46152000000,13991000000,13991000000,19095000000,1522000000,5687000000,13066000000,None,-56000000,497000000,553000000,None,310000000,None,3344000000,19405000000,2947000000,None,16458000000,None,19958000000,23302000000,16458000000
MSFT,2021-03-31,USD,28661000000,41706000000,13045000000,13045000000,17048000000,1327000000,5204000000,11613000000,None,-114000000,519000000,633000000,None,188000000,None,2936000000,17236000000,1779000000,None,15457000000,None,17869000000,20805000000,15457000000
MSFT,2020-12-31,USD,28882000000,43076000000,14194000000,14194000000,17897000000,1139000000,4899000000,10985000000,None,-26000000,545000000,571000000,None,440000000,None,2761000000,18337000000,2874000000,None,15463000000,None,18908000000,21669000000,15463000000
MSFT,2020-09-30,USD,26152000000,37154000000,11002000000,11002000000,15876000000,1119000000,4926000000,10276000000,None,-589000000,None,589000000,None,248000000,None,2645000000,16124000000,2231000000,None,13893000000,None,16713000000,19358000000,13893000000
MSFT,2020-06-30,USD,25694000000,38033000000,12339000000,12339000000,13407000000,1656000000,5214000000,12287000000,None,-686000000,None,686000000,None,15000000,None,3504000000,13422000000,2220000000,None,11202000000,None,14108000000,17612000000,11202000000
MSFT,2020-03-31,USD,24046000000,35021000000,10975000000,10975000000,12975000000,1273000000,4887000000,11071000000,None,-614000000,153000000,614000000,None,-132000000,None,3118000000,12843000000,2091000000,None,10752000000,None,13457000000,16575000000,10752000000
MSFT,2019-12-31,USD,24548000000,36906000000,12358000000,12358000000,13891000000,1121000000,4603000000,10657000000,None,-654000000,281000000,654000000,None,194000000,None,3203000000,14085000000,2436000000,None,11649000000,None,14739000000,17942000000,11649000000
MSFT,2019-09-30,USD,22649000000,33055000000,10406000000,10406000000,12686000000,1061000000,4565000000,9963000000,None,-637000000,139000000,637000000,None,None,None,2971000000,12686000000,2008000000,None,10678000000,None,13323000000,16294000000,10678000000
MSFT,2019-06-30,USD,23305000000,33717000000,10412000000,10412000000,12405000000,1425000000,4513000000,10900000000,None,-669000000,321000000,669000000,None,191000000,None,2924000000,12596000000,-591000000,None,13187000000,None,13265000000,16189000000,13187000000
MSFT,2019-03-31,USD,20401000000,30571000000,10170000000,10170000000,10341000000,1179000000,4316000000,10060000000,None,-671000000,None,671000000,None,145000000,None,2926000000,10486000000,1677000000,None,8809000000,None,11157000000,14083000000,8809000000
MSFT,2018-12-31,USD,20048000000,32471000000,12423000000,12423000000,10258000000,1132000000,4070000000,9790000000,None,None,None,672000000,None,127000000,None,2995000000,10385000000,1965000000,None,8420000000,None,11057000000,14052000000,8420000000
MSFT,2018-09-30,USD,19179000000,29084000000,9905000000,9905000000,9955000000,1149000000,3977000000,9224000000,None,None,None,674000000,None,266000000,None,2837000000,10221000000,1397000000,None,8824000000,None,10895000000,13732000000,8824000000
MSFT,2018-06-30,USD,20343000000,30085000000,9742000000,9742000000,10379000000,1271000000,3933000000,9964000000,None,None,None,672000000,None,301000000,None,2516000000,10680000000,1807000000,None,8873000000,None,11352000000,13868000000,8873000000
MSFT,2018-03-31,USD,17550000000,26819000000,9269000000,9269000000,8292000000,1208000000,3715000000,9258000000,None,None,None,691000000,None,349000000,None,2710000000,8641000000,1217000000,None,7424000000,None,9332000000,12042000000,7424000000
MSFT,2017-12-31,USD,17854000000,28918000000,11064000000,11064000000,8679000000,1109000000,3504000000,9175000000,None,None,None,698000000,None,490000000,None,2536000000,9169000000,15471000000,None,-6302000000,None,9867000000,12403000000,-6302000000
MSFT,2017-09-30,USD,16260000000,24538000000,8278000000,8278000000,7708000000,1166000000,3574000000,8552000000,None,None,None,672000000,None,276000000,None,2499000000,7984000000,1408000000,None,6576000000,None,8656000000,11155000000,6576000000
MSFT,2017-06-30,USD,14861000000,23317000000,8456000000,8456000000,5330000000,1355000000,3514000000,9225000000,None,None,None,655000000,None,215000000,None,2343000000,5545000000,-968000000,None,6513000000,None,6200000000,8543000000,6513000000
MSFT,2017-03-31,USD,15152000000,23212000000,8060000000,8060000000,6723000000,1202000000,3355000000,8429000000,None,None,None,609000000,None,322000000,None,2453000000,7094000000,1608000000,None,4801000000,None,7703000000,10156000000,5486000000
MSFT,2016-12-31,USD,15925000000,25826000000,9901000000,9901000000,7905000000,879000000,3062000000,8020000000,None,None,None,521000000,None,186000000,None,2166000000,8022000000,1755000000,None,5200000000,None,8543000000,10709000000,6267000000
MSFT,2016-09-30,USD,14084000000,21928000000,7844000000,7844000000,6715000000,1045000000,3106000000,7369000000,None,None,None,437000000,None,100000000,None,1816000000,6827000000,1160000000,None,4690000000,None,7264000000,9080000000,5667000000
MSFT,2016-06-30,USD,12635000000,20614000000,7979000000,7979000000,3080000000,1301000000,3146000000,8445000000,None,None,None,345000000,None,267000000,None,1910000000,3347000000,225000000,None,3424000000,None,3692000000,5602000000,3122000000
MSFT,2016-03-31,USD,12809000000,20531000000,7722000000,7722000000,5283000000,1140000000,2980000000,7526000000,None,None,None,340000000,None,-247000000,None,1707000000,5036000000,1280000000,None,3756000000,None,5376000000,7083000000,3756000000
MSFT,2015-12-31,USD,13924000000,23796000000,9872000000,9872000000,6026000000,1038000000,2900000000,7898000000,None,None,None,309000000,None,-171000000,None,1544000000,5855000000,837000000,None,4998000000,None,6164000000,7708000000,5018000000
MSFT,2015-09-30,USD,13172000000,20379000000,7207000000,7207000000,5793000000,1084000000,2962000000,7379000000,None,None,None,249000000,None,-280000000,None,1461000000,5513000000,611000000,None,4620000000,None,5762000000,7223000000,4902000000
MSFT,2015-06-30,USD,14712000000,22180000000,7468000000,7468000000,-2053000000,1272000000,3094000000,8327000000,None,None,None,247000000,None,297000000,None,1493000000,-1756000000,1439000000,None,-3195000000,None,-1509000000,-16000000,-3195000000
MSFT,2015-03-31,USD,14568000000,21729000000,7161000000,7161000000,6594000000,1091000000,2984000000,7784000000,None,None,None,211000000,None,-77000000,None,1515000000,6517000000,1532000000,None,4985000000,None,6728000000,8243000000,4985000000
MSFT,2014-12-31,USD,16334000000,26470000000,10136000000,10136000000,7776000000,1097000000,2903000000,8558000000,None,None,None,162000000,None,74000000,None,1521000000,7850000000,1987000000,None,5863000000,None,8012000000,9533000000,5863000000
MSFT,2014-09-30,USD,14928000000,23201000000,8273000000,8273000000,5844000000,1151000000,3065000000,7944000000,None,None,None,161000000,None,52000000,None,1428000000,5896000000,1356000000,None,4540000000,None,6057000000,7485000000,4540000000
MSFT,2014-06-30,USD,15787000000,23382000000,7595000000,7595000000,6482000000,1373000000,3123000000,9305000000,None,None,None,169000000,None,95000000,None,1742000000,6577000000,1965000000,None,4612000000,None,6746000000,8488000000,4612000000
MSFT,2014-03-31,USD,14425000000,20403000000,5978000000,5978000000,6974000000,1166000000,2743000000,7451000000,None,None,None,175000000,None,-17000000,None,1255000000,6957000000,1297000000,None,5660000000,None,7132000000,8387000000,5660000000
MSFT,2013-12-31,USD,16197000000,24519000000,8322000000,8322000000,7969000000,1197000000,2748000000,8228000000,None,None,None,135000000,None,-91000000,None,1261000000,7878000000,1320000000,None,6558000000,None,8013000000,9274000000,6558000000
MSFT,2013-09-30,USD,13384000000,18529000000,5145000000,5145000000,6334000000,979000000,2767000000,7050000000,None,None,None,118000000,None,74000000,None,954000000,6408000000,1164000000,None,5244000000,None,6526000000,7480000000,5244000000
MSFT,2013-06-30,USD,14294000000,19896000000,5602000000,5602000000,6073000000,1210000000,2783000000,8221000000,None,None,None,120000000,None,72000000,None,983000000,6145000000,1180000000,None,4965000000,None,6265000000,7248000000,4965000000
MSFT,2013-03-31,USD,15702000000,20489000000,4787000000,4787000000,7612000000,1656000000,2640000000,8090000000,None,None,None,109000000,None,-9000000,None,1053000000,7603000000,1548000000,None,6055000000,None,7712000000,8765000000,6055000000
MSFT,2012-12-31,USD,15764000000,21456000000,5692000000,5692000000,7771000000,1156000000,2528000000,7993000000,None,None,None,105000000,None,-1000000,None,1009000000,7770000000,1393000000,None,6377000000,None,7875000000,8884000000,6377000000
MSFT,2012-09-30,USD,11840000000,16008000000,4168000000,4168000000,5308000000,1127000000,2460000000,6532000000,None,None,None,95000000,None,226000000,None,710000000,5534000000,1068000000,None,4466000000,None,5629000000,6339000000,4466000000
MSFT,2012-06-30,USD,13896000000,18059000000,4163000000,4163000000,192000000,1136000000,2594000000,7511000000,None,None,None,96000000,None,167000000,None,797000000,359000000,851000000,None,-492000000,None,1076000000,1873000000,-492000000
MSFT,2012-03-31,USD,13455000000,17407000000,3952000000,3952000000,6374000000,1150000000,2517000000,7081000000,None,None,None,95000000,None,-11000000,None,766000000,6363000000,1255000000,None,5108000000,None,6458000000,7224000000,5108000000
MSFT,2011-12-31,USD,15247000000,20885000000,5638000000,5638000000,7994000000,1120000000,2371000000,7253000000,None,None,None,95000000,None,245000000,None,678000000,8239000000,1615000000,None,6624000000,None,8334000000,9012000000,6624000000
MSFT,2011-09-30,USD,13595000000,17372000000,3777000000,3777000000,7203000000,1163000000,2329000000,6392000000,None,None,None,94000000,None,103000000,None,726000000,7306000000,1568000000,None,5738000000,None,7400000000,8126000000,5738000000
MSFT,2011-06-30,USD,13659000000,17367000000,3708000000,3708000000,6171000000,1179000000,2393000000,7488000000,None,None,None,94000000,None,148000000,None,689000000,6319000000,445000000,None,5874000000,None,6413000000,7102000000,5874000000
MSFT,2011-03-31,USD,12531000000,16428000000,3897000000,3897000000,5709000000,1160000000,2269000000,6822000000,None,None,None,84000000,None,316000000,None,720000000,6025000000,793000000,None,5232000000,None,5709000000,6429000000,5232000000
MSFT,2010-12-31,USD,15120000000,19953000000,4833000000,4833000000,8165000000,945000000,2185000000,6955000000,None,None,None,72000000,None,332000000,None,663000000,8497000000,1863000000,None,6634000000,None,8569000000,9232000000,6634000000
MSFT,2010-09-30,USD,13056000000,16195000000,3139000000,3139000000,7116000000,938000000,2196000000,5940000000,None,None,None,45000000,None,114000000,None,694000000,7230000000,1820000000,None,5410000000,None,7275000000,7969000000,5410000000
MSFT,2010-06-30,USD,12869000000,16039000000,3170000000,3170000000,5930000000,928000000,2350000000,6880000000,None,None,None,641000000,None,94000000,None,718000000,6024000000,1506000000,None,4518000000,None,6996000000,7714000000,4518000000
MSFT,2010-03-31,USD,11748000000,14503000000,2755000000,2755000000,5173000000,1152000000,2220000000,6575000000,None,None,None,38000000,None,168000000,None,694000000,5341000000,1335000000,None,4006000000,None,5379000000,6073000000,4006000000
MSFT,2009-12-31,USD,15394000000,19022000000,3628000000,3628000000,8513000000,1183000000,2079000000,6881000000,None,None,None,38000000,None,370000000,None,615000000,8883000000,2221000000,None,6662000000,None,8921000000,9536000000,6662000000
MSFT,2009-09-30,USD,10078000000,12920000000,2842000000,2842000000,4482000000,741000000,2065000000,5596000000,None,None,None,38000000,None,283000000,None,646000000,4765000000,1191000000,None,3574000000,None,4803000000,5449000000,3574000000
MSFT,2009-06-30,USD,10513000000,13099000000,2586000000,2586000000,3987000000,1399000000,2225000000,6526000000,None,None,None,38000000,None,None,None,681000000,4142000000,1097000000,None,0,None,3987000000,4668000000,3045000000
MSFT,2009-03-31,USD,10834000000,13648000000,2814000000,2814000000,4438000000,1203000000,2212000000,6396000000,None,None,None,0,None,None,None,664000000,4050000000,1073000000,None,0,None,4438000000,5102000000,2977000000
MSFT,2008-12-31,USD,12722000000,16629000000,3907000000,3907000000,5939000000,831000000,2290000000,6783000000,None,None,None,0,None,None,None,632000000,5638000000,1464000000,None,0,None,5939000000,6571000000,4174000000
MSFT,2008-09-30,USD,12213000000,15061000000,2848000000,2848000000,5999000000,887000000,2283000000,6214000000,None,None,None,0,None,None,None,585000000,5991000000,1618000000,None,0,None,5999000000,6584000000,4373000000
MSFT,2008-06-30,USD,12971000000,15837000000,2866000000,2866000000,5684000000,781000000,2407000000,7287000000,None,None,None,106000000,None,None,None,608000000,5968000000,1671000000,None,0,None,5684000000,6292000000,4297000000
MSFT,2008-03-31,USD,11940000000,14454000000,2514000000,2514000000,4409000000,2341000000,2035000000,7531000000,None,None,None,0,None,None,None,532000000,4810000000,422000000,None,0,None,4409000000,4941000000,4388000000
MSFT,2007-12-31,USD,12824000000,16367000000,3543000000,3543000000,6481000000,1066000000,1885000000,6343000000,None,None,None,0,None,None,None,481000000,6820000000,2113000000,None,0,None,6481000000,6962000000,4707000000
MSFT,2007-09-30,USD,11087000000,13762000000,2675000000,2675000000,5918000000,718000000,1837000000,5169000000,None,None,None,0,None,None,None,435000000,6216000000,1927000000,None,0,None,5918000000,6353000000,4289000000
MSFT,2007-06-30,USD,10134000000,13371000000,3237000000,3237000000,3989000000,782000000,1948000000,6145000000,None,None,None,0,None,None,None,381000000,4284000000,1249000000,None,0,None,3989000000,4370000000,3035000000
MSFT,2007-03-31,USD,12258000000,14398000000,2140000000,2140000000,6589000000,983000000,1750000000,5669000000,None,None,None,0,None,None,None,445000000,6971000000,2045000000,None,0,None,6589000000,7034000000,4926000000
MSFT,2006-12-31,USD,8922000000,12542000000,3620000000,3620000000,3472000000,814000000,1637000000,5450000000,None,None,None,0,None,None,None,365000000,3805000000,1179000000,None,0,None,3472000000,3837000000,2626000000
MSFT,2006-09-30,USD,9115000000,10811000000,1696000000,1696000000,4474000000,664000000,1786000000,4641000000,None,None,None,0,None,None,None,249000000,5041000000,1563000000,None,0,None,4474000000,4723000000,3478000000
MSFT,2006-06-30,USD,9674000000,11804000000,2130000000,2130000000,3881000000,1110000000,1861000000,5793000000,None,None,None,0,None,None,None,261000000,4258000000,1430000000,None,0,None,3881000000,4142000000,2828000000
MSFT,2006-03-31,USD,8872000000,10900000000,2028000000,2028000000,3888000000,1005000000,1617000000,4984000000,None,None,None,0,None,None,None,177000000,4315000000,1338000000,None,0,None,3888000000,4065000000,2977000000
MSFT,2005-12-31,USD,9598000000,11837000000,2239000000,2239000000,4657000000,661000000,1591000000,4941000000,None,None,None,0,None,None,None,231000000,5137000000,1484000000,None,0,None,4657000000,4888000000,3653000000
MSFT,2005-09-30,USD,8488000000,9741000000,1253000000,1253000000,4046000000,982000000,1515000000,4442000000,None,None,None,0,None,None,None,234000000,4552000000,1411000000,None,0,None,4046000000,4280000000,3141000000
AAPL,2025-09-30,USD,48341000000,1.02466E+11,54125000000,54125000000,32427000000,7048000000,8866000000,15914000000,None,None,None,None,None,None,None,3127000000,32804000000,5338000000,None,27466000000,None,32804000000,35931000000,27466000000
AAPL,2025-06-30,USD,43718000000,94036000000,50318000000,50318000000,28202000000,6650000000,8866000000,15516000000,None,None,None,1000000,None,None,None,2830000000,28031000000,4597000000,None,23434000000,None,28202000000,31032000000,23434000000
AAPL,2025-03-31,USD,44867000000,95359000000,50492000000,50492000000,29589000000,6728000000,8550000000,15278000000,None,None,None,None,None,None,None,2661000000,29310000000,4530000000,None,24780000000,None,29589000000,32250000000,24780000000
AAPL,2024-12-31,USD,58275000000,1.243E+11,66025000000,66025000000,42832000000,7175000000,8268000000,15443000000,None,None,None,None,None,None,None,3080000000,42584000000,6254000000,None,36330000000,None,42832000000,45912000000,36330000000
AAPL,2024-09-30,USD,43879000000,94930000000,51051000000,51051000000,29591000000,6523000000,7765000000,14288000000,None,None,None,None,None,None,None,2911000000,29610000000,14874000000,None,14736000000,None,29591000000,32502000000,14736000000
AAPL,2024-06-30,USD,39678000000,85777000000,46099000000,46099000000,25352000000,6320000000,8006000000,14326000000,None,None,None,None,None,None,None,2850000000,25494000000,4046000000,None,21448000000,None,25352000000,28202000000,21448000000
AAPL,2024-03-31,USD,42271000000,90753000000,48482000000,48482000000,27900000000,6468000000,7903000000,14213000000,None,None,None,None,None,None,None,2836000000,28058000000,4422000000,None,23636000000,None,27900000000,30736000000,23636000000
AAPL,2023-12-31,USD,54855000000,1.19575E+11,64720000000,64720000000,40373000000,6786000000,7696000000,14532000000,None,None,None,1002000000,None,None,None,2848000000,40323000000,6407000000,None,33916000000,None,40373000000,43221000000,33916000000
AAPL,2023-09-30,USD,40427000000,89498000000,49071000000,49071000000,26969000000,6151000000,7307000000,13411000000,None,-18000000,984000000,1002000000,None,565000000,None,2653000000,26998000000,4042000000,None,22956000000,None,26969000000,29622000000,22956000000
AAPL,2023-06-30,USD,36413000000,81797000000,45384000000,45384000000,22998000000,5973000000,7442000000,13415000000,None,-18000000,980000000,998000000,None,-265000000,None,3052000000,22733000000,2852000000,None,19881000000,None,22998000000,26050000000,19881000000
AAPL,2023-03-31,USD,41976000000,94836000000,52860000000,52860000000,28318000000,6201000000,7457000000,13594000000,None,-12000000,918000000,930000000,None,64000000,None,2898000000,28382000000,4222000000,None,24160000000,None,28318000000,31216000000,24160000000
AAPL,2022-12-31,USD,50332000000,1.17154E+11,66822000000,66822000000,36016000000,6607000000,7709000000,14709000000,None,-135000000,868000000,1003000000,None,-393000000,None,2916000000,35623000000,5625000000,None,29998000000,None,36016000000,38932000000,29998000000
AAPL,2022-09-30,USD,38095000000,90146000000,52051000000,52051000000,24894000000,6440000000,6761000000,13201000000,None,-74000000,753000000,827000000,None,237000000,None,2865000000,24657000000,3936000000,None,20721000000,None,25484000000,28349000000,20721000000
AAPL,2022-06-30,USD,35885000000,82959000000,47074000000,47074000000,23076000000,6012000000,6797000000,12809000000,None,3000000,722000000,719000000,None,10000000,None,2805000000,23066000000,3624000000,None,19442000000,None,23785000000,26590000000,19442000000
AAPL,2022-03-31,USD,42559000000,97278000000,54719000000,54719000000,29979000000,6193000000,6387000000,12580000000,None,9000000,700000000,691000000,None,160000000,None,2737000000,30139000000,5129000000,None,25010000000,None,30830000000,33567000000,25010000000
AAPL,2021-12-31,USD,54243000000,1.23945E+11,69702000000,69702000000,41488000000,6449000000,6306000000,12755000000,None,-44000000,650000000,694000000,None,247000000,None,2697000000,41241000000,6611000000,None,34630000000,None,41935000000,44632000000,34630000000
AAPL,2021-09-30,USD,35174000000,83360000000,48186000000,48186000000,23786000000,5616000000,5772000000,11388000000,None,-13000000,659000000,672000000,None,538000000,None,2989000000,23248000000,2697000000,None,20551000000,None,23920000000,26909000000,20551000000
AAPL,2021-06-30,USD,35255000000,81434000000,46179000000,46179000000,24126000000,5412000000,5717000000,11129000000,None,54000000,719000000,665000000,None,243000000,None,2832000000,24369000000,2625000000,None,21744000000,None,25034000000,27866000000,21744000000
AAPL,2021-03-31,USD,38079000000,89584000000,51505000000,51505000000,27503000000,5314000000,5262000000,10576000000,None,48000000,718000000,670000000,None,508000000,None,2797000000,28011000000,4381000000,None,23630000000,None,28681000000,31478000000,23630000000
AAPL,2020-12-31,USD,44328000000,1.11439E+11,67111000000,67111000000,33534000000,5631000000,5163000000,10794000000,None,109000000,747000000,638000000,None,45000000,None,2666000000,33579000000,4824000000,None,28755000000,None,34217000000,36883000000,28755000000
AAPL,2020-09-30,USD,24689000000,64698000000,40009000000,40009000000,14775000000,4936000000,4978000000,9914000000,None,134000000,134000000,634000000,None,126000000,None,2702000000,14901000000,2228000000,None,12673000000,None,15535000000,18237000000,12673000000
AAPL,2020-06-30,USD,22680000000,59685000000,37005000000,37005000000,13091000000,4831000000,4758000000,9589000000,None,204000000,901000000,697000000,None,46000000,None,2752000000,13137000000,1884000000,None,11253000000,None,13834000000,16586000000,11253000000
AAPL,2020-03-31,USD,22370000000,58313000000,35943000000,35943000000,12853000000,4952000000,4565000000,9517000000,None,292000000,1049000000,757000000,None,282000000,None,2786000000,13135000000,1886000000,None,11249000000,None,13892000000,16678000000,11249000000
AAPL,2019-12-31,USD,35217000000,91819000000,56602000000,56602000000,25569000000,5197000000,4451000000,9648000000,None,260000000,1045000000,785000000,None,349000000,None,2816000000,25918000000,3682000000,None,22236000000,None,26703000000,29519000000,22236000000
AAPL,2019-09-30,USD,24313000000,64040000000,39727000000,39727000000,15625000000,4578000000,4110000000,8688000000,None,296000000,1106000000,810000000,None,502000000,None,3179000000,16127000000,2441000000,None,13686000000,None,16937000000,20116000000,13686000000
AAPL,2019-06-30,USD,20227000000,53809000000,33582000000,33582000000,11544000000,4426000000,4257000000,8683000000,None,324000000,1190000000,866000000,None,367000000,None,2933000000,11911000000,1867000000,None,10044000000,None,12777000000,15710000000,10044000000
AAPL,2019-03-31,USD,21821000000,58015000000,36194000000,36194000000,13415000000,4458000000,3948000000,8406000000,None,348000000,1358000000,1010000000,None,378000000,None,3040000000,13793000000,2232000000,None,11561000000,None,14803000000,17843000000,11561000000
AAPL,2018-12-31,USD,32031000000,84310000000,52279000000,52279000000,23346000000,4783000000,3902000000,8685000000,None,None,None,890000000,None,560000000,None,3395000000,23906000000,3941000000,None,19965000000,None,24796000000,28191000000,19965000000
AAPL,2018-09-30,USD,24313000000,64040000000,39727000000,39727000000,15625000000,4216000000,4110000000,8688000000,None,None,None,810000000,None,303000000,None,3179000000,16127000000,2441000000,None,14125000000,None,16937000000,20116000000,13686000000
AAPL,2018-06-30,USD,20421000000,53265000000,32844000000,32844000000,12612000000,4108000000,3701000000,7809000000,None,None,None,846000000,None,672000000,None,2665000000,13284000000,1765000000,None,11519000000,None,14130000000,16795000000,11519000000
AAPL,2018-03-31,USD,23422000000,61137000000,37715000000,37715000000,15894000000,4150000000,3378000000,7528000000,None,None,None,792000000,None,274000000,None,2739000000,16168000000,2346000000,None,13822000000,None,16960000000,19699000000,13822000000
AAPL,2017-12-31,USD,33912000000,88293000000,54381000000,54381000000,26274000000,4231000000,3407000000,7638000000,None,None,None,734000000,None,756000000,None,2745000000,27030000000,6965000000,None,20065000000,None,27764000000,30509000000,20065000000
AAPL,2017-09-30,USD,19931000000,52579000000,32648000000,32648000000,13120000000,3814000000,2997000000,6811000000,None,None,None,666000000,None,797000000,None,2484000000,13917000000,3203000000,None,10714000000,None,14583000000,17067000000,10714000000
AAPL,2017-06-30,USD,17488000000,45408000000,27920000000,27920000000,10768000000,3783000000,2937000000,6720000000,None,None,None,602000000,None,540000000,None,2354000000,11308000000,2591000000,None,8717000000,None,11910000000,14264000000,8717000000
AAPL,2017-03-31,USD,20591000000,52896000000,32305000000,32305000000,14097000000,3718000000,2776000000,6494000000,None,None,None,530000000,None,587000000,None,2332000000,14684000000,3655000000,None,11029000000,None,15214000000,17546000000,11029000000
AAPL,2016-12-31,USD,30176000000,78351000000,48175000000,48175000000,23359000000,3946000000,2871000000,6817000000,None,None,None,525000000,None,821000000,None,2987000000,24180000000,6289000000,None,17891000000,None,24705000000,27692000000,17891000000
AAPL,2016-09-30,USD,17813000000,46852000000,29039000000,29039000000,11761000000,3482000000,2570000000,6052000000,None,None,None,450000000,None,427000000,None,2548000000,12188000000,3174000000,None,9014000000,None,12638000000,15186000000,9014000000
AAPL,2016-06-30,USD,16106000000,42358000000,26252000000,26252000000,10105000000,3441000000,2560000000,6001000000,None,None,None,409000000,None,364000000,None,2526000000,10469000000,2673000000,None,7796000000,None,10878000000,13404000000,7796000000
AAPL,2016-03-31,USD,19921000000,50557000000,30636000000,30636000000,13987000000,3423000000,2511000000,5934000000,None,None,None,321000000,None,155000000,None,2477000000,14142000000,3626000000,None,10516000000,None,14463000000,16940000000,10516000000
AAPL,2015-12-31,USD,30423000000,75872000000,45449000000,45449000000,24171000000,3848000000,2404000000,6252000000,None,None,None,276000000,None,402000000,None,2954000000,24573000000,6212000000,None,18361000000,None,24849000000,27803000000,18361000000
AAPL,2015-09-30,USD,20548000000,51501000000,30953000000,30953000000,14623000000,3705000000,2220000000,5925000000,None,None,None,238000000,None,439000000,None,3119000000,15062000000,3938000000,None,11124000000,None,15300000000,18419000000,11124000000
AAPL,2015-06-30,USD,19681000000,49605000000,29924000000,29924000000,14083000000,3564000000,2034000000,5598000000,None,None,None,201000000,None,390000000,None,3084000000,14473000000,3796000000,None,10677000000,None,14674000000,17758000000,10677000000
AAPL,2015-03-31,USD,23656000000,58010000000,34354000000,34354000000,18278000000,3460000000,1918000000,5378000000,None,None,None,163000000,None,286000000,None,2479000000,18564000000,4995000000,None,13569000000,None,18727000000,21206000000,13569000000
AAPL,2014-12-31,USD,29741000000,74599000000,44858000000,44858000000,24246000000,3600000000,1895000000,5495000000,None,None,None,131000000,None,170000000,None,2575000000,24416000000,6392000000,None,18024000000,None,24547000000,27122000000,18024000000
AAPL,2014-09-30,USD,16009000000,42123000000,26114000000,26114000000,11165000000,1958000000,1686000000,4844000000,None,None,None,115000000,None,307000000,None,1969000000,11472000000,3005000000,None,8467000000,None,11587000000,13556000000,8467000000
AAPL,2014-06-30,USD,14735000000,37432000000,22697000000,22697000000,10282000000,2850000000,1603000000,4453000000,None,None,None,100000000,None,202000000,None,1946000000,10484000000,2736000000,None,7748000000,None,10584000000,12530000000,7748000000
AAPL,2014-03-31,USD,17947000000,45646000000,27699000000,27699000000,13593000000,2932000000,1422000000,4354000000,None,None,None,85000000,None,225000000,None,1887000000,13818000000,3595000000,None,10223000000,None,13903000000,15790000000,10223000000
AAPL,2013-12-31,USD,21846000000,57594000000,35748000000,35748000000,17463000000,3053000000,1330000000,4383000000,None,None,None,84000000,None,246000000,None,2144000000,17709000000,4637000000,None,13072000000,None,17793000000,19937000000,13072000000
AAPL,2013-09-30,USD,13871000000,37472000000,23601000000,23601000000,10030000000,9730000000,1168000000,3841000000,None,None,None,83000000,None,113000000,None,1783000000,10143000000,2631000000,None,7512000000,None,10226000000,12009000000,7512000000
AAPL,2013-06-30,USD,13024000000,35323000000,22299000000,22299000000,9201000000,2645000000,1178000000,3823000000,None,None,None,53000000,None,234000000,None,1694000000,9435000000,2535000000,None,6900000000,None,9488000000,11182000000,6900000000
AAPL,2013-03-31,USD,16349000000,43603000000,27254000000,27254000000,12558000000,2672000000,1119000000,3791000000,None,None,None,347000000,None,347000000,None,1692000000,12905000000,3358000000,None,9547000000,None,12905000000,14597000000,9547000000
AAPL,2012-12-31,USD,21060000000,54512000000,33452000000,33452000000,17210000000,2840000000,1010000000,3850000000,None,None,None,462000000,None,462000000,None,1588000000,17672000000,4594000000,None,13078000000,None,17672000000,19260000000,13078000000
AAPL,2012-09-30,USD,13871000000,37472000000,23601000000,23601000000,10030000000,1573000000,1168000000,3841000000,None,None,None,83000000,None,-51000000,None,1783000000,10143000000,2631000000,None,8223000000,None,10226000000,12009000000,7512000000
AAPL,2012-06-30,USD,14994000000,35023000000,20029000000,20029000000,11573000000,2545000000,876000000,3421000000,None,None,None,288000000,None,288000000,None,835000000,11861000000,3037000000,None,8824000000,None,11861000000,12696000000,8824000000
AAPL,2012-03-31,USD,18564000000,39186000000,20622000000,20622000000,15384000000,2339000000,841000000,3180000000,None,None,None,148000000,None,148000000,None,740000000,15532000000,3910000000,None,11622000000,None,15384000000,16124000000,11622000000
AAPL,2011-12-31,USD,20703000000,46333000000,25630000000,25630000000,17340000000,2605000000,758000000,3363000000,None,None,None,137000000,None,137000000,None,721000000,17477000000,4413000000,None,13064000000,None,17340000000,18061000000,13064000000
AAPL,2011-09-30,USD,11380000000,28270000000,16890000000,16890000000,8710000000,2025000000,645000000,2670000000,None,None,None,81000000,None,81000000,None,543000000,8791000000,2168000000,None,6623000000,None,8710000000,9253000000,6623000000
AAPL,2011-06-30,USD,11922000000,28571000000,16649000000,16649000000,9379000000,1915000000,628000000,2543000000,None,None,None,172000000,None,172000000,None,481000000,9551000000,2243000000,None,7308000000,None,9379000000,9860000000,7308000000
AAPL,2011-03-31,USD,10218000000,24667000000,14449000000,14449000000,7874000000,1763000000,581000000,2344000000,None,None,None,26000000,None,26000000,None,434000000,7900000000,1913000000,None,5987000000,None,7874000000,8308000000,5987000000
AAPL,2010-12-31,USD,10298000000,26741000000,16443000000,16443000000,7827000000,1896000000,575000000,2471000000,None,None,None,136000000,None,136000000,None,356000000,7963000000,1959000000,None,6004000000,None,7827000000,8183000000,6004000000
AAPL,2010-09-30,USD,7512000000,20343000000,12831000000,12831000000,5447000000,1571000000,494000000,2065000000,None,None,None,14000000,None,14000000,None,329000000,5461000000,1153000000,None,4308000000,None,5447000000,5776000000,4308000000
AAPL,2010-06-30,USD,6136000000,15700000000,9564000000,9564000000,4234000000,1438000000,464000000,1902000000,None,None,None,58000000,None,58000000,None,273000000,4292000000,1039000000,None,3253000000,None,4234000000,4507000000,3253000000
AAPL,2010-03-31,USD,5625000000,13499000000,7874000000,7874000000,3979000000,1220000000,426000000,1646000000,None,None,None,266000000,None,50000000,None,216000000,4029000000,955000000,None,3074000000,None,3979000000,4195000000,3074000000
AAPL,2009-12-31,USD,6411000000,15683000000,9272000000,9272000000,4725000000,1288000000,398000000,1686000000,None,None,None,33000000,None,33000000,None,209000000,4758000000,1380000000,None,3378000000,None,4725000000,4934000000,3378000000
AAPL,2009-09-30,USD,3614000000,9870000000,6256000000,6256000000,2193000000,1063000000,358000000,1421000000,None,None,None,45000000,None,None,None,197000000,2238000000,573000000,None,0,None,2193000000,2390000000,1665000000
AAPL,2009-06-30,USD,3983000000,9734000000,5751000000,5751000000,2632000000,1010000000,341000000,1351000000,None,None,None,236000000,None,60000000,None,182000000,2692000000,864000000,None,1229000000,None,2632000000,2814000000,1828000000
AAPL,2009-03-31,USD,3627000000,9084000000,5457000000,5457000000,2323000000,985000000,319000000,1304000000,None,None,None,63000000,None,None,None,181000000,2386000000,766000000,None,0,None,2323000000,2504000000,1620000000
AAPL,2008-12-31,USD,4507000000,11880000000,7373000000,7373000000,3101000000,1091000000,315000000,1406000000,None,None,None,158000000,None,None,None,168000000,3259000000,1004000000,None,0,None,3101000000,3269000000,2255000000
AAPL,2008-09-30,USD,2739000000,7895000000,5156000000,5156000000,1442000000,999000000,298000000,1297000000,None,None,None,140000000,None,None,None,134000000,1582000000,446000000,None,0,None,1442000000,1576000000,1136000000
AAPL,2008-06-30,USD,2600000000,7464000000,4864000000,4864000000,1392000000,916000000,292000000,1208000000,None,None,None,118000000,None,None,None,117000000,1510000000,438000000,None,0,None,1392000000,1509000000,1072000000
AAPL,2008-03-31,USD,2474000000,7512000000,5038000000,5038000000,1315000000,886000000,273000000,1159000000,None,None,None,162000000,None,None,None,116000000,1477000000,432000000,None,0,None,1315000000,1431000000,1045000000
AAPL,2007-12-31,USD,3332000000,9608000000,6276000000,6276000000,2126000000,960000000,246000000,1206000000,None,None,None,200000000,None,None,None,106000000,2326000000,745000000,None,0,None,2126000000,2232000000,1581000000
AAPL,2007-09-30,USD,2090000000,6217000000,4127000000,4127000000,1060000000,823000000,207000000,1030000000,None,None,None,170000000,None,None,None,93000000,1230000000,326000000,None,0,None,1060000000,1153000000,904000000
AAPL,2007-06-30,USD,1995000000,5410000000,3415000000,3415000000,1041000000,746000000,208000000,954000000,None,None,None,155000000,None,None,None,81000000,1196000000,378000000,None,0,None,1041000000,1122000000,818000000
AAPL,2007-03-31,USD,1849000000,5264000000,3415000000,3415000000,986000000,680000000,183000000,863000000,None,None,None,148000000,None,None,None,69000000,1134000000,364000000,None,0,None,986000000,1055000000,770000000
AAPL,2006-12-31,USD,2220000000,7115000000,4895000000,4895000000,1322000000,714000000,184000000,898000000,None,None,None,126000000,None,None,None,74000000,1448000000,444000000,None,0,None,1322000000,1396000000,1004000000
AAPL,2006-09-30,USD,1412000000,4370000000,3425000000,3425000000,608000000,584000000,179000000,804000000,None,None,None,252000000,None,None,None,66000000,721000000,179000000,None,0,None,661000000,718000000,542000000
AAPL,2006-06-30,USD,1325000000,4370000000,3045000000,3045000000,566000000,584000000,175000000,759000000,None,None,None,0,None,None,None,57000000,661000000,189000000,None,0,None,566000000,623000000,472000000
AAPL,2006-03-31,USD,1297000000,4359000000,3062000000,3062000000,529000000,592000000,176000000,768000000,None,None,None,76000000,None,None,None,50000000,605000000,195000000,None,0,None,529000000,579000000,410000000
AAPL,2005-12-31,USD,1564000000,5749000000,4185000000,4185000000,750000000,632000000,182000000,814000000,None,None,None,81000000,None,None,None,52000000,831000000,266000000,None,0,None,750000000,802000000,565000000
AAPL,2005-09-30,USD,1035000000,3678000000,2643000000,2643000000,418000000,470000000,147000000,617000000,None,None,None,60000000,None,None,None,51000000,478000000,48000000,None,0,None,418000000,469000000,430000000
GOOG,2025-09-30,USD,60977000000,1.02346E+11,41369000000,41369000000,31228000000,7393000000,15151000000,29749000000,None,933000000,1076000000,143000000,None,None,None,5611000000,43987000000,9008000000,None,34979000000,None,44130000000,49741000000,34979000000
GOOG,2025-06-30,USD,57389000000,96428000000,39039000000,39039000000,31271000000,5209000000,13808000000,26118000000,None,789000000,1050000000,261000000,None,None,None,4998000000,33933000000,5737000000,None,28196000000,None,34194000000,39192000000,28196000000
GOOG,2025-03-31,USD,53873000000,90234000000,36361000000,36361000000,30606000000,3539000000,13556000000,23267000000,None,967000000,1001000000,34000000,None,None,None,4487000000,41789000000,7249000000,None,34540000000,None,41823000000,46310000000,34540000000
GOOG,2024-12-31,USD,55856000000,96469000000,40613000000,40613000000,30972000000,4405000000,13116000000,24884000000,None,1035000000,1088000000,53000000,None,None,None,4205000000,32243000000,5707000000,None,26536000000,None,32296000000,36501000000,26536000000
GOOG,2024-09-30,USD,51794000000,88268000000,36474000000,36474000000,28521000000,3599000000,12447000000,23273000000,None,1189000000,1243000000,54000000,None,None,None,3985000000,31706000000,5405000000,None,26301000000,None,31760000000,35745000000,26301000000
GOOG,2024-06-30,USD,49235000000,84742000000,35507000000,35507000000,27425000000,3158000000,11860000000,21810000000,None,1023000000,1090000000,67000000,None,None,None,3708000000,27551000000,3932000000,None,23619000000,None,27618000000,31326000000,23619000000
GOOG,2024-03-31,USD,47063000000,80539000000,33712000000,33712000000,25472000000,3026000000,11315000000,21355000000,None,967000000,1061000000,94000000,None,None,None,3413000000,28315000000,4653000000,None,23662000000,None,25472000000,28885000000,23662000000
GOOG,2023-12-31,USD,48735000000,86310000000,37575000000,37575000000,23697000000,5206000000,12113000000,25038000000,None,1041000000,1110000000,69000000,None,None,None,1563000000,24412000000,3725000000,None,20687000000,None,23697000000,25260000000,20687000000
GOOG,2023-09-30,USD,43464000000,76693000000,33229000000,33229000000,21343000000,3979000000,11258000000,22121000000,None,950000000,1066000000,116000000,None,None,None,3800000000,21197000000,1508000000,None,19689000000,None,21343000000,25143000000,19689000000
GOOG,2023-06-30,USD,42688000000,74604000000,31916000000,31916000000,21838000000,3481000000,10588000000,20850000000,None,849000000,892000000,43000000,None,65000000,None,2824000000,21903000000,3535000000,None,18368000000,None,21946000000,24770000000,18368000000
GOOG,2023-03-31,USD,39175000000,69787000000,30612000000,30612000000,17415000000,3759000000,11468000000,21760000000,None,717000000,797000000,80000000,None,790000000,None,2635000000,18205000000,3154000000,None,15051000000,None,18285000000,20920000000,15051000000
GOOG,2022-12-31,USD,40706000000,76048000000,35342000000,35342000000,18160000000,5096000000,10267000000,22546000000,None,569000000,659000000,90000000,None,-1013000000,None,4201000000,17147000000,3523000000,None,13624000000,None,17237000000,21438000000,13624000000
GOOG,2022-09-30,USD,37934000000,69092000000,31158000000,31158000000,17135000000,3597000000,10273000000,20799000000,None,514000000,615000000,101000000,None,-902000000,None,4046000000,16233000000,2323000000,None,13910000000,None,16334000000,20380000000,13910000000
GOOG,2022-06-30,USD,39581000000,69685000000,30104000000,30104000000,19453000000,3657000000,9841000000,20128000000,None,403000000,486000000,83000000,None,-439000000,None,3899000000,19014000000,3012000000,None,16002000000,None,19097000000,22996000000,16002000000
GOOG,2022-03-31,USD,38412000000,68011000000,29599000000,29599000000,20094000000,3374000000,9119000000,18318000000,None,331000000,414000000,83000000,None,-1160000000,None,3782000000,18934000000,2498000000,None,16436000000,None,19017000000,22799000000,16436000000
GOOG,2021-12-31,USD,42337000000,75325000000,32988000000,32988000000,21885000000,4140000000,8708000000,20452000000,None,261000000,378000000,117000000,None,2517000000,None,3439000000,24402000000,3760000000,None,20642000000,None,24519000000,27958000000,20642000000
GOOG,2021-09-30,USD,37497000000,65118000000,27621000000,27621000000,21031000000,3256000000,7694000000,16466000000,None,310000000,387000000,77000000,None,2033000000,None,3304000000,23064000000,4128000000,None,18936000000,None,23141000000,26445000000,18936000000
GOOG,2021-06-30,USD,35653000000,61880000000,26227000000,26227000000,19361000000,3341000000,7675000000,16292000000,None,313000000,389000000,76000000,None,2624000000,None,2945000000,21985000000,3460000000,None,18525000000,None,22061000000,25006000000,18525000000
GOOG,2021-03-31,USD,31211000000,55314000000,24103000000,24103000000,16437000000,2773000000,7485000000,14774000000,None,269000000,345000000,76000000,None,4846000000,None,2753000000,21283000000,3353000000,None,17930000000,None,21359000000,24112000000,17930000000
GOOG,2020-12-31,USD,30818000000,56898000000,26080000000,26080000000,15651000000,2831000000,7022000000,15167000000,None,333000000,386000000,53000000,None,3038000000,None,3725000000,18689000000,3462000000,None,15227000000,None,18742000000,22467000000,15227000000
GOOG,2020-09-30,USD,25056000000,46173000000,21117000000,21117000000,11213000000,2756000000,6856000000,13843000000,None,412000000,460000000,48000000,None,2146000000,None,3478000000,13359000000,2112000000,None,11247000000,None,13407000000,16885000000,11247000000
GOOG,2020-06-30,USD,19744000000,38297000000,18553000000,18553000000,6383000000,2585000000,6875000000,13361000000,None,420000000,433000000,13000000,None,1894000000,None,3386000000,8277000000,1318000000,None,6959000000,None,8290000000,11676000000,6959000000
GOOG,2020-03-31,USD,22177000000,41159000000,18982000000,18982000000,7977000000,2880000000,6820000000,14200000000,None,565000000,586000000,21000000,None,-220000000,None,3108000000,7757000000,921000000,None,6836000000,None,7778000000,10886000000,6836000000
GOOG,2019-12-31,USD,25055000000,46075000000,21020000000,21020000000,9266000000,2829000000,7222000000,15789000000,None,604000000,621000000,17000000,None,1438000000,None,3413000000,10704000000,33000000,None,10671000000,None,10721000000,14134000000,10671000000
GOOG,2019-09-30,USD,22931000000,40499000000,17568000000,17568000000,9177000000,2591000000,6554000000,13754000000,None,608000000,631000000,23000000,None,-549000000,None,2920000000,8628000000,1560000000,None,7068000000,None,8651000000,11571000000,7068000000
GOOG,2019-06-30,USD,21648000000,38944000000,17296000000,17296000000,9180000000,2043000000,6213000000,12468000000,None,628000000,653000000,25000000,None,2967000000,None,2835000000,12147000000,2200000000,None,9947000000,None,12172000000,15007000000,9947000000
GOOG,2019-03-31,USD,20327000000,36339000000,16012000000,16012000000,6608000000,2088000000,6029000000,13719000000,None,487000000,1417000000,35000000,None,1538000000,None,2613000000,8146000000,1489000000,None,6657000000,None,8181000000,10794000000,6657000000
GOOG,2018-12-31,USD,21358000000,39276000000,17918000000,17918000000,8203000000,2021000000,6034000000,13155000000,None,None,None,29000000,None,1869000000,None,2580000000,10072000000,1124000000,None,8948000000,None,10101000000,12681000000,8948000000
GOOG,2018-09-30,USD,19459000000,33740000000,14281000000,14281000000,8625000000,1753000000,5232000000,10834000000,None,None,None,28000000,None,1773000000,None,2355000000,10083000000,891000000,None,9192000000,None,10111000000,12466000000,9192000000
GOOG,2018-06-30,USD,18774000000,32657000000,13883000000,13883000000,3045000000,1764000000,5114000000,15729000000,None,None,None,27000000,None,1408000000,None,2114000000,4215000000,1020000000,None,3195000000,None,4242000000,6356000000,3195000000
GOOG,2018-03-31,USD,17679000000,31146000000,13467000000,13467000000,7633000000,1403000000,5039000000,10046000000,None,None,None,30000000,None,3542000000,None,1986000000,10543000000,1142000000,None,9401000000,None,10573000000,12559000000,9401000000
GOOG,2017-12-31,USD,18056000000,32323000000,14267000000,14267000000,7664000000,1776000000,4306000000,10392000000,None,None,None,36000000,None,354000000,None,2026000000,8018000000,11038000000,None,-3020000000,None,8054000000,10080000000,-3020000000
GOOG,2017-09-30,USD,16624000000,27772000000,11148000000,11148000000,7782000000,1595000000,4205000000,8842000000,None,None,None,27000000,None,197000000,None,1761000000,7979000000,1247000000,None,6732000000,None,8006000000,9767000000,6732000000
GOOG,2017-06-30,USD,15637000000,26010000000,10373000000,10373000000,4132000000,1700000000,4172000000,11505000000,None,None,None,21000000,None,245000000,None,1625000000,4377000000,853000000,None,3524000000,None,4398000000,6023000000,3524000000
GOOG,2017-03-31,USD,14955000000,24750000000,9795000000,9795000000,6568000000,1801000000,3942000000,8387000000,None,None,None,25000000,None,251000000,None,1503000000,6819000000,1393000000,None,5426000000,None,6844000000,8347000000,5426000000
GOOG,2016-12-31,USD,15403000000,26064000000,10661000000,10661000000,6639000000,2024000000,3622000000,8764000000,None,None,None,33000000,None,218000000,None,1687000000,6857000000,1524000000,None,5333000000,None,6890000000,8577000000,5333000000
GOOG,2016-09-30,USD,13752000000,22451000000,8699000000,8699000000,5767000000,1824000000,3596000000,7985000000,None,None,None,29000000,None,278000000,None,1596000000,6045000000,984000000,None,5061000000,None,6074000000,7670000000,5061000000
GOOG,2016-06-30,USD,13370000000,21500000000,8130000000,8130000000,5968000000,1624000000,3363000000,7402000000,None,None,None,32000000,None,151000000,None,1490000000,6119000000,1242000000,None,4877000000,None,6151000000,7641000000,4877000000
GOOG,2016-03-31,USD,12609000000,20257000000,7648000000,7648000000,5342000000,1513000000,3367000000,7267000000,None,None,None,30000000,None,-213000000,None,1371000000,5129000000,922000000,None,4207000000,None,5159000000,6530000000,4207000000
GOOG,2015-12-31,USD,13141000000,21329000000,8188000000,8188000000,5380000000,1572000000,3510000000,7761000000,None,None,None,26000000,None,None,None,1404000000,5200000000,277000000,None,None,None,5226000000,6630000000,4923000000
GOOG,2015-09-30,USD,11638000000,18675000000,7037000000,7037000000,4708000000,1477000000,3230000000,6930000000,None,None,None,26000000,None,183000000,None,1248000000,4891000000,912000000,None,3979000000,None,4917000000,6165000000,3979000000
GOOG,2015-06-30,USD,11144000000,17727000000,6583000000,6583000000,4825000000,1450000000,2789000000,6319000000,None,None,None,26000000,None,None,None,1234000000,4956000000,1025000000,None,None,None,4982000000,6216000000,3931000000
GOOG,2015-03-31,USD,10902000000,17258000000,6356000000,6356000000,4447000000,1637000000,2753000000,6455000000,None,None,None,26000000,None,None,None,1177000000,4604000000,1089000000,None,None,None,4630000000,5807000000,3515000000
GOOG,2014-12-31,USD,11182000000,18103000000,6921000000,6921000000,4399000000,1593000000,2813000000,6783000000,None,None,None,25000000,None,None,None,1267000000,4527000000,737000000,None,None,None,4552000000,5819000000,4757000000
GOOG,2014-09-30,USD,9828000000,16523000000,6695000000,6695000000,3724000000,1365000000,2655000000,6104000000,None,None,None,25000000,None,None,None,1547000000,3857000000,933000000,None,None,None,3882000000,5429000000,2739000000
GOOG,2014-06-30,USD,9841000000,15955000000,6114000000,6114000000,4258000000,1404000000,2238000000,5583000000,None,None,None,27000000,None,None,None,1079000000,4403000000,984000000,None,None,None,4430000000,5509000000,3351000000
GOOG,2014-03-31,USD,9459000000,15420000000,5961000000,5961000000,4115000000,1489000000,2126000000,5344000000,None,None,None,24000000,None,None,None,1086000000,4472000000,822000000,None,None,None,4496000000,5582000000,3452000000
GOOG,2013-12-31,USD,9420000000,16858000000,7438000000,7438000000,3922000000,1261000000,2111000000,5498000000,None,None,None,21000000,None,None,None,1036000000,4047000000,666000000,None,None,None,4068000000,5104000000,3376000000
GOOG,2013-09-30,USD,8345000000,13754000000,5409000000,5409000000,3761000000,1135000000,1821000000,4584000000,None,None,None,19000000,None,None,None,974000000,3775000000,612000000,None,None,None,3794000000,4768000000,2970000000
GOOG,2013-06-30,USD,7912000000,13107000000,5195000000,5195000000,3465000000,1098000000,1766000000,4447000000,None,None,None,19000000,None,None,None,1030000000,3701000000,927000000,None,None,None,3720000000,4750000000,3228000000
GOOG,2013-03-31,USD,7815000000,12951000000,5136000000,5136000000,3748000000,1015000000,1617000000,4067000000,None,None,None,21000000,None,None,None,899000000,3882000000,354000000,None,None,None,3903000000,4802000000,3346000000
GOOG,2012-12-31,USD,7937000000,13215000000,5278000000,5278000000,3432000000,1066000000,1758000000,4505000000,None,None,None,21000000,None,None,None,953000000,3585000000,648000000,None,None,None,3606000000,4559000000,2886000000
GOOG,2012-09-30,USD,7349000000,13304000000,5955000000,5955000000,2740000000,1020000000,1879000000,4609000000,None,None,None,21000000,None,None,None,828000000,2805000000,647000000,None,None,None,2826000000,3654000000,2176000000
GOOG,2012-06-30,USD,7130000000,11807000000,4677000000,4677000000,3237000000,942000000,1538000000,3893000000,None,None,None,22000000,None,None,None,670000000,3490000000,657000000,None,None,None,3512000000,4182000000,2785000000
GOOG,2012-03-31,USD,6856000000,10645000000,3789000000,3789000000,3389000000,757000000,1441000000,3467000000,None,None,None,20000000,None,None,None,511000000,3545000000,655000000,None,None,None,3565000000,4076000000,2890000000
GOOG,2011-12-31,USD,6880000000,10583000000,3703000000,3703000000,3507000000,805000000,1301000000,3373000000,None,None,None,20000000,None,None,None,503000000,3489000000,785000000,None,None,None,3509000000,4012000000,2704000000
GOOG,2011-09-30,USD,6342000000,9720000000,3378000000,3378000000,3058000000,676000000,1404000000,3284000000,None,None,None,21000000,None,None,None,492000000,3360000000,631000000,None,None,None,3381000000,3873000000,2729000000
GOOG,2011-06-30,USD,5854000000,9026000000,3172000000,3172000000,2881000000,648000000,1234000000,2973000000,None,None,None,13000000,None,None,None,455000000,3085000000,580000000,None,None,None,3098000000,3553000000,2505000000
GOOG,2011-03-31,USD,5639000000,8575000000,2936000000,2936000000,2296000000,591000000,1226000000,3343000000,None,None,None,4000000,None,None,None,401000000,2392000000,594000000,None,None,None,2396000000,2797000000,1798000000
GOOG,2010-12-31,USD,5494000000,8440000000,2946000000,2946000000,2982000000,559000000,1051000000,2512000000,None,None,None,176000000,None,None,None,381000000,3142000000,599000000,None,None,None,2982000000,3363000000,2543000000
GOOG,2010-09-30,USD,4734000000,7286000000,2552000000,2552000000,2547000000,532000000,994000000,2187000000,None,None,None,172000000,None,None,None,342000000,2714000000,547000000,None,None,None,2714000000,3056000000,2167000000
GOOG,2010-06-30,USD,4353000000,6820000000,2467000000,2467000000,2365000000,461000000,898000000,1988000000,None,None,None,136000000,None,None,None,342000000,2434000000,594000000,None,None,None,2365000000,2707000000,1840000000
GOOG,2010-03-31,USD,4323000000,6775000000,2452000000,2452000000,2488000000,410000000,818000000,1835000000,None,None,None,95000000,None,None,None,331000000,2506000000,551000000,None,None,None,2488000000,2819000000,1955000000
GOOG,2009-12-31,USD,4265463000,6673863000,2408400000,2408400000,2480983000,465059000,736234000,1784480000,None,None,None,66862000,None,None,None,365506000,2568671000,594571000,None,None,None,2481021000,2846527000,1974100000
GOOG,2009-09-30,USD,3719000000,5945000000,2226000000,2226000000,2074000000,389000000,758000000,1645000000,None,None,None,46702000,None,None,None,379000000,2067000000,428000000,None,None,None,2074000000,2453000000,1639000000
GOOG,2009-06-30,USD,3415000000,5523000000,2108000000,2108000000,1874000000,364000000,708000000,1541000000,None,None,None,50017000,None,None,None,377000000,1856000000,371000000,None,None,None,1874000000,2251000000,1485000000
GOOG,2009-03-31,USD,3407000000,5509000000,2102000000,2102000000,1884000000,447000000,642000000,1523000000,None,None,None,66092000,None,None,None,403000000,1890000000,467000000,None,None,None,1884000000,2287000000,1423000000
GOOG,2008-12-31,USD,3510945000,5700950000,2190005000,2190005000,1860205000,411361000,733341000,1650740000,None,None,None,88447000,None,None,None,385510000,835347000,452905000,None,None,None,1860251000,2245761000,382442000
GOOG,2008-09-30,USD,3368010000,5541400000,2173390000,2173390000,1647565000,507064000,704571000,1720445000,None,None,None,90996000,None,None,None,386246000,1668782000,378844000,None,None,None,1647574000,2033820000,1289938000
GOOG,2008-06-30,USD,3219625000,5367200000,2147575000,2147575000,1577965000,474910000,682210000,1641660000,None,None,None,88086000,None,None,None,391607000,1635888000,388497000,None,None,None,1577953000,1969560000,1247391000
GOOG,2008-03-31,USD,3075464000,5186000000,2110536000,2110536000,1546235000,409305000,673069000,1529229000,None,None,None,387000,None,None,None,336524000,1713578000,406492000,None,None,None,1546192000,1882716000,1307086000
GOOG,2007-12-31,USD,2870862000,4826686000,1955824000,1955824000,1440734000,377048000,630783000,1430128000,None,None,None,171000,None,None,None,289936000,1608027000,401578000,None,None,None,1608198000,1898134000,1206449000
GOOG,2007-09-30,USD,2568821000,4231400000,1662579000,1662579000,1317842000,321398000,548712000,1250979000,None,None,None,446000,None,None,None,249375000,1472270000,402281000,None,None,None,1317891000,1567266000,1069989000
GOOG,2007-06-30,USD,2311745000,3872000000,1560255000,1560255000,1104615000,319405000,532106000,1207130000,None,None,None,244000,None,None,None,223355000,1241745000,316625000,None,None,None,1104630000,1327985000,925120000
GOOG,2007-03-31,USD,2193574000,3664000000,1470426000,1470426000,1221209000,261400000,408384000,972365000,None,None,None,342000,None,None,None,204992000,1351937000,349775000,None,None,None,1352279000,1557271000,1002162000
GOOG,2006-12-31,USD,1922350000,3205498000,1283148000,1283148000,1060594000,474950000,386806000,861756000,None,None,None,None,None,None,None,189250000,1184734000,154017000,None,None,None,723484000,912734000,1030717000
GOOG,2006-09-30,USD,1640972000,2689700000,1048728000,1048728000,931331000,190010000,312632000,709641000,None,None,None,21000,None,None,None,145310000,1039511000,306150000,None,None,None,1039532000,1184842000,733361000
GOOG,2006-06-30,USD,1466968000,2456000000,989032000,989032000,815372000,172638000,282552000,651596000,None,None,None,177000,None,None,None,126221000,976177000,255100000,None,None,None,976354000,1102575000,721077000
GOOG,2006-03-31,USD,1349681000,2253800000,904119000,904119000,742699000,169395000,246599000,606982000,None,None,None,8000,None,None,None,111158000,810618000,218327000,None,None,None,810626000,921784000,592291000
GOOG,2005-12-31,USD,1143711000,1919092000,775381000,775381000,569639000,327000000,157072000,574072000,None,None,None,None,None,None,None,94725000,639833000,267625000,None,None,None,569639000,664364000,372208000
GOOG,2005-09-30,USD,923302000,1578456000,655154000,655154000,529171000,104851000,177793000,394131000,None,None,None,388000,None,None,None,75965000,549968000,168786000,None,None,None,550356000,626321000,381182000
AMZN,2025-09-30,USD,91499000000,1.80169E+11,88670000000,88670000000,17422000000,2875000000,28962000000,74077000000,None,562000000,1100000000,538000000,None,None,None,16796000000,28170000000,6910000000,None,21187000000,None,28708000000,45504000000,21187000000
AMZN,2025-06-30,USD,86893000000,1.67702E+11,80809000000,80809000000,19171000000,2965000000,27166000000,67722000000,None,569000000,569000000,516000000,None,None,None,15227000000,20857000000,2678000000,None,18164000000,None,21373000000,36600000000,18164000000
AMZN,2025-03-31,USD,78691000000,1.55667E+11,76976000000,76976000000,18405000000,2628000000,22994000000,60286000000,None,525000000,1066000000,541000000,None,None,None,14262000000,21679000000,4553000000,None,17127000000,None,22220000000,36482000000,17127000000
AMZN,2024-12-31,USD,88899000000,1.87792E+11,98893000000,98893000000,21203000000,2863000000,23571000000,67696000000,None,678000000,1248000000,570000000,None,None,None,15631000000,22329000000,2325000000,None,20004000000,None,22919000000,38550000000,20004000000
AMZN,2024-09-30,USD,77900000000,1.58877E+11,80977000000,80977000000,17411000000,2713000000,22245000000,60489000000,None,653000000,1256000000,603000000,None,None,None,13442000000,18037000000,2706000000,None,15328000000,None,18640000000,32082000000,15328000000
AMZN,2024-06-30,USD,74192000000,1.47977E+11,73785000000,73785000000,14769000000,3041000000,22304000000,59423000000,None,None,None,589000000,None,None,None,12038000000,15245000000,1767000000,None,None,None,14769000000,26807000000,13485000000
AMZN,2024-03-31,USD,70680000000,1.43313E+11,72633000000,72633000000,15307000000,2742000000,16960000000,55145000000,None,349000000,993000000,644000000,None,None,None,11684000000,12898000000,2467000000,None,10431000000,None,15307000000,26991000000,10431000000
AMZN,2023-12-31,USD,77408000000,1.69961E+11,92553000000,92553000000,13209000000,3010000000,22038000000,64045000000,None,188000000,901000000,713000000,None,None,None,13820000000,13686000000,3062000000,None,10624000000,None,13209000000,27029000000,10624000000
AMZN,2023-09-30,USD,68061000000,1.43083E+11,75022000000,75022000000,11188000000,2561000000,21203000000,56629000000,None,-30000000,1072000000,806000000,None,None,None,12131000000,12189000000,2306000000,None,9879000000,None,11188000000,23319000000,9879000000
AMZN,2023-06-30,USD,65010000000,1.34383E+11,69373000000,69373000000,7681000000,3202000000,18829000000,57183000000,None,-179000000,661000000,840000000,None,713000000,None,11589000000,7554000000,804000000,None,6759000000,None,7681000000,19270000000,6750000000
AMZN,2023-03-31,USD,59567000000,1.27358E+11,67791000000,67791000000,4774000000,3043000000,17420000000,54570000000,None,-212000000,611000000,823000000,None,169000000,None,11123000000,4120000000,948000000,None,3171000000,None,4774000000,15897000000,3172000000
AMZN,2022-12-31,USD,63564000000,1.49204E+11,85640000000,85640000000,2547000000,3333000000,3653000000,60258000000,None,-249000000,445000000,694000000,None,-2992000000,None,12685000000,-962000000,-1227000000,None,265000000,None,2547000000,15232000000,278000000
AMZN,2022-09-30,USD,56833000000,1.27101E+11,70268000000,70268000000,2525000000,3061000000,16787000000,54184180000,None,-340000000,277000000,617000000,None,1033000000,None,10204000000,2941000000,69000000,None,2875000000,None,2525000000,12729000000,2872000000
AMZN,2022-06-30,USD,54810000000,1.21234E+11,66424000000,66424000000,3317000000,2903000000,15468000000,51369526000,None,-425000000,159000000,584000000,None,-5398000000,None,9716000000,-2665000000,637000000,None,-2016000000,None,3317000000,13033000000,-2028000000
AMZN,2022-03-31,USD,49945000000,1.16444E+11,66499000000,66499000000,3669000000,2594000000,12270000000,46154654000,None,-364000000,108000000,472000000,None,-8463000000,None,9193000000,-5266000000,-1422000000,None,-3843000000,None,3669000000,12862000000,-3844000000
AMZN,2021-12-31,USD,54577000000,1.37412E+11,82835000000,82835000000,3460000000,2525000000,2001000000,50983048000,None,-364000000,118000000,482000000,None,11957000000,None,9802000000,14934000000,612000000,None,14322000000,None,3460000000,13262000000,14323000000
AMZN,2021-09-30,USD,47882000000,1.10812E+11,62930000000,62930000000,4852000000,2153000000,12097000000,42923873000,None,-374000000,119000000,493000000,None,-48000000,None,8948000000,4311000000,1155000000,None,3156000000,None,4852000000,13800000000,3156000000
AMZN,2021-06-30,USD,48904000000,1.1308E+11,64176000000,64176000000,7702000000,2158000000,11794000000,41097895000,None,-329000000,106000000,435000000,None,1379000000,None,8038000000,8646000000,868000000,None,7778000000,None,7702000000,15740000000,7778000000
AMZN,2021-03-31,USD,46115000000,1.08518E+11,62403000000,62403000000,8865000000,1987000000,10584000000,37152039000,None,-294000000,105000000,399000000,None,1797000000,None,7508000000,10263000000,2156000000,None,8107000000,None,8865000000,16373000000,8107000000
AMZN,2020-12-31,USD,46271000000,1.25555E+11,79284000000,79284000000,6873000000,1968000000,5242000000,39386131800,None,-314000000,100000000,414000000,None,1329000000,None,7618000000,7765000000,566000000,None,7199000000,None,6873000000,14491000000,7222000000
AMZN,2020-09-30,USD,39039000000,96145000000,57106000000,57106000000,6194000000,1668000000,9334000000,32756065000,None,-310000000,118000000,428000000,None,1134000000,None,6523000000,6900000000,569000000,None,6240000000,None,6194000000,12717000000,6331000000
AMZN,2020-06-30,USD,36252000000,88912000000,52660000000,52660000000,5843000000,1580000000,8945000000,30326583000,None,-268000000,135000000,403000000,None,787000000,None,5748000000,6227000000,984000000,None,5237000000,None,5843000000,11591000000,5243000000
AMZN,2020-03-31,USD,31195000000,75452000000,44257000000,44257000000,3989000000,1452000000,7993000000,27134027000,None,-200000000,202000000,402000000,None,-308000000,None,5362000000,3279000000,744000000,None,2639000000,None,3989000000,9351000000,2535000000
AMZN,2019-12-31,USD,21267000000,87436000000,66169000000,66169000000,3880000000,7583000000,9740000000,17322000000,None,-244000000,211000000,455000000,None,630000000,None,6170000000,4054000000,787000000,None,3267000000,None,3880000000,10050000000,3268000000
AMZN,2019-09-30,USD,28679000000,69981000000,41302000000,41302000000,3020000000,1348000000,8022000000,66961000000,None,-172000000,224000000,396000000,None,-133000000,None,5563000000,2628000000,494000000,None,2138000000,None,3020000000,8583000000,2134000000
AMZN,2019-06-30,USD,27067000000,63404000000,36337000000,36337000000,3084000000,1270000000,7910000000,60320000000,None,-168000000,215000000,383000000,None,181000000,None,5202000000,2882000000,257000000,None,2632000000,None,3084000000,8286000000,2625000000
AMZN,2019-03-31,USD,25780000000,59700000000,33920000000,33920000000,4420000000,1173000000,6841000000,55280000000,None,-183000000,183000000,366000000,None,343000000,None,4854000000,4397000000,836000000,None,3565000000,None,4420000000,9274000000,3561000000
AMZN,2018-12-31,USD,27597000000,72383000000,44786000000,44786000000,3786000000,1117000000,1452000000,68597000000,None,None,None,387000000,None,-46000000,None,4262000000,3350000000,327000000,None,3022000000,None,3786000000,8048000000,3027000000
AMZN,2018-09-30,USD,23573000000,56576000000,33003000000,33003000000,3724000000,1041000000,6303000000,52852000000,None,None,None,358000000,None,25000000,None,3778000000,3391000000,508000000,None,2882000000,None,3724000000,7502000000,2883000000
AMZN,2018-06-30,USD,22254000000,52886000000,30632000000,30632000000,2983000000,1111000000,6432000000,49903000000,None,None,None,343000000,None,-32000000,None,3630000000,2608000000,74000000,None,2531000000,None,2983000000,6613000000,2534000000
AMZN,2018-03-31,USD,20307000000,51042000000,30735000000,30735000000,1927000000,1067000000,5968000000,49115000000,None,None,None,330000000,None,319000000,None,3671000000,1916000000,287000000,None,1629000000,None,1927000000,5598000000,1629000000
AMZN,2017-12-31,USD,21959000000,60453000000,38494000000,38494000000,2127000000,1044000000,221000000,58326000000,None,None,None,339000000,None,83000000,None,3498000000,1872000000,16000000,None,1856000000,None,2127000000,5625000000,1856000000
AMZN,2017-09-30,USD,16195000000,43744000000,27549000000,27549000000,347000000,960000000,128000000,43397000000,None,None,None,228000000,None,195000000,None,2784000000,314000000,58000000,None,258000000,None,347000000,3131000000,256000000
AMZN,2017-06-30,USD,14504000000,37955000000,23451000000,23451000000,628000000,874000000,145000000,37327000000,None,None,None,143000000,None,179000000,None,2488000000,664000000,467000000,None,199000000,None,628000000,3116000000,197000000
AMZN,2017-03-31,USD,13274000000,35714000000,22440000000,22440000000,1005000000,795000000,4402000000,34709000000,None,None,None,139000000,None,87000000,None,2285000000,953000000,229000000,None,724000000,None,1005000000,3290000000,724000000
AMZN,2016-12-31,USD,-18922000000,43741000000,62663000000,62663000000,1255000000,717000000,999000000,42486000000,None,None,None,133000000,None,41000000,None,2297000000,1166000000,414000000,None,752000000,None,1255000000,3552000000,749000000
AMZN,2016-09-30,USD,11454000000,32714000000,21260000000,21260000000,575000000,639000000,160000000,32139000000,None,None,None,118000000,None,24000000,None,1924000000,481000000,229000000,None,262000000,None,575000000,2499000000,252000000
AMZN,2016-06-30,USD,11224000000,30404000000,19180000000,19180000000,1285000000,580000000,160000000,29119000000,None,None,None,116000000,None,-5000000,None,1749000000,1164000000,307000000,None,872000000,None,1285000000,3034000000,857000000
AMZN,2016-03-31,USD,10262000000,29128000000,18866000000,18866000000,1071000000,497000000,161000000,28057000000,None,None,None,117000000,None,34000000,None,1666000000,988000000,475000000,None,581000000,None,1071000000,2737000000,513000000
AMZN,2015-12-31,USD,11406000000,35747000000,24341000000,24341000000,1109000000,390000000,167000000,34638000000,None,None,None,115000000,None,-60000000,None,1585000000,934000000,452000000,None,486000000,None,1109000000,2694000000,482000000
AMZN,2015-09-30,USD,8603000000,25358000000,16755000000,16755000000,406000000,463000000,159000000,24952000000,None,None,None,116000000,None,-50000000,None,1440000000,240000000,161000000,None,86000000,None,406000000,1846000000,79000000
AMZN,2015-06-30,USD,8025000000,23185000000,15160000000,15160000000,464000000,467000000,157000000,22721000000,None,None,None,114000000,None,8000000,None,1347000000,358000000,266000000,None,96000000,None,464000000,1811000000,92000000
AMZN,2015-03-31,USD,7322000000,22717000000,15395000000,15395000000,255000000,427000000,152000000,22462000000,None,None,None,115000000,None,-126000000,None,1274000000,14000000,71000000,None,-50000000,None,255000000,1529000000,-57000000
AMZN,2014-12-31,USD,8657000000,29329000000,20672000000,20672000000,590000000,442000000,148000000,28739000000,None,None,None,74000000,None,-98000000,None,1232000000,419000000,205000000,None,225000000,None,590000000,1822000000,214000000
AMZN,2014-09-30,USD,5952000000,20579000000,14627000000,14627000000,-544000000,406000000,138000000,21123000000,None,None,None,49000000,None,-49000000,None,1109000000,-642000000,205000000,None,-429000000,None,-544000000,565000000,-437000000
AMZN,2014-06-30,USD,5941000000,19340000000,13399000000,13399000000,-15000000,377000000,139000000,19355000000,None,None,None,45000000,None,28000000,None,970000000,-32000000,94000000,None,-121000000,None,-15000000,955000000,-126000000
AMZN,2014-03-31,USD,5686000000,19741000000,14055000000,14055000000,146000000,327000000,133000000,19595000000,None,None,None,42000000,None,77000000,None,877000000,181000000,73000000,None,47000000,None,146000000,1023000000,108000000
AMZN,2013-12-31,USD,6781000000,25587000000,18806000000,18806000000,510000000,318000000,125000000,25077000000,None,None,None,39000000,None,-53000000,None,837000000,419000000,179000000,None,273000000,None,510000000,1347000000,240000000
AMZN,2013-09-30,USD,4726000000,17092000000,12366000000,12366000000,-25000000,278000000,117000000,17117000000,None,None,None,36000000,None,8000000,None,717000000,-53000000,12000000,None,-31000000,None,-25000000,692000000,-41000000
AMZN,2013-06-30,USD,4495000000,15704000000,11209000000,11209000000,79000000,286000000,107000000,15625000000,None,None,None,33000000,None,-40000000,None,649000000,6000000,13000000,None,4000000,None,79000000,728000000,-7000000
AMZN,2013-03-31,USD,4269000000,16070000000,11801000000,11801000000,181000000,246000000,101000000,15889000000,None,None,None,33000000,None,-84000000,None,599000000,64000000,18000000,None,99000000,None,181000000,780000000,82000000
AMZN,2012-12-31,USD,5131000000,21268000000,16137000000,16137000000,405000000,235000000,94000000,20863000000,None,None,None,28000000,None,-86000000,None,568000000,292000000,194000000,None,143000000,None,405000000,973000000,98000000
AMZN,2012-09-30,USD,3487000000,13806000000,10319000000,10319000000,-28000000,230000000,85000000,13834000000,None,None,None,22000000,None,-141000000,None,469000000,-191000000,83000000,None,-105000000,None,-28000000,441000000,-274000000
AMZN,2012-06-30,USD,908000000,12834000000,11926000000,11926000000,107000000,232000000,1082000000,12727000000,None,None,None,21000000,None,30000000,None,485000000,146000000,109000000,None,37000000,None,107000000,592000000,7000000
AMZN,2012-03-31,USD,918000000,13185000000,12267000000,12267000000,192000000,200000000,945000000,12993000000,None,None,None,21000000,None,2000000,None,457000000,84000000,43000000,None,41000000,None,192000000,649000000,130000000
AMZN,2011-12-31,USD,1080000000,17431000000,16351000000,16351000000,260000000,184000000,863000000,17171000000,None,None,None,20000000,None,23000000,None,359000000,273000000,86000000,None,186000000,None,260000000,619000000,177000000
AMZN,2011-09-30,USD,661000000,10876000000,10215000000,10215000000,79000000,175000000,769000000,10797000000,None,None,None,17000000,None,68000000,None,278000000,130000000,67000000,None,63000000,None,79000000,357000000,63000000
AMZN,2011-06-30,USD,749000000,9913000000,9164000000,9164000000,201000000,166000000,698000000,9712000000,None,None,None,15000000,None,54000000,None,244000000,225000000,49000000,None,176000000,None,201000000,445000000,191000000
AMZN,2011-03-31,USD,815000000,9857000000,9042000000,9042000000,322000000,133000000,579000000,9535000000,None,None,None,12000000,None,-20000000,None,202000000,307000000,89000000,None,218000000,None,322000000,524000000,201000000
AMZN,2010-12-31,USD,1021000000,12947000000,11926000000,11926000000,474000000,143000000,884000000,12473000000,None,None,None,11000000,None,38000000,None,170000000,506000000,84000000,None,422000000,None,474000000,644000000,416000000
AMZN,2010-09-30,USD,652000000,7560000000,6908000000,6908000000,268000000,117000000,442000000,7292000000,None,None,None,11000000,None,53000000,None,150000000,292000000,79000000,None,213000000,None,268000000,418000000,231000000
AMZN,2010-06-30,USD,619000000,6566000000,5947000000,5947000000,270000000,113000000,408000000,6296000000,None,None,None,9000000,None,34000000,None,129000000,297000000,88000000,None,209000000,None,270000000,399000000,207000000
AMZN,2010-03-31,USD,718000000,7131000000,6413000000,6413000000,394000000,97000000,366000000,6737000000,None,None,None,7000000,None,12000000,None,119000000,401000000,100000000,None,301000000,None,394000000,513000000,299000000
AMZN,2009-12-31,USD,872000000,9520000000,8648000000,8648000000,476000000,100000000,1240000000,9044000000,None,None,None,8000000,None,None,None,112000000,471000000,85000000,None,0,None,476000000,588000000,384000000
AMZN,2009-09-30,USD,492000000,5449000000,4957000000,4957000000,251000000,83000000,315000000,5198000000,None,None,None,7000000,None,15000000,None,96000000,262000000,60000000,None,202000000,None,251000000,347000000,199000000
AMZN,2009-06-30,USD,425000000,4651000000,4226000000,4226000000,159000000,77000000,299000000,4492000000,None,None,None,7000000,None,29000000,None,84000000,179000000,39000000,None,140000000,None,159000000,243000000,142000000
AMZN,2009-03-31,USD,451000000,4889000000,4438000000,4438000000,244000000,68000000,275000000,4645000000,None,None,None,12000000,None,None,None,87000000,248000000,69000000,None,0,None,244000000,331000000,177000000
AMZN,2008-12-31,USD,522000000,6704000000,6182000000,6182000000,273000000,71000000,277000000,6431000000,None,None,None,11000000,None,None,None,77000000,303000000,80000000,None,0,None,273000000,350000000,225000000
AMZN,2008-09-30,USD,342000000,4264000000,3922000000,3922000000,154000000,73000000,264000000,4110000000,None,None,None,17000000,None,None,None,76000000,182000000,59000000,None,0,None,154000000,230000000,118000000
AMZN,2008-06-30,USD,348000000,4063000000,3715000000,3715000000,217000000,74000000,258000000,3846000000,None,None,None,21000000,None,None,None,70000000,208000000,46000000,None,0,None,217000000,287000000,158000000
AMZN,2008-03-31,USD,368000000,4135000000,3767000000,3767000000,198000000,61000000,234000000,3937000000,None,None,None,22000000,None,None,None,65000000,207000000,62000000,None,0,None,198000000,263000000,143000000
AMZN,2007-12-31,USD,471000000,5672000000,5201000000,5201000000,271000000,64000000,222000000,5401000000,None,None,None,20000000,None,None,None,63000000,281000000,74000000,None,0,None,271000000,334000000,207000000
AMZN,2007-09-30,USD,257000000,3262000000,3005000000,3005000000,123000000,57000000,209000000,3139000000,None,None,None,19000000,None,None,None,61000000,124000000,44000000,None,0,None,123000000,184000000,80000000
AMZN,2007-06-30,USD,242000000,2886000000,2644000000,2644000000,116000000,58000000,201000000,2770000000,None,None,None,19000000,None,None,None,60000000,111000000,33000000,None,0,None,116000000,176000000,78000000
AMZN,2007-03-31,USD,273000000,3015000000,2742000000,2742000000,145000000,56000000,186000000,2870000000,None,None,None,19000000,None,None,None,62000000,144000000,33000000,None,0,None,145000000,207000000,111000000
AMZN,2006-12-31,USD,335000000,3986000000,3651000000,3651000000,197000000,45000000,177000000,3789000000,None,None,None,20000000,None,None,None,59000000,188000000,91000000,None,0,None,197000000,256000000,97000000
AMZN,2006-09-30,USD,160000000,2307000000,2147000000,2147000000,40000000,54000000,172000000,2267000000,None,None,None,21000000,None,None,None,63000000,38000000,19000000,None,0,None,40000000,103000000,19000000
AMZN,2006-06-30,USD,153000000,2139000000,1986000000,1986000000,47000000,50000000,167000000,2092000000,None,None,None,19000000,None,None,None,43000000,54000000,32000000,None,0,None,47000000,90000000,22000000
AMZN,2006-03-31,USD,208000000,2279000000,2071000000,2071000000,106000000,45000000,146000000,2173000000,None,None,None,21000000,None,None,None,40000000,96000000,45000000,None,0,None,106000000,146000000,51000000
AMZN,2005-12-31,USD,285000000,2977000000,2692000000,2692000000,165000000,49000000,253000000,2812000000,None,None,None,22000000,None,None,None,36000000,161000000,-38000000,None,0,None,165000000,201000000,173000000
AMZN,2005-09-30,USD,171000000,1858000000,1687000000,1687000000,55000000,32000000,121000000,1803000000,None,None,None,22000000,None,None,None,30000000,51000000,21000000,None,0,None,55000000,85000000,30000000
META,2025-09-30,USD,42036000000,51242000000,9206000000,9206000000,20535000000,3512000000,15144000000,21501000000,None,1086000000,359000000,227000000,None,None,None,4963000000,21663000000,18954000000,None,2709000000,None,21663000000,26626000000,2709000000
META,2025-06-30,USD,39025000000,47516000000,8491000000,8491000000,20441000000,2663000000,12942000000,18584000000,None,-103000000,481000000,241000000,None,None,None,4342000000,20534000000,2197000000,None,18337000000,None,20534000000,24876000000,18337000000
META,2025-03-31,USD,34742000000,42314000000,7572000000,7572000000,17555000000,2280000000,12150000000,17187000000,None,595000000,658000000,240000000,None,None,None,3900000000,18382000000,1738000000,None,16644000000,None,18622000000,22522000000,16644000000
META,2024-12-31,USD,39546000000,48385000000,8839000000,8839000000,23364000000,762000000,12180000000,16182000000,None,573000000,731000000,251000000,None,None,None,4460000000,23552000000,2714000000,None,20838000000,None,23803000000,28263000000,20838000000
META,2024-09-30,USD,33214000000,40589000000,7375000000,7375000000,17350000000,1865000000,11177000000,15864000000,None,461000000,661000000,208000000,None,None,None,4027000000,17822000000,2134000000,None,15688000000,None,18030000000,22057000000,15688000000
META,2024-06-30,USD,31763000000,39071000000,7308000000,7308000000,14847000000,3658000000,10537000000,16916000000,None,427000000,540000000,128000000,None,None,None,3637000000,15106000000,1641000000,None,13465000000,None,15234000000,18871000000,13465000000
META,2024-03-31,USD,29815000000,36455000000,6640000000,6640000000,13818000000,3455000000,9978000000,15997000000,None,513000000,585000000,127000000,None,None,None,3374000000,14183000000,1814000000,None,12369000000,None,14310000000,17684000000,12369000000
META,2023-12-31,USD,32416000000,40111000000,7695000000,7695000000,16384000000,2289000000,10517000000,16032000000,None,484000000,588000000,424000000,None,None,None,3172000000,16808000000,2791000000,None,14017000000,None,16384000000,19556000000,14017000000
META,2023-09-30,USD,27936000000,34146000000,6210000000,6210000000,13748000000,2070000000,9241000000,14188000000,None,370000000,534000000,139000000,None,None,None,2859000000,14020000000,2437000000,None,11583000000,None,13748000000,16607000000,11583000000
META,2023-06-30,USD,26054000000,31999000000,5945000000,5945000000,9392000000,4164000000,9344000000,16662000000,None,-99000000,323000000,116000000,None,-99000000,None,2623000000,9293000000,1505000000,None,7788000000,None,9392000000,12015000000,7788000000
META,2023-03-31,USD,22537000000,28645000000,6108000000,6108000000,7227000000,2885000000,9381000000,15310000000,None,80000000,193000000,55000000,None,80000000,None,2524000000,7307000000,1598000000,None,5709000000,None,7227000000,9751000000,5709000000
META,2022-12-31,USD,23829000000,32165000000,8336000000,8336000000,6399000000,3085000000,9771000000,17430000000,None,32000000,32000000,32000000,None,-249000000,None,2376000000,6149000000,1497000000,None,4653000000,None,6399000000,8775000000,4652000000
META,2022-09-30,USD,21998000000,27714000000,5716000000,5716000000,5664000000,3384000000,9170000000,16334000000,None,-88000000,77000000,77000000,None,-88000000,None,2175000000,5576000000,1181000000,None,4395000000,None,5664000000,7839000000,4395000000
META,2022-06-30,USD,23630000000,28822000000,5192000000,5192000000,8358000000,2987000000,8690000000,15272000000,None,91000000,91000000,91000000,None,-172000000,None,1979000000,8186000000,1499000000,None,6687000000,None,8358000000,10337000000,6687000000
META,2022-03-31,USD,21903000000,27908000000,6005000000,6005000000,8524000000,2360000000,7707000000,13379000000,None,384000000,384000000,76000000,None,384000000,None,2156000000,8908000000,1443000000,None,7465000000,None,8524000000,10680000000,7465000000
META,2021-12-31,USD,27323000000,33671000000,6348000000,6348000000,12585000000,3305000000,7046000000,14738000000,None,117000000,117000000,102000000,None,118000000,None,2014000000,12702000000,2417000000,None,10285000000,None,12585000000,14599000000,10285000000
META,2021-09-30,USD,23239000000,29010000000,5771000000,5771000000,10423000000,2946000000,6316000000,12816000000,None,120000000,120000000,120000000,None,142000000,None,1995000000,10565000000,1371000000,None,9194000000,None,10423000000,12418000000,9194000000
META,2021-06-30,USD,23678000000,29077000000,5399000000,5399000000,12367000000,1956000000,6096000000,11311000000,None,146000000,121000000,121000000,None,146000000,None,1985000000,12513000000,2119000000,None,10394000000,None,12367000000,14352000000,10394000000
META,2021-03-31,USD,21040000000,26171000000,5131000000,5131000000,11378000000,1622000000,5197000000,9662000000,None,125000000,118000000,118000000,None,125000000,None,1972000000,11503000000,2006000000,None,9497000000,None,11378000000,13350000000,9497000000
META,2020-12-31,USD,22862000000,28072000000,5210000000,5210000000,12775000000,1599000000,5208000000,10087000000,None,280000000,136000000,136000000,None,280000000,None,1863000000,13055000000,1836000000,None,11220000000,None,12775000000,14638000000,11219000000
META,2020-09-30,USD,17276000000,21470000000,4194000000,4194000000,8040000000,1790000000,4763000000,9236000000,None,146000000,146000000,146000000,None,93000000,None,1698000000,8133000000,287000000,None,7846000000,None,8040000000,9738000000,7846000000
META,2020-06-30,USD,14858000000,18687000000,3829000000,3829000000,5963000000,1593000000,4462000000,8895000000,None,162000000,162000000,162000000,None,168000000,None,1704000000,6131000000,953000000,None,5178000000,None,5963000000,7667000000,5178000000
META,2020-03-31,USD,14278000000,17737000000,3459000000,3459000000,5893000000,1583000000,4015000000,8385000000,None,228000000,228000000,228000000,None,-32000000,None,1597000000,5861000000,959000000,None,4902000000,None,5893000000,7490000000,4902000000
META,2019-12-31,USD,17590000000,21082000000,3492000000,3492000000,8858000000,1829000000,3877000000,8732000000,None,229000000,249000000,229000000,None,311000000,None,1468000000,9169000000,1820000000,None,7349000000,None,8858000000,10326000000,7349000000
META,2019-09-30,USD,14497000000,17652000000,3155000000,3155000000,7185000000,1348000000,3548000000,7312000000,None,258000000,258000000,258000000,None,144000000,None,1416000000,7329000000,1238000000,None,6091000000,None,7185000000,8601000000,6091000000
META,2019-06-30,USD,13579000000,16886000000,3307000000,3307000000,4626000000,3224000000,3315000000,8953000000,None,219000000,219000000,219000000,None,206000000,None,1502000000,4832000000,2216000000,None,2616000000,None,4626000000,6128000000,2616000000
META,2019-03-31,USD,12261000000,15077000000,2816000000,2816000000,3317000000,4064000000,2860000000,8944000000,None,198000000,198000000,198000000,None,165000000,None,1355000000,3482000000,1053000000,None,2429000000,None,3317000000,4672000000,2429000000
META,2018-12-31,USD,14118000000,16914000000,2796000000,2796000000,7820000000,976000000,2855000000,6298000000,None,None,None,187000000,None,151000000,None,1225000000,7971000000,1089000000,None,6881000000,None,7820000000,9045000000,6882000000
META,2018-09-30,USD,11309000000,13727000000,2418000000,2418000000,5781000000,943000000,2657000000,5528000000,None,None,None,176000000,None,131000000,None,1107000000,5912000000,775000000,None,5137000000,None,5781000000,6888000000,5137000000
META,2018-06-30,USD,11017000000,13231000000,2214000000,2214000000,5863000000,776000000,2523000000,5154000000,None,None,None,143000000,None,5000000,None,1034000000,5868000000,762000000,None,5106000000,None,5863000000,6897000000,5106000000
META,2018-03-31,USD,10039000000,11966000000,1927000000,1927000000,5449000000,757000000,2238000000,4590000000,None,None,None,145000000,None,161000000,None,949000000,5610000000,622000000,None,4988000000,None,5449000000,6398000000,4988000000
META,2017-12-31,USD,11361000000,12972000000,1611000000,1611000000,7352000000,686000000,1949000000,4009000000,None,None,None,126000000,None,109000000,None,853000000,7462000000,3194000000,None,4269000000,None,7352000000,8205000000,4268000000
META,2017-09-30,USD,8880000000,10328000000,1448000000,1448000000,5122000000,536000000,2052000000,3758000000,None,None,None,108000000,None,114000000,None,773000000,5236000000,529000000,None,4707000000,None,5122000000,5895000000,4707000000
META,2017-06-30,USD,8084000000,9321000000,1237000000,1237000000,4401000000,640000000,1919000000,3683000000,None,None,None,91000000,None,87000000,None,728000000,4488000000,594000000,None,3894000000,None,4401000000,5129000000,3894000000
META,2017-03-31,USD,6873000000,8032000000,1159000000,1159000000,3327000000,655000000,1834000000,3546000000,None,None,None,67000000,None,81000000,None,671000000,3408000000,344000000,None,3064000000,None,3327000000,3998000000,3064000000
META,2016-12-31,USD,7762000000,8809000000,1047000000,1047000000,4566000000,515000000,1563000000,3196000000,None,None,None,56000000,None,-32000000,None,614000000,4533000000,965000000,None,4273000000,None,4566000000,5180000000,3568000000
META,2016-09-30,USD,6024000000,7011000000,987000000,987000000,3122000000,438000000,1539000000,2902000000,None,None,None,50000000,None,47000000,None,591000000,3169000000,790000000,None,2379000000,None,3122000000,3713000000,2379000000
META,2016-06-30,USD,5520000000,6436000000,916000000,916000000,2746000000,412000000,1463000000,2774000000,None,None,None,32000000,None,20000000,None,585000000,2766000000,711000000,None,2055000000,None,2746000000,3331000000,2055000000
META,2016-03-31,USD,4544000000,5382000000,838000000,838000000,2009000000,366000000,1343000000,2535000000,None,None,None,27000000,None,56000000,None,552000000,2065000000,555000000,None,1505000000,None,2009000000,2561000000,1510000000
META,2015-12-31,USD,5017000000,5841000000,824000000,824000000,2560000000,371000000,1314000000,2457000000,None,None,None,14000000,None,-3000000,None,543000000,2557000000,995000000,None,1561000000,None,2560000000,3103000000,1562000000
META,2015-09-30,USD,3781000000,4501000000,720000000,720000000,1459000000,345000000,1271000000,2322000000,None,None,None,7000000,None,-27000000,None,486000000,1432000000,536000000,None,896000000,None,1459000000,1945000000,896000000
META,2015-06-30,USD,3374000000,4042000000,668000000,668000000,1273000000,305000000,1170000000,2101000000,None,None,None,5000000,None,None,None,459000000,1273000000,554000000,None,719000000,None,1273000000,1732000000,719000000
META,2015-03-31,USD,2889000000,3543000000,654000000,654000000,933000000,274000000,1062000000,1956000000,None,None,None,2000000,None,-1000000,None,457000000,932000000,420000000,None,512000000,None,933000000,1390000000,512000000
META,2014-12-31,USD,3198000000,3851000000,653000000,653000000,1133000000,330000000,1111000000,2065000000,None,None,None,23000000,None,-19000000,None,433000000,1114000000,413000000,None,701000000,None,1133000000,1566000000,701000000
META,2014-09-30,USD,2638000000,3203000000,565000000,565000000,1397000000,259000000,608000000,1241000000,None,None,None,4000000,None,-61000000,None,289000000,1336000000,530000000,None,806000000,None,1397000000,1686000000,806000000
META,2014-06-30,USD,2437000000,2910000000,473000000,473000000,1390000000,197000000,492000000,1047000000,None,None,None,4000000,None,-4000000,None,257000000,1386000000,595000000,None,791000000,None,1390000000,1647000000,791000000
META,2014-03-31,USD,2040000000,2502000000,462000000,462000000,1075000000,187000000,455000000,965000000,None,None,None,19000000,None,None,None,264000000,1075000000,433000000,None,642000000,None,1075000000,1339000000,642000000
META,2013-12-31,USD,2094000000,2585000000,491000000,491000000,1133000000,261000000,408000000,961000000,None,None,None,7000000,None,3000000,None,274000000,1130000000,607000000,None,523000000,None,1133000000,1407000000,523000000
META,2013-09-30,USD,1509000000,2016000000,507000000,507000000,736000000,171000000,369000000,773000000,None,None,None,21000000,None,11000000,None,274000000,726000000,301000000,None,425000000,None,736000000,1010000000,425000000
META,2013-06-30,USD,1348000000,1813000000,465000000,465000000,562000000,173000000,344000000,786000000,None,None,None,14000000,None,-3000000,None,230000000,545000000,212000000,None,333000000,None,562000000,792000000,333000000
META,2013-03-31,USD,1045000000,1458000000,413000000,413000000,373000000,176000000,293000000,672000000,None,None,None,15000000,None,-5000000,None,241000000,353000000,134000000,None,219000000,None,373000000,614000000,219000000
META,2012-12-31,USD,1187000000,1585000000,398000000,398000000,523000000,174000000,297000000,664000000,None,None,None,16000000,None,None,None,224000000,505000000,441000000,None,0,None,523000000,747000000,64000000
META,2012-09-30,USD,940000000,1262000000,322000000,322000000,377000000,151000000,244000000,563000000,None,None,None,11000000,None,6000000,None,176000000,372000000,431000000,None,-59000000,None,377000000,553000000,-59000000
META,2012-06-30,USD,817000000,1184000000,367000000,367000000,-743000000,463000000,705000000,1560000000,None,None,None,10000000,None,-12000000,None,139000000,-765000000,-608000000,None,-157000000,None,-743000000,-604000000,-157000000
META,2012-03-31,USD,781000000,1058000000,277000000,277000000,381000000,88000000,153000000,400000000,None,None,None,13000000,None,None,None,110000000,382000000,177000000,None,0,None,381000000,491000000,205000000
META,2011-12-31,USD,884000000,1131000000,247000000,247000000,547000000,58000000,124000000,337000000,None,None,None,16000000,None,None,None,103000000,519000000,217000000,None,0,None,547000000,650000000,302000000
META,2011-09-30,USD,718000000,954000000,236000000,236000000,414000000,82000000,108000000,304000000,None,None,None,10000000,None,None,None,97000000,379000000,152000000,None,0,None,414000000,511000000,227000000
META,2011-06-30,USD,685000000,895000000,210000000,210000000,407000000,83000000,99000000,278000000,None,None,None,9000000,None,None,None,72000000,399000000,159000000,None,0,None,407000000,479000000,240000000
META,2011-03-31,USD,564000000,731000000,167000000,167000000,388000000,51000000,57000000,176000000,None,None,None,7000000,None,None,None,51000000,398000000,165000000,None,0,None,388000000,439000000,233000000
META,2010-12-31,USD,1620000000,730000000,151000000,151000000,435000000,144000000,46000000,0,None,None,None,22000000,None,None,None,None,1008000000,402000000,None,0,None,435000000,None,251000000
META,2010-09-30,USD,0,467000000,131000000,131000000,216000000,120000000,41000000,0,None,None,None,0,None,None,None,None,0,0,None,0,None,216000000,None,131000000
META,2010-06-30,USD,0,432000000,111000000,111000000,219000000,102000000,32000000,0,None,None,None,0,None,None,None,None,0,0,None,0,None,219000000,None,129000000
META,2010-03-31,USD,0,345000000,100000000,100000000,162000000,83000000,25000000,0,None,None,None,0,None,None,None,None,0,0,None,0,None,162000000,None,95000000
AVGO,2025-07-31,USD,10703000000,15952000000,5249000000,5249000000,5887000000,1072000000,3050000000,4816000000,None,-807000000,None,754000000,None,None,None,2202000000,5285000000,1145000000,None,4140000000,None,5826000000,8028000000,4140000000
AVGO,2025-04-30,USD,10197000000,15004000000,4807000000,4807000000,5829000000,1083000000,2693000000,4368000000,None,-769000000,None,769000000,None,None,None,4340000000,5085000000,120000000,None,4965000000,None,5854000000,10194000000,4965000000
AVGO,2025-01-31,USD,10145000000,14916000000,4771000000,4771000000,6260000000,949000000,2253000000,3885000000,None,-873000000,None,873000000,None,None,None,-103000000,5490000000,-13000000,None,5503000000,None,6363000000,6260000000,5503000000
AVGO,2024-10-31,USD,9002000000,14054000000,5052000000,5052000000,4627000000,1010000000,2234000000,4375000000,None,-455000000,None,864000000,None,None,None,2611000000,3763000000,-442000000,None,4205000000,None,4679000000,7290000000,4324000000
AVGO,2024-07-31,USD,8356000000,13072000000,4716000000,4716000000,3788000000,1100000000,2353000000,4568000000,None,-1064000000,None,1064000000,None,None,None,2524000000,2806000000,4238000000,None,-1432000000,None,3870000000,6394000000,-1875000000
AVGO,2024-04-30,USD,7776000000,12487000000,4711000000,4711000000,2965000000,1277000000,2415000000,4811000000,None,-1047000000,None,1047000000,None,None,None,2530000000,2005000000,-116000000,None,2121000000,None,3052000000,5582000000,2121000000
AVGO,2024-01-31,USD,7375000000,11961000000,4586000000,4586000000,2083000000,1572000000,2308000000,5292000000,None,-926000000,None,926000000,None,None,None,2345000000,1342000000,68000000,None,1274000000,None,2268000000,4613000000,1325000000
AVGO,2023-10-31,USD,6407000000,9295000000,2888000000,2888000000,4240000000,418000000,1388000000,2154000000,None,-405000000,None,405000000,None,None,None,932000000,3967000000,443000000,None,3524000000,None,4372000000,5304000000,3524000000
AVGO,2023-07-31,USD,6164000000,8876000000,2712000000,2712000000,3856000000,388000000,1358000000,2308000000,None,-406000000,None,406000000,None,124000000,None,932000000,3574000000,271000000,None,3303000000,None,3980000000,4912000000,3303000000
AVGO,2023-04-30,USD,6115000000,8733000000,2618000000,2618000000,4008000000,438000000,1312000000,2098000000,None,-405000000,None,405000000,None,113000000,None,939000000,3716000000,235000000,None,3481000000,None,4121000000,5060000000,3481000000
AVGO,2023-01-31,USD,6004000000,8915000000,2911000000,2911000000,4103000000,348000000,1195000000,1901000000,None,-406000000,None,406000000,None,143000000,None,1032000000,3840000000,66000000,None,3774000000,None,4246000000,5278000000,3774000000
AVGO,2022-10-31,USD,5926000000,8930000000,3004000000,3004000000,3986000000,370000000,1197000000,1925000000,None,-406000000,None,406000000,None,40000000,None,1216000000,3620000000,261000000,None,3359000000,None,4026000000,5242000000,3359000000
AVGO,2022-07-31,USD,5681000000,8464000000,2783000000,2783000000,3737000000,323000000,1255000000,1937000000,None,-406000000,None,406000000,None,6000000,None,1217000000,3337000000,263000000,None,3074000000,None,3743000000,4960000000,3074000000
AVGO,2022-04-30,USD,5439000000,8103000000,2664000000,2664000000,3413000000,368000000,1261000000,2027000000,None,-518000000,None,518000000,None,-86000000,None,1264000000,2790000000,200000000,None,2590000000,None,3308000000,4572000000,2590000000
AVGO,2022-01-31,USD,5049000000,7706000000,2657000000,2657000000,3127000000,321000000,1206000000,1924000000,None,-407000000,None,407000000,None,-14000000,None,1287000000,2687000000,215000000,None,2472000000,None,3094000000,4381000000,2472000000
AVGO,2021-10-31,USD,4638000000,7407000000,2769000000,2769000000,2581000000,337000000,1200000000,2057000000,None,-434000000,None,434000000,None,22000000,None,1501000000,2169000000,180000000,None,1989000000,None,2603000000,4104000000,1989000000
AVGO,2021-07-31,USD,4197000000,6778000000,2581000000,2581000000,2126000000,346000000,1205000000,2071000000,None,-415000000,None,415000000,None,15000000,None,1503000000,1726000000,-150000000,None,1876000000,None,2141000000,3644000000,1876000000
AVGO,2021-04-30,USD,4057000000,6610000000,2553000000,2553000000,1975000000,325000000,1238000000,2082000000,None,-466000000,None,466000000,None,-23000000,None,1504000000,1486000000,-7000000,None,1493000000,None,1952000000,3456000000,1493000000
AVGO,2021-01-31,USD,3952000000,6655000000,2703000000,2703000000,1837000000,339000000,1211000000,2115000000,None,-570000000,None,570000000,None,117000000,None,1533000000,1384000000,6000000,None,1378000000,None,1954000000,3487000000,1378000000
AVGO,2020-10-31,USD,3747000000,6467000000,2720000000,2720000000,1526000000,405000000,1182000000,2221000000,None,-420000000,None,420000000,None,None,None,1728000000,1137000000,-187000000,None,1324000000,None,1557000000,3285000000,1324000000
AVGO,2020-07-31,USD,3316000000,5821000000,2505000000,2505000000,1008000000,428000000,1228000000,2308000000,None,-464000000,None,464000000,None,49000000,None,1719000000,593000000,-96000000,None,689000000,None,1057000000,2776000000,688000000
AVGO,2020-04-30,USD,3189000000,5742000000,2553000000,2553000000,766000000,501000000,1269000000,2423000000,None,-487000000,None,487000000,None,130000000,None,1730000000,409000000,-159000000,None,568000000,None,896000000,2626000000,563000000
AVGO,2020-01-31,USD,3264000000,5858000000,2594000000,2594000000,714000000,601000000,1289000000,2550000000,None,-406000000,None,406000000,None,-4000000,None,1728000000,304000000,-76000000,None,380000000,None,710000000,2438000000,385000000
AVGO,2019-10-31,USD,3152000000,5776000000,2624000000,2624000000,1054000000,409000000,1177000000,2098000000,None,-263000000,None,361000000,None,54000000,None,1452000000,747000000,-100000000,None,847000000,None,1108000000,2560000000,847000000
AVGO,2019-07-31,USD,3034000000,5515000000,2481000000,2481000000,865000000,410000000,1235000000,2169000000,None,-362000000,None,362000000,None,41000000,None,1450000000,544000000,-171000000,None,715000000,None,906000000,2356000000,715000000
AVGO,2019-04-30,USD,3089000000,5517000000,2428000000,2428000000,970000000,419000000,1151000000,2119000000,None,-376000000,None,376000000,None,63000000,None,1447000000,657000000,-36000000,None,693000000,None,1033000000,2480000000,691000000
AVGO,2019-01-31,USD,3208000000,5789000000,2581000000,2581000000,555000000,471000000,1133000000,2653000000,None,None,None,345000000,None,68000000,None,1459000000,278000000,-203000000,None,481000000,None,623000000,2082000000,471000000
AVGO,2018-10-31,USD,2935000000,5444000000,2509000000,2509000000,1652000000,237000000,948000000,1283000000,None,None,None,148000000,None,None,None,968000000,1422000000,307000000,None,1115000000,None,1570000000,2538000000,1115000000
AVGO,2018-07-31,USD,2619000000,5063000000,2444000000,2444000000,1339000000,234000000,959000000,1280000000,None,None,None,149000000,None,None,None,965000000,1229000000,32000000,None,1197000000,None,1378000000,2343000000,1196000000
AVGO,2018-04-30,USD,2551000000,5014000000,2463000000,2463000000,1201000000,294000000,936000000,1350000000,None,None,None,148000000,None,None,None,964000000,1099000000,-2637000000,None,3736000000,None,1247000000,2211000000,3718000000
AVGO,2018-01-31,USD,2628000000,5327000000,2699000000,2699000000,943000000,291000000,925000000,1685000000,None,None,None,183000000,None,None,None,1184000000,795000000,-5786000000,None,6581000000,None,978000000,2162000000,6230000000
AVGO,2017-10-31,USD,2383000000,4844000000,2461000000,2461000000,755000000,182000000,828000000,1628000000,None,None,None,119000000,None,None,None,1219000000,645000000,89000000,None,1051000000,None,764000000,1983000000,532000000
AVGO,2017-07-31,USD,2149000000,4463000000,2314000000,2314000000,648000000,200000000,827000000,1501000000,None,None,None,112000000,None,None,None,1211000000,548000000,39000000,None,1556000000,None,660000000,1871000000,481000000
AVGO,2017-04-30,USD,1976000000,4190000000,2214000000,2214000000,474000000,204000000,829000000,1502000000,None,None,None,112000000,None,None,None,1193000000,365000000,-103000000,None,-1074000000,None,477000000,1670000000,440000000
AVGO,2017-01-31,USD,2001000000,4139000000,2138000000,2138000000,506000000,201000000,808000000,1495000000,None,None,None,111000000,None,None,None,1114000000,267000000,10000000,None,257000000,None,378000000,1492000000,239000000
AVGO,2016-10-31,USD,2171000000,4136000000,1965000000,1965000000,381000000,224000000,806000000,1790000000,None,None,None,106000000,None,None,None,700000000,235000000,841000000,None,-1446000000,None,341000000,1041000000,-632000000
AVGO,2016-07-31,USD,1782000000,3792000000,2010000000,2010000000,-264000000,230000000,814000000,2046000000,None,None,None,139000000,None,None,None,1058000000,-420000000,-117000000,None,-303000000,None,-281000000,777000000,-298000000
AVGO,2016-04-30,USD,1046000000,3541000000,2495000000,2495000000,-1001000000,238000000,787000000,2047000000,None,None,None,256000000,None,None,None,1040000000,-1316000000,-99000000,None,0,None,-1060000000,-20000000,-1186000000
AVGO,2016-01-31,USD,941000000,1771000000,830000000,830000000,475000000,114000000,267000000,466000000,None,None,None,84000000,None,None,None,244000000,394000000,17000000,None,0,None,478000000,722000000,377000000
AVGO,2015-10-31,USD,997000000,1840000000,843000000,843000000,514000000,118000000,287000000,483000000,None,None,None,41000000,None,None,None,250000000,485000000,15000000,None,1391000000,None,526000000,776000000,429000000
AVGO,2015-07-31,USD,884000000,1735000000,851000000,851000000,299000000,143000000,276000000,585000000,None,None,None,43000000,None,None,None,256000000,267000000,23000000,None,0,None,310000000,566000000,240000000
AVGO,2015-04-30,USD,846000000,1614000000,768000000,768000000,418000000,108000000,251000000,428000000,None,None,None,53000000,None,None,None,230000000,364000000,25000000,None,0,None,417000000,647000000,344000000
AVGO,2015-01-31,USD,826000000,1635000000,809000000,809000000,401000000,117000000,235000000,425000000,None,None,None,54000000,None,None,None,226000000,351000000,13000000,None,None,None,405000000,631000000,351000000
AVGO,2014-10-31,USD,788000000,1590000000,802000000,802000000,301000000,129000000,234000000,487000000,None,None,None,54000000,None,None,None,250000000,263000000,126000000,None,309000000,None,317000000,567000000,135000000
AVGO,2014-07-31,USD,393000000,1269000000,876000000,876000000,-162000000,137000000,240000000,555000000,None,None,None,55000000,None,None,None,257000000,-219000000,-99000000,None,0,None,-164000000,93000000,-164000000
AVGO,2014-04-30,USD,357000000,701000000,344000000,344000000,160000000,67000000,114000000,197000000,None,None,None,1000000,None,None,None,61000000,159000000,1000000,None,0,None,160000000,221000000,158000000
AVGO,2014-01-31,USD,339000000,709000000,370000000,370000000,139000000,74000000,107000000,200000000,None,None,None,24000000,None,None,None,57000000,139000000,5000000,None,None,None,139000000,196000000,134000000
AVGO,2013-10-31,USD,346000000,738000000,392000000,392000000,170000000,60000000,109000000,176000000,None,None,None,1000000,None,None,None,58000000,180000000,8000000,None,0,None,179000000,237000000,172000000
AVGO,2013-07-31,USD,304000000,644000000,340000000,340000000,140000000,57000000,101000000,164000000,None,None,None,1000000,None,None,None,46000000,144000000,2000000,None,0,None,145000000,191000000,142000000
AVGO,2013-04-30,USD,272000000,562000000,290000000,290000000,118000000,52000000,95000000,153000000,None,None,None,1000000,None,None,None,42000000,118000000,5000000,None,0,None,119000000,161000000,113000000
AVGO,2013-01-31,USD,276000000,576000000,300000000,300000000,124000000,53000000,93000000,151000000,None,None,None,1000000,None,None,None,41000000,126000000,1000000,None,None,None,125000000,166000000,125000000
AVGO,2012-10-31,USD,299000000,618000000,319000000,319000000,164000000,49000000,80000000,134000000,None,None,None,1000000,None,None,None,40000000,165000000,6000000,None,0,None,165000000,205000000,159000000
AVGO,2012-07-31,USD,295000000,606000000,311000000,311000000,149000000,49000000,89000000,144000000,None,None,None,1000000,None,None,None,40000000,150000000,5000000,None,0,None,150000000,190000000,145000000
AVGO,2012-04-30,USD,278000000,577000000,299000000,299000000,137000000,51000000,84000000,140000000,None,None,None,2000000,None,None,None,38000000,140000000,6000000,None,0,None,140000000,178000000,134000000
AVGO,2012-01-31,USD,270000000,563000000,293000000,293000000,132000000,50000000,82000000,137000000,None,None,None,1000000,None,None,None,37000000,130000000,5000000,None,0,None,131000000,168000000,125000000
AVGO,2011-10-31,USD,304000000,623000000,319000000,319000000,159000000,55000000,83000000,144000000,None,None,None,2000000,None,None,None,39000000,159000000,5000000,None,0,None,159000000,198000000,154000000
AVGO,2011-07-31,USD,297000000,603000000,306000000,306000000,145000000,60000000,85000000,150000000,None,None,None,2000000,None,None,None,39000000,145000000,1000000,None,0,None,145000000,184000000,144000000
AVGO,2011-04-30,USD,275000000,560000000,285000000,285000000,138000000,55000000,76000000,136000000,None,None,None,1000000,None,None,None,38000000,137000000,2000000,None,0,None,138000000,176000000,135000000
AVGO,2011-01-31,USD,271000000,550000000,279000000,279000000,142000000,50000000,73000000,129000000,None,None,None,3000000,None,None,None,41000000,120000000,1000000,None,0,None,123000000,164000000,119000000
AVGO,2010-10-31,USD,276000000,572000000,296000000,296000000,145000000,51000000,75000000,131000000,None,None,None,7000000,None,None,None,40000000,138000000,-26000000,None,0,None,145000000,185000000,164000000
AVGO,2010-07-31,USD,263000000,550000000,287000000,287000000,135000000,51000000,71000000,127000000,None,None,None,8000000,None,None,None,40000000,127000000,4000000,None,0,None,135000000,175000000,123000000
AVGO,2010-04-30,USD,233000000,515000000,282000000,282000000,108000000,48000000,70000000,124000000,None,None,None,8000000,None,None,None,40000000,99000000,9000000,None,0,None,107000000,147000000,90000000
AVGO,2010-01-31,USD,194000000,456000000,262000000,262000000,78000000,46000000,64000000,115000000,None,None,None,11000000,None,None,None,39000000,42000000,4000000,None,0,None,53000000,92000000,38000000
AVGO,2009-10-31,USD,178000000,428000000,250000000,250000000,5000000,47000000,65000000,173000000,None,None,None,19000000,None,None,None,40000000,-22000000,-1000000,None,0,None,-3000000,37000000,-21000000
AVGO,2009-07-31,USD,141000000,363000000,222000000,222000000,24000000,40000000,59000000,117000000,None,None,None,20000000,None,None,None,40000000,8000000,6000000,None,0,None,28000000,68000000,2000000
AVGO,2009-04-30,USD,98000000,325000000,227000000,227000000,-11000000,42000000,59000000,109000000,None,None,None,20000000,None,None,None,39000000,-33000000,-2000000,None,0,None,-13000000,26000000,-31000000
AVGO,2009-01-31,USD,143000000,368000000,225000000,225000000,30000000,40000000,62000000,113000000,None,None,None,18000000,None,None,None,41000000,11000000,5000000,None,0,None,29000000,70000000,6000000
AVGO,2008-10-31,USD,168000000,447000000,279000000,279000000,43000000,48000000,69000000,125000000,None,None,None,21000000,None,None,None,42000000,16000000,-9000000,None,0,None,37000000,79000000,18000000
AVGO,2008-07-31,USD,171000000,439000000,268000000,268000000,44000000,50000000,68000000,127000000,None,None,None,20000000,None,None,None,40000000,24000000,5000000,None,0,None,44000000,84000000,44000000
AVGO,2008-04-30,USD,0,411000000,432000000,432000000,78000000,110000000,62000000,0,None,None,None,20000000,None,None,None,None,22000000,4000000,None,0,None,0,None,17000000
AVGO,2008-01-31,USD,0,402000000,0,0,0,116000000,66000000,0,None,None,None,25000000,None,None,None,None,0,3000000,None,0,None,0,None,4000000
AVGO,2007-10-31,USD,None,391000000,263000000,263000000,None,96000000,51000000,None,None,None,None,26000000,None,None,None,None,None,2000000,None,None,None,None,None,None
AVGO,2007-07-31,USD,None,381000000,253000000,253000000,None,97000000,54000000,None,None,None,None,26000000,None,None,None,None,None,3000000,None,None,None,None,None,None
AVGO,2007-04-30,USD,None,380000000,251000000,251000000,None,98000000,51000000,None,None,None,None,28000000,None,None,None,None,None,None,None,None,None,None,None,None
AVGO,2007-01-31,USD,None,375000000,257000000,257000000,None,107000000,50000000,None,None,None,None,29000000,None,None,None,None,None,3000000,None,None,None,None,None,None
TSM,2025-09-30,TWD,5.88543E+11,9.89918E+11,4.01375E+11,4.01375E+11,5.00685E+11,24022200000,63743000000,87858000000,None,23221777000,26180345000,2958568000,None,None,None,1.62787E+11,5.25369E+11,73614000000,None,5.25369E+11,None,5.25369E+11,6.88156E+11,4.52302E+11
TSM,2025-06-30,TWD,5.47369E+11,9.33792E+11,3.86423E+11,3.86423E+11,4.63423E+11,18955373000,61280000000,83946000000,None,21500903000,22723000000,3691095000,None,None,None,3.63197E+11,4.93036E+11,95543000000,None,3.98273E+11,None,4.93036E+11,8.56233E+11,3.98273E+11
TSM,2025-03-31,TWD,4.93395E+11,8.39254E+11,3.45859E+11,3.45859E+11,4.07081E+11,24883748000,56547493000,86314268000,None,22182038000,24859312000,2677274000,None,None,None,1.63412E+11,4.30895E+11,70162751000,None,3.60733E+11,None,4.28218E+11,5.91629E+11,3.61564E+11
TSM,2024-12-31,TWD,5.12379E+11,8.68461E+11,3.56082E+11,3.56082E+11,4.25713E+11,25427009000,57232000000,86666000000,None,21750000000,24273341000,2523215000,None,None,None,1.70378E+11,4.48798E+11,74329000000,None,3.74469E+11,None,4.25713E+11,5.96091E+11,3.7468E+11
TSM,2024-09-30,TWD,4.39346E+11,7.59692E+11,3.20346E+11,3.20346E+11,3.60766E+11,22890591000,52783826000,78579377000,None,19965864000,22601654000,2635790000,None,None,None,1.68229E+11,3.84187E+11,59106682000,None,3.84187E+11,None,3.86823E+11,5.55051E+11,3.25258E+11
TSM,2024-06-30,TWD,3.58124E+11,6.7351E+11,3.15386E+11,3.15386E+11,2.86556E+11,19290282000,48057704000,71568936000,None,18341093000,20979233000,2638140000,None,None,None,1.65167E+11,3.06311E+11,58649137000,None,2.47845E+11,None,3.08949E+11,4.74115E+11,2.47846E+11
TSM,2024-03-31,TWD,3.14505E+11,5.92644E+11,2.78139E+11,2.78139E+11,2.49018E+11,16137086000,46108936000,65486963000,None,16660917000,19359172000,2698255000,None,None,None,1.59023E+11,2.66543E+11,41321941000,None,2.25485E+11,None,2.69241E+11,4.28265E+11,2.25485E+11
TSM,2023-12-31,TWD,3.31768E+11,6.25529E+11,2.93761E+11,2.93761E+11,2.60205E+11,18235339000,50410000000,71563000000,None,14490150000,17408787000,2918637000,None,None,None,1.50648E+11,2.78281E+11,39974000000,None,2.51566E+11,None,2.60205E+11,4.10853E+11,2.38712E+11
TSM,2023-09-30,TWD,2.96643E+11,5.46733E+11,2.5009E+11,2.5009E+11,2.28065E+11,17571000000,51137762000,3.18668E+11,None,12483352000,13650000000,3111922000,None,None,None,1.4728E+11,2.4194E+11,31145000000,None,2.4194E+11,None,2.28065E+11,2.28065E+11,2.11E+11
TSM,2023-06-30,TWD,2.602E+11,4.80841E+11,2.20641E+11,2.20641E+11,2.01958E+11,14163389000,41665000000,2.78883E+11,None,10667000000,11801000000,3005155000,None,None,None,1.23939E+11,2.14675E+11,32958000000,None,1.81717E+11,None,2.01958E+11,3.25897E+11,1.81799E+11
TSM,2023-03-31,TWD,2.865E+11,5.08633E+11,2.22133E+11,2.22133E+11,2.31238E+11,16957177000,44587023000,2.77395E+11,None,10654132000,11693000000,3334985000,None,None,None,1.10323E+11,2.95904E+11,37325895000,None,2.06949E+11,None,2.31238E+11,3.57561E+11,2.33625E+11
TSM,2022-12-31,TWD,3.89183E+11,6.2553E+11,2.36347E+11,2.36347E+11,3.24645E+11,16957177000,44587023000,3.00885E+11,None,7252347000,9486470000,3334985000,None,None,None,1.07582E+11,2.95904E+11,62278689000,None,2.959E+11,None,3.24645E+11,-64540000000,2.33625E+11
TSM,2022-09-30,TWD,3.70499E+11,6.13143E+11,2.42644E+11,2.42644E+11,3.10324E+11,14499002000,42977507000,3.02819E+11,None,3245026000,6615044000,3370018000,None,None,None,1.05346E+11,3.16691E+11,35722460000,None,2.80968E+11,None,3.10324E+11,4.24381E+11,2.80866E+11
TSM,2022-06-30,TWD,3.15468E+11,5.34141E+11,2.18673E+11,2.18673E+11,2.62124E+11,11568594000,39649130000,2.72017E+11,None,641714000,3545945000,2904231000,None,None,None,1.13225E+11,2.65998E+11,28818029000,None,2.3718E+11,None,2.62124E+11,3.81427E+11,2.37027E+11
TSM,2022-03-31,TWD,2.73203E+11,4.91076E+11,2.17873E+11,2.17873E+11,2.2379E+11,10500027000,32239000000,2.67286E+11,None,-466887000,1259000000,2140766000,None,None,None,1.11102E+11,1.84819E+11,18446000000,None,2.02873E+11,None,2.2379E+11,1.68433E+11,1.66232E+11
TSM,2021-12-31,TWD,2.30679E+11,4.38189E+11,2.0751E+11,2.0751E+11,1.82772E+11,15639000000,32239000000,2.55417E+11,None,-712000000,939000000,712000000,None,None,None,1.10663E+11,1.84819E+11,18446000000,None,1.66374E+11,None,1.83966E+11,2.94629E+11,1.66232E+11
TSM,2021-09-30,TWD,2.12746E+11,4.14643E+11,2.01897E+11,2.01897E+11,1.71004E+11,7826613000,30873376000,2.4364E+11,None,22481000,1536000000,1134399000,None,None,None,1.07027E+11,1.49391E+11,14909359000,None,2.01164E+11,None,1.48751E+11,2.52556E+11,1.34359E+11
TSM,2021-06-30,TWD,1.86197E+11,3.72145E+11,1.85948E+11,1.85948E+11,1.45667E+11,7826613000,30873376000,2.26478E+11,None,294282000,1466000000,1134399000,None,None,None,1.03805E+11,1.49391E+11,14909359000,None,1.34482E+11,None,1.45667E+11,2.52556E+11,1.34359E+11
TSM,2021-03-31,TWD,1.89839E+11,3.62474E+11,1.72635E+11,1.72635E+11,1.5712E+11,6387572000,29940412000,2.05354E+11,None,688809000,1956000000,768582000,None,None,None,1.009E+11,1.61107E+11,18282837000,None,1.39739E+11,None,1.50813E+11,2.58094E+11,1.42766E+11
TSM,2020-12-31,TWD,1.95236E+11,3.61581E+11,1.66344E+11,1.66344E+11,1.5712E+11,6387572000,29940412000,2.0446E+11,None,884424000,2240000000,768627000,None,None,None,97561886000,1.61107E+11,18282837000,None,1.42825E+11,None,1.61818E+11,2.5938E+11,1.42766E+11
TSM,2020-09-30,TWD,1.90493E+11,3.56439E+11,1.65946E+11,1.65946E+11,1.50047E+11,9272555000,29683751000,2.06392E+11,None,1524799000,4820918000,373164000,None,None,None,94733076000,1.55124E+11,17745852000,None,1.85714E+11,None,1.53038E+11,2.47771E+11,1.3731E+11
TSM,2020-06-30,TWD,1.64624E+11,3.10629E+11,1.46006E+11,1.46006E+11,1.31095E+11,6894405000,24893043000,1.79535E+11,None,2069217000,4857965000,409145000,None,None,None,70875252000,1.36399E+11,15506124000,None,1.20893E+11,None,1.34696E+11,2.05572E+11,1.20822E+11
TSM,2020-03-31,TWD,1.60777E+11,3.1059E+11,1.49813E+11,1.49813E+11,1.24244E+11,5903061000,25636000000,1.86346E+11,None,2458505000,3759222000,530564000,None,0,None,67532000000,1.28782E+11,12704000000,None,1.17063E+11,None,1.24244E+11,1.91776E+11,1.16035E+11
TSM,2019-12-31,TWD,1.59202E+11,3.17237E+11,1.58035E+11,1.58035E+11,1.24244E+11,9307000000,25636000000,1.92993E+11,None,2675000000,4243946000,645127000,None,0,None,67532000000,1.28782E+11,12704000000,None,1.16078E+11,None,1.28739E+11,1.96271E+11,1.16035E+11
TSM,2019-09-30,TWD,1.39412E+11,2.93026E+11,1.53613E+11,1.53613E+11,1.07887E+11,5810048000,23972076000,1.85138E+11,None,3072664000,4417771000,843434000,None,0,None,66756000000,1.12336E+11,11233817000,None,1.01102E+11,None,1.12754E+11,1.7951E+11,1.0107E+11
TSM,2019-06-30,TWD,1.0373E+11,2.41055E+11,1.37325E+11,1.37325E+11,76304053000,4288263000,21393728000,1.64751E+11,None,3682166000,4187997000,864751000,None,0,None,75048350000,80545440000,13769589000,None,66775851000,None,81536793000,1.56585E+11,66764850000
TSM,2019-03-31,TWD,90357557000,2.1871E+11,1.28352E+11,1.28352E+11,1.07124E+11,5686868000,23689000000,1.11586E+11,None,3509711000,4408776000,875782000,None,0,None,76030000000,1.11082E+11,11077000000,None,61387310000,None,1.07124E+11,1.83154E+11,99984000000
TSM,2018-12-31,TWD,1.40639E+11,2.89771E+11,1.49132E+11,1.49132E+11,1.07124E+11,5686868000,23689000000,1.82647E+11,None,None,None,875782000,None,0,None,76030000000,1.11082E+11,11077000000,None,4186.53,None,1.11937E+11,1.87967E+11,99984000000
TSM,2018-09-30,TWD,1.23367E+11,2.60334E+11,1.36967E+11,1.36967E+11,95245181000,4656730000,21886199000,1.65088E+11,None,None,None,739068000,None,0,None,73609817000,98896942000,9798870000,None,2915989920,None,1.00106E+11,1.73716E+11,89071628000
TSM,2018-06-30,TWD,1.11531E+11,2.3322E+11,1.21689E+11,1.21689E+11,84428146000,5070594000,19891553000,1.48791E+11,None,None,None,628284000,None,None,None,71408684000,87587608000,15294233000,None,2366821359,None,88373869000,1.59783E+11,72290539000
TSM,2018-03-31,TWD,1.96473E+11,2.48079E+11,51606100000,51606100000,1.08895E+11,6018259000,21217212000,1.39184E+11,None,None,None,830509000,None,None,None,70813463000,1.11704E+11,10505558000,None,89787574000,None,1.13773E+11,1.84586E+11,1.01173E+11
TSM,2017-12-31,TWD,1.38748E+11,2.77603E+11,1.38855E+11,1.38855E+11,1.08895E+11,6018259000,21217212000,1.68708E+11,None,None,None,830509000,None,None,None,70813463000,1.11704E+11,10505558000,None,3.0001E+11,None,1.12509E+11,1.83322E+11,1.01173E+11
TSM,2017-09-30,TWD,1.2588E+11,2.52111E+11,1.26231E+11,1.26231E+11,98056433000,5003679000,21045439000,1.54054E+11,None,None,None,843214000,None,None,None,71164662000,1.00518E+11,10568936000,None,1.54E+11,None,1.01005E+11,1.7217E+11,89925437000
TSM,2017-06-30,TWD,1.03811E+11,2.13811E+11,1.1E+11,1.1E+11,83255401000,4927159000,19057456000,1.30555E+11,None,None,None,839913000,None,None,None,57992390000,86117467000,19846815000,None,-1.96592E+11,None,86587830000,1.4458E+11,66271019000
TSM,2017-03-31,TWD,1.08821E+11,2.33938E+11,1.25117E+11,1.25117E+11,1.09907E+11,5698653000,19960877000,1.2403E+11,None,None,None,811428000,None,None,None,56437557000,1.1201E+11,14322484000,None,87620908000,None,1.12439E+11,1.68876E+11,97666830000
TSM,2016-12-31,TWD,1.37109E+11,2.62226E+11,1.25117E+11,1.25117E+11,1.09861E+11,5698653000,19960877000,1.52365E+11,None,None,None,811428000,None,None,None,56437557000,1.1201E+11,14322484000,None,3.31797E+11,None,1.12801E+11,1.69238E+11,97666830000
TSM,2016-09-30,TWD,1.32051E+11,2.60418E+11,1.28367E+11,1.28367E+11,1.06262E+11,5584814000,18724320000,1.54155E+11,None,None,None,822667000,None,None,None,56268794000,1.0825E+11,11460502000,None,0,None,1.08688E+11,1.64957E+11,96759056000
TSM,2016-06-30,TWD,1.14334E+11,2.21803E+11,1.07469E+11,1.07469E+11,91321001000,4667198000,16903540000,1.30482E+11,None,None,None,821425000,None,None,None,55274988000,93406391000,20878112000,None,0,None,94028572000,1.49304E+11,72506321000
TSM,2016-03-31,TWD,98887325000,2.03495E+11,1.04608E+11,1.04608E+11,77963695000,4130899000,15664559000,1.25532E+11,None,None,None,820016000,None,None,None,56255855000,80692318000,11573530000,None,0,None,81709036000,1.37965E+11,69114251000
TSM,2015-12-31,TWD,98924924000,2.03533E+11,1.04608E+11,1.04608E+11,79645795000,4130899000,15664559000,1.23887E+11,None,None,None,820016000,None,None,None,56255855000,80692318000,11573530000,None,3.02833E+11,None,81507797000,1.37764E+11,69114251000
TSM,2015-09-30,TWD,1.02336E+11,2.12524E+11,1.10188E+11,1.10188E+11,78388924000,4296668000,16486365000,1.34135E+11,None,None,None,792941000,None,None,None,56148642000,83394619000,8077319000,None,0,None,80318697000,1.36467E+11,75329224000
TSM,2015-06-30,TWD,99704956000,2.05441E+11,1.05736E+11,1.05736E+11,77069058000,4463580000,16612213000,1.28372E+11,None,None,None,783401000,None,None,None,54623107000,98131683000,18718779000,None,0,None,79419079000,1.34042E+11,79417514000
TSM,2015-03-31,TWD,1.10049E+11,2.22034E+11,1.11986E+11,1.11986E+11,88202037000,4257980000,15947094000,1.33832E+11,None,None,None,822216000,None,None,None,56417442000,89292346000,18918987000,None,0,None,90341593000,1.46759E+11,70393134000
TSM,2014-12-31,TWD,1.10551E+11,2.22536E+11,1.11986E+11,1.11986E+11,89151537000,4257980000,15947094000,1.33385E+11,None,None,None,822216000,None,None,None,56417442000,89292346000,18918987000,None,2.54184E+11,None,90134337000,1.46552E+11,70393134000
TSM,2014-09-30,TWD,1.05578E+11,2.09047E+11,1.03468E+11,1.03468E+11,84431984000,4611885000,15206014000,1.24615E+11,None,None,None,816054000,None,None,None,56232567000,85381192000,9076586000,None,0,None,86210968000,1.42444E+11,76335237000
TSM,2014-06-30,TWD,91192925000,1.83016E+11,91823190000,91823190000,70713919000,5407864000,13609070000,1.12302E+11,None,None,None,801450000,None,None,None,45979114000,74098120000,14438263000,None,0,None,73142288000,1.19121E+11,59702284000
TSM,2014-03-31,TWD,67683161000,1.48233E+11,80549790000,80549790000,48393755000,3762434000,12002069000,99839196000,None,None,None,785136000,None,None,None,41151537000,50847023000,10229121000,None,0,None,50112022000,91263559000,40641056000
TSM,2013-12-31,TWD,65277993000,1.45828E+11,80549790000,80549790000,48361462000,3762434000,12002069000,97466321000,None,None,None,785136000,None,None,None,6201000,50847023000,10229121000,None,1.8385E+11,None,51655313000,51661514000,40641056000
TSM,2013-09-30,TWD,78890811000,1.62527E+11,83636464000,83636464000,59618054000,4738276000,13357075000,1.02909E+11,None,None,None,732326000,None,None,None,40439432000,59349884000,7415132000,None,0,None,61188040000,1.01627E+11,51951943000
TSM,2013-06-30,TWD,76422186000,1.5589E+11,79467520000,79467520000,57629082000,5685570000,11941871000,98260624000,None,None,None,635340000,None,None,None,38094641000,60016679000,8255176000,None,0,None,59211960000,97306601000,51807725000
TSM,2013-03-31,TWD,63433002000,1.32764E+11,69331327000,69331327000,46254682000,4132621000,10504785000,86509647000,None,None,None,334982000,None,None,None,36205009000,46247444000,4763045000,None,0,None,47871742000,84076751000,41569266000
TSM,2012-12-31,TWD,61948319000,1.3128E+11,69331327000,69331327000,46254682000,4132621000,10504785000,85024964000,None,None,None,334982000,None,None,None,36205009000,46247444000,4763045000,None,0,None,46667293000,82872302000,41569266000
TSM,2012-09-30,TWD,69165133000,1.4151E+11,72344501000,72344501000,52797978000,4478517000,10656855000,88711656000,None,None,None,270332000,None,None,None,34678053000,53762341000,4340047000,None,0,None,53868524000,88546577000,49379633000
TSM,2012-06-30,TWD,70033097000,1.27972E+11,57939255000,57939255000,46872088000,4364938000,10068390000,81100264000,None,None,None,197266000,None,None,None,32460831000,45956931000,4157315000,None,0,None,48079150000,80539981000,41843339000
TSM,2012-03-31,TWD,47642449000,1.05582E+11,57939255000,57939255000,32930039000,3910503000,8753900000,72651665000,None,None,None,205986000,None,None,None,27741725000,33620642000,2056136000,None,0,None,33378882000,61120607000,31578669000
TSM,2011-12-31,TWD,46771867000,1.04711E+11,57939255000,57939255000,32930039000,3910503000,8753900000,71781083000,None,None,None,205986000,None,None,None,27741725000,33620642000,2056136000,None,0,None,33840791000,61582516000,31578669000
TSM,2011-09-30,TWD,44770662000,1.06484E+11,61712954000,61712954000,31598074000,3472255000,8619323000,74885542000,None,None,None,177453000,None,None,None,28347540000,32159939000,1726436000,None,0,None,31598074000,59945614000,30394524000
TSM,2011-06-30,TWD,50855959000,1.10508E+11,59652408000,59652408000,37866307000,3438514000,8493049000,72642060000,None,None,None,123339000,None,None,None,27158116000,39054677000,3026478000,None,0,None,38518902000,65677018000,35950334000
TSM,2011-03-31,TWD,50052522000,1.05377E+11,55324973000,55324973000,41513443000,3825487000,8071970000,63864052000,None,None,None,123165000,None,None,None,23304282000,42882314000,2015420000,None,0,None,43482713000,66786995000,40720440000
TSM,2010-12-31,TWD,54817225000,1.10142E+11,55324973000,55324973000,41513443000,3825487000,8071970000,68628755000,None,None,None,123165000,None,None,None,23304282000,42882314000,2015420000,None,0,None,42859025000,66163307000,40720440000
TSM,2010-09-30,TWD,56124775000,1.12247E+11,56121924000,56121924000,43065502000,3575355000,8034839000,69181197000,None,None,None,117288000,None,None,None,22372015000,49675179000,2551723000,None,0,None,44381196000,66753211000,46939527000
TSM,2010-06-30,TWD,51926109000,1.04962E+11,53036208000,53036208000,40468693000,2931179000,7190051000,64493624000,None,None,None,97501000,None,None,None,21131133000,42410131000,1943896000,None,0,None,41426134000,62557267000,40281916000
TSM,2010-03-31,TWD,44786966000,92186686000,47399720000,47399720000,33641888000,3268524000,6567067000,58544798000,None,None,None,93573000,None,None,None,20277361000,35367926000,2507537000,None,0,None,37501388000,57778749000,32666013000
TSM,2009-12-31,TWD,44694689000,92094409000,47399720000,47399720000,33641888000,3268524000,6567067000,58452521000,None,None,None,93573000,None,None,None,20277361000,35367926000,2507537000,None,0,None,35267123000,55544484000,32666013000
TSM,2009-09-30,TWD,42857911000,89935791000,47077880000,47077880000,31984012000,3540976000,6201333000,57951779000,None,None,None,1263238000,None,None,None,20001339000,32957674000,2284863000,None,0,None,31572412000,51573751000,30550787000
TSM,2009-06-30,TWD,34295714000,74211714000,39916000000,39916000000,25126575000,2881000000,5096000000,49085139000,None,None,None,2520000000,None,None,None,20052537000,26389000000,1943000000,None,0,None,23865000000,43917537000,24442000000
TSM,2009-03-31,TWD,20898429195,66169450938,45271021743,45271021743,12547531141,1594563000,4928172161,53621919797,None,None,None,107625000,None,None,None,21342194662,13654245007,508607952,None,0,None,12301183041,33643377703,12947547209
TSM,2008-12-31,TWD,20898429195,66169450938,45271021743,45271021743,12547531141,3422725893,4928172161,53621919797,None,None,None,18773000,None,None,None,21342194662,13654245007,508607952,None,0,None,13456155161,34798349823,12947547209
TSM,2008-09-30,TWD,42981246600,92736246290,49754999690,49754999690,32831507864,4184582614,5965156122,59904738426,None,None,None,1491232726,None,None,None,24264003829,34340082376,3648692470,None,0,None,32651301290,56915305119,30493841546
TSM,2008-06-30,TWD,39298664204,85482402067,46183737863,46183737863,30821628799,3453722817,4956318087,54660773267,None,None,None,1995841140,None,None,None,17075858089,32159302855,3426372548,None,0,None,30163492071,47239350160,28732960663
TSM,2008-03-31,TWD,46008001222,96640339245,50632338023,50632338023,37641170580,2700000,5170875302,58999168665,None,None,None,583647393,None,None,None,20897201782,40326171007,4703389853,None,0,None,40675662931,61572864713,35388625685
TSM,2007-12-31,TWD,46008001222,96640339245,50632338023,50632338023,37641170580,3195955340,5170875302,58999168665,None,None,None,25970000,None,None,None,20897201782,40326171007,4703389853,None,0,None,40092015538,60989217320,35388625685
TSM,2007-09-30,TWD,40286171640,88003773000,47717601360,47717601360,32007298180,3650526880,4628346580,55996474820,None,None,None,2672707180,None,None,None,19128324374,33865155610,3552744910,None,0,None,30931696510,50060020884,30051658780
TSM,2007-06-30,TWD,32232172339,75038872957,42806700617,42806700617,24774093057,3149912590,4308133853,50264779899,None,None,None,3877704691,None,None,None,19478897686,28069485252,2398311749,None,0,None,24045184408,43524082094,25524577350
TSM,2007-03-31,TWD,-27156920105,11308579547,38465499652,38465499652,28409575367,3400000,4872358706,-17100995820,None,None,None,67754521038,None,None,None,24901463716,27887330237,1622667333,None,0,None,-38200391847,-13298928131,27931461858
TSM,2006-12-31,TWD,-27156920105,11308579547,38465499652,38465499652,-37789251533,5760005822,4872358706,49097831081,None,None,None,27327000,None,None,None,24901463716,27887330237,1622667333,None,0,None,29554129191,54455592907,27931461858
TSM,2006-09-30,TWD,39245630057,81392921645,42147291588,42147291588,33020785754,2275850608,3948960596,48372135891,None,None,None,1160399817,None,None,None,16545857253,34575730777,2099232049,None,0,None,33415330960,49961188213,32476498727
TSM,2006-06-30,TWD,40189325703,80137089850,39947764147,39947764147,33175869623,3086183961,3927304543,46961220226,None,None,None,2272235001,None,None,None,16285103204,34661456984,2071657848,None,0,None,33167439287,49452542492,33368016440
TSM,2006-03-31,TWD,43012131125,83533993570,40521862446,40521862446,32322243750,4400000,4063744725,51211749820,None,None,None,5649165538,None,None,None,24355962393,35999261005,1891951685,None,0,None,30292217867,54648180260,34049431720
TSM,2005-12-31,TWD,43012131125,83533993570,40521862446,40521862446,32322276635,6626142949,4063744725,51211716935,None,None,None,81174000,None,None,None,24355962393,35999261005,1891951685,None,0,None,35941383405,60297345798,34049431720
TSM,2005-09-30,TWD,28508365633,64105103947,35596738314,35596738314,23411365033,2057211339,3039756076,40693738914,None,None,None,982611107.1,None,None,None,17252277416,22894440574,-11979824.71,None,0,None,23877051681,41129329097,22906420399
TSLA,2025-09-30,USD,5054000000,28095000000,23041000000,23041000000,1624000000,1562000000,1630000000,3430000000,None,363000000,439000000,76000000,None,None,None,1625000000,1959000000,570000000,None,1389000000,None,2035000000,3660000000,1373000000
TSLA,2025-06-30,USD,3878000000,22496000000,18618000000,18618000000,923000000,1366000000,1589000000,2955000000,None,306000000,392000000,86000000,None,None,None,1433000000,1549000000,359000000,None,1190000000,None,1635000000,3068000000,1172000000
TSLA,2025-03-31,USD,3153000000,19335000000,16182000000,16182000000,399000000,1251000000,1409000000,2754000000,None,309000000,400000000,91000000,None,None,None,1447000000,589000000,169000000,None,420000000,None,680000000,2127000000,409000000
TSLA,2024-12-31,USD,4179000000,25707000000,21528000000,21528000000,1583000000,1313000000,1276000000,2596000000,None,346000000,442000000,96000000,None,None,None,1496000000,2766000000,434000000,None,2332000000,None,2862000000,4358000000,2356000000
TSLA,2024-09-30,USD,4997000000,25182000000,20185000000,20185000000,2717000000,1186000000,1039000000,2280000000,None,337000000,429000000,92000000,None,None,None,1348000000,2784000000,601000000,None,2183000000,None,2876000000,4224000000,2167000000
TSLA,2024-06-30,USD,4578000000,25500000000,20922000000,20922000000,1605000000,1277000000,1074000000,2973000000,None,262000000,348000000,86000000,None,None,None,1278000000,1787000000,371000000,None,1494000000,None,1973000000,3251000000,1400000000
TSLA,2024-03-31,USD,3696000000,21301000000,17605000000,17605000000,1171000000,1374000000,1151000000,2525000000,None,274000000,350000000,76000000,None,None,None,1246000000,1888000000,483000000,None,1144000000,None,1629000000,2875000000,1390000000
TSLA,2023-12-31,USD,4438000000,25167000000,20729000000,20729000000,2064000000,1280000000,1094000000,2374000000,None,272000000,333000000,61000000,None,None,None,1232000000,2191000000,-5752000000,None,7943000000,None,2252000000,3484000000,7930000000
TSLA,2023-09-30,USD,4178000000,23350000000,19172000000,19172000000,1764000000,1253000000,1161000000,2414000000,None,244000000,244000000,38000000,None,None,None,1235000000,2045000000,167000000,None,1878000000,None,2083000000,3318000000,1853000000
TSLA,2023-06-30,USD,4533000000,24927000000,20394000000,20394000000,2399000000,1191000000,943000000,2134000000,None,210000000,238000000,28000000,None,566000000,None,1154000000,2937000000,323000000,None,2614000000,None,2399000000,3553000000,2703000000
TSLA,2023-03-31,USD,4511000000,23329000000,18818000000,18818000000,2664000000,1076000000,771000000,1847000000,None,184000000,184000000,29000000,None,165000000,None,1046000000,2800000000,261000000,None,2539000000,None,2664000000,3710000000,2513000000
TSLA,2022-12-31,USD,5777000000,24318000000,18541000000,18541000000,3901000000,4311000,810000000,1842000000,None,124000000,157000000,33000000,None,None,None,989000000,3983000000,276000000,None,3707000000,None,3901000000,4890000000,3687000000
TSLA,2022-09-30,USD,5382000000,21454000000,16072000000,16072000000,3688000000,961000000,733000000,1694000000,None,33000000,33000000,53000000,None,1000000,None,956000000,3636000000,305000000,None,3331000000,None,3688000000,4644000000,3292000000
TSLA,2022-06-30,USD,4234000000,16934000000,12700000000,12700000000,2464000000,961000000,667000000,1628000000,None,-18000000,26000000,44000000,None,54000000,None,922000000,2474000000,205000000,None,2269000000,None,2464000000,3386000000,2259000000
TSLA,2022-03-31,USD,5460000000,18756000000,13296000000,13296000000,3603000000,992000000,865000000,1857000000,None,-33000000,28000000,61000000,None,84000000,None,880000000,3626000000,346000000,None,3280000000,None,3603000000,4483000000,3280000000
TSLA,2021-12-31,USD,4847000000,17719000000,12872000000,12872000000,2567000000,1494000000,740000000,2234000000,None,-46000000,25000000,71000000,None,93000000,None,848000000,2635000000,292000000,None,2343000000,None,2706000000,3554000000,2343000000
TSLA,2021-09-30,USD,3660000000,13757000000,10097000000,10097000000,2004000000,994000000,611000000,1605000000,None,-116000000,10000000,126000000,None,4000000,None,761000000,1882000000,223000000,None,1659000000,None,2004000000,2765000000,1618000000
TSLA,2021-06-30,USD,2884000000,11958000000,9074000000,9074000000,1312000000,973000000,576000000,1549000000,None,-64000000,11000000,75000000,None,56000000,None,681000000,1293000000,115000000,None,1178000000,None,1312000000,1993000000,1142000000
TSLA,2021-03-31,USD,2215000000,10389000000,8174000000,8174000000,594000000,1056000000,666000000,1722000000,None,-89000000,10000000,99000000,None,38000000,None,621000000,533000000,69000000,None,464000000,None,594000000,1215000000,438000000
TSLA,2020-12-31,USD,2066000000,10744000000,8678000000,8678000000,575000000,969000000,522000000,1491000000,None,-240000000,6000000,246000000,None,50000000,None,618000000,379000000,83000000,None,296000000,None,575000000,1193000000,239000000
TSLA,2020-09-30,USD,2063000000,8771000000,6708000000,6708000000,809000000,888000000,366000000,1254000000,None,-157000000,6000000,163000000,None,-91000000,None,584000000,555000000,186000000,None,369000000,None,809000000,1393000000,331000000
TSLA,2020-06-30,USD,1267000000,6036000000,4769000000,4769000000,327000000,661000000,279000000,940000000,None,-162000000,8000000,170000000,None,-7000000,None,567000000,150000000,21000000,None,129000000,None,327000000,894000000,104000000
TSLA,2020-03-31,USD,1234000000,5985000000,4751000000,4751000000,239000000,627000000,324000000,951000000,None,-159000000,10000000,169000000,None,-44000000,None,553000000,70000000,2000000,None,68000000,None,239000000,792000000,68000000
TSLA,2019-12-31,USD,1391000000,7384000000,5993000000,5993000000,359000000,699000000,345000000,1044000000,None,-160000000,10000000,170000000,None,None,None,577000000,174000000,42000000,None,132000000,None,359000000,936000000,105000000
TSLA,2019-09-30,USD,1191000000,6303000000,5112000000,5112000000,361000000,596000000,334000000,930000000,None,-170000000,15000000,185000000,None,100000000,None,530851000,176000000,26000000,None,150000000,None,361000000,891851000,143000000
TSLA,2019-06-30,USD,921046000,6349676000,5428630000,5428630000,-80507000,647261000,323898000,971159000,None,-161617000,10362000,171979000,None,-30394000,None,578572000,-369831000,19431000,None,-389262000,None,-80507000,498065000,-389262000
TSLA,2019-03-31,USD,565743000,4541464000,3975721000,3975721000,-443848000,703929000,340174000,1044103000,None,-148691000,8762000,157453000,None,34512000,None,467577000,-644772000,22873000,None,-667645000,None,-443848000,23729000,-667645000
TSLA,2018-12-31,USD,1442900000,7225873000,5782973000,5782973000,251776000,667452000,356297000,1023749000,None,None,None,174723000,None,-6857000,None,496737000,231956000,21878000,None,210078000,None,413536000,910273000,210078000
TSLA,2018-09-30,USD,1523665000,6824413000,5300748000,5300748000,416757000,729876000,350848000,1080724000,None,None,None,175220000,None,29783000,None,502825000,271320000,16647000,None,254673000,None,416757000,919582000,311516000
TSLA,2018-06-30,USD,618930000,4002231000,3383301000,3383301000,-461983000,750759000,386129000,1136888000,None,None,None,163582000,None,55975000,None,485255000,-728999000,13707000,None,-742706000,None,-461983000,23272000,-742706000
TSLA,2018-03-31,USD,456526000,3408751000,2952225000,2952225000,-596974000,686404000,367096000,1053500000,None,None,None,149546000,None,-32502000,None,416233000,-779022000,5605000,None,-784627000,None,-596974000,-180741000,-709551000
TSLA,2017-12-31,USD,438786000,3288249000,2849463000,2849463000,-598141000,682290000,354637000,1036927000,None,None,None,146363000,None,-35397000,None,469606000,-779901000,-9094000,None,-770807000,None,-598141000,-128535000,-770807000
TSLA,2017-09-30,USD,449140000,2984675000,2535535000,2535535000,-535480000,652998000,331622000,984620000,None,None,None,117109000,None,-18859000,None,400624000,-671448000,-285000,None,-671163000,None,-535480000,-134856000,-619376000
TSLA,2017-06-30,USD,666615000,2789557000,2122942000,2122942000,-277339000,537757000,369774000,907531000,None,None,None,108441000,None,-36423000,None,389171000,-385780000,15647000,None,-401427000,None,-277339000,111832000,-336397000
TSLA,2017-03-31,USD,667946000,2696270000,2028324000,2028324000,-272557000,603455000,322040000,925495000,None,None,None,99346000,None,-15008000,None,376602000,-371903000,25278000,None,-397181000,None,-272557000,104045000,-330277000
TSLA,2016-12-31,USD,435278000,2284631000,1849353000,1849353000,-143295000,456016000,245960000,701976000,None,None,None,65104000,None,123403000,None,326939000,-208399000,11070000,None,-219469000,None,-143295000,183644000,-219469000
TSLA,2016-09-30,USD,636735000,2298436000,1661701000,1661701000,85622000,336811000,214302000,551113000,None,None,None,46713000,None,-8898000,None,280468000,30011000,8133000,None,21878000,None,85622000,366090000,21878000
TSLA,2016-06-30,USD,274776000,1270017000,995241000,995241000,-238040000,321152000,191664000,512816000,None,None,None,46368000,None,-5131000,None,183232000,-289539000,3649000,None,-293188000,None,-238040000,-54808000,-293188000
TSLA,2016-03-31,USD,252468000,1147048000,894580000,894580000,-248224000,318210000,182482000,500692000,None,None,None,40625000,None,10428000,None,156460000,-278421000,3846000,None,-282267000,None,-248224000,-91764000,-282267000
TSLA,2015-12-31,USD,218564000,1214380000,995816000,995816000,-260333000,288654000,190243000,478897000,None,None,None,38617000,None,-16399000,None,143723000,-315349000,5048000,None,-320397000,None,-260333000,-116610000,-320397000
TSLA,2015-09-30,USD,231496000,936789000,705293000,705293000,-183662000,236367000,178791000,415158000,None,None,None,29308000,None,-15104000,None,110366000,-228074000,1784000,None,-229858000,None,-183662000,-73296000,-229858000
TSLA,2015-06-30,USD,213370000,954976000,741606000,741606000,-170188000,201846000,181712000,383558000,None,None,None,24352000,None,13480000,None,91389000,-181060000,3167000,None,-184227000,None,-170188000,-78799000,-184227000
TSLA,2015-03-31,USD,260073000,939880000,679807000,679807000,-102446000,195365000,167154000,362519000,None,None,None,26574000,None,-22121000,None,77112000,-151141000,3040000,None,-154181000,None,-102446000,-25334000,-154181000
TSLA,2014-12-31,USD,261697000,956661000,694964000,694964000,-74838000,196970000,139565000,336535000,None,None,None,28703000,None,-371000,None,67976000,-103910000,3719000,None,-107632000,None,-74838000,-6862000,-107629000
TSLA,2014-09-30,USD,251851000,851804000,599953000,599953000,-41919000,155107000,135873000,290980000,None,None,None,29062000,None,-2790000,None,64972000,-70981000,3727000,None,-74708000,None,-41919000,23053000,-74708000
TSLA,2014-06-30,USD,212995000,769349000,556354000,556354000,-29512000,134031000,107717000,241748000,None,None,None,31238000,None,-759000,None,54715000,-60750000,1150000,None,-61900000,None,-29512000,25203000,-61900000
TSLA,2014-03-31,USD,155128000,620542000,465414000,465414000,-37108000,117551000,81544000,199095000,None,None,None,11883000,None,6859000,None,44268000,-48991000,809000,None,-49800000,None,-37108000,7160000,-49800000
TSLA,2013-12-31,USD,156589000,615219000,458630000,458630000,-8677000,101489000,68453000,169942000,None,None,None,6229000,None,4655000,None,37585000,-14906000,1358000,None,-16264000,None,-8677000,28908000,-16264000
TSLA,2013-09-30,USD,102868000,431346000,328478000,328478000,-30554000,77071000,56351000,133422000,None,None,None,6492000,None,-672000,None,28450000,-37718000,778000,None,-38496000,None,-30554000,-2104000,-38496000
TSLA,2013-06-30,USD,100483000,405139000,304656000,304656000,-10085000,59963000,52312000,112275000,None,None,None,20116000,None,1707000,None,22198000,-30201000,301000,None,-30502000,None,-10085000,12113000,-30502000
TSLA,2013-03-31,USD,96320000,561792000,465472000,465472000,11517000,47045000,54859000,101904000,None,None,None,118000,None,17101000,None,17850000,11399000,151000,None,11248000,None,11517000,29367000,11248000
TSLA,2012-12-31,USD,23857000,306332000,282475000,282475000,-90883000,45908000,68832000,114740000,None,None,None,26000,None,831000,None,12792000,-90079000,-148000,None,-89933000,None,-90883000,-78091000,-89931000
TSLA,2012-09-30,USD,-8761000,50104000,58865000,58865000,-108460000,37798000,61901000,99699000,None,None,None,78000,None,-2150000,None,7522000,-110688000,116000,None,-110804000,None,-108460000,-100938000,-110804000
TSLA,2012-06-30,USD,4762000,26653000,21891000,21891000,-106175000,36083000,74854000,110937000,None,None,None,84000,None,765000,None,4348000,-105494000,109000,None,-105603000,None,-106175000,-101827000,-105603000
TSLA,2012-03-31,USD,10210000,30167000,19957000,19957000,-88763000,30582000,68391000,98973000,None,None,None,65000,None,-986000,None,4163000,-89814000,59000,None,-89873000,None,-88763000,-84600000,-89873000
TSLA,2011-12-31,USD,7835000,39375000,31540000,31540000,-80927000,27557000,61205000,88762000,None,None,None,43000,None,None,None,4804000,-81377000,112000,None,0,None,-80927000,-76123000,-81489000
TSLA,2011-09-30,USD,17224000,57666000,40442000,40442000,-64477000,27618000,54083000,81701000,None,None,None,80000,None,-514000,None,4280000,-64991000,87000,None,-65078000,None,-64477000,-60197000,-65078000
TSLA,2011-06-30,USD,18508000,58171000,39663000,39663000,-58739000,24716000,52531000,77247000,None,None,None,46000,None,-25000,None,4318000,-58764000,139000,None,-58903000,None,-58739000,-54421000,-58903000
TSLA,2011-03-31,USD,18028000,49030000,31002000,31002000,-47346000,24212000,41162000,65374000,None,None,None,40000,None,None,None,3517000,-48791000,150000,None,0,None,-47346000,-43829000,-48941000
TSLA,2010-12-31,USD,11321000,36286000,24965000,24965000,-51645000,25349000,37617000,62966000,None,None,None,63000,None,None,None,2890000,-51395000,-37000,None,0,None,-51645000,-48755000,-51358000
TSLA,2010-09-30,USD,9296000,31241000,21945000,21945000,-37834000,20432000,26698000,47130000,None,None,None,298000,None,None,None,3109000,-34852000,83000,None,0,None,-37834000,-34725000,-34935000
TSLA,2010-06-30,USD,6261000,28405000,22144000,22144000,-31362000,37623000,15416000,37623000,None,None,None,464000,None,None,None,2483000,-38508000,9000,None,0,None,-31362000,-28879000,-38517000
TSLA,2010-03-31,USD,3852000,20812000,16960000,16960000,-25998000,29850000,13265000,29850000,None,None,None,230000,None,None,None,2141000,-29401000,118000,None,0,None,-25998000,-23857000,-29519000
TSLA,2009-12-31,USD,1781000,18585000,16804000,16804000,-22925000,24706000,8143000,24706000,None,None,None,25000,None,None,None,1935000,-24013000,229000,None,0,None,-22925000,-20990000,-24242000
TSLA,2009-09-30,USD,7699000,45527000,37828000,37828000,-4291000,11990000,1257000,11990000,None,None,None,18000,None,None,None,1948000,-4834000,-219000,None,0,None,-4291000,-2343000,-4615000
TSLA,2009-06-30,USD,2101000,26945000,24844000,24844000,-8087000,10188000,1941000,10188000,None,None,None,1086000,None,None,None,1685000,-10859000,8000,None,0,None,-8087000,-6402000,-10867000
TSLA,2009-03-31,USD,-2046000,20886000,22932000,22932000,-16594000,14548000,7941000,14548000,None,None,None,1402000,None,None,None,1372000,-16008000,8000,None,0,None,-16594000,-15222000,-16016000
TSLA,2008-12-31,USD,-1702000,14162000,15864000,15864000,-23224000,77363000,11826000,21522000,None,None,None,1099000,None,None,None,1294000,-25474000,24000,None,0,None,-23224000,-21930000,-25498000
TSLA,2008-09-30,USD,-1702000,14162000,15864000,15864000,-23224000,None,11826000,21522000,None,None,None,1099000,None,None,None,1294000,-25474000,24000,None,None,None,-23224000,-21930000,-25498000
TSLA,2008-03-31,USD,-285250,3685500,3970750,3970750,-19626000,5912250,13428500,-19340750,None,None,None,936750,None,None,None,108500,-20671250,24250,None,None,None,-19626000,-19517500,-20695500
TSLA,2007-12-31,USD,-285250,3685500,3970750,3970750,-19626000,5912250,13428500,-19340750,None,None,None,936750,None,None,None,108500,-20671250,24250,None,None,None,-19626000,-19517500,-20695500
TSLA,2007-03-31,USD,16000,18250,2250,2250,-19983250,4311000,15688250,-19999250,None,None,None,471500,None,None,None,471500,-19511750,27500,None,None,None,-19983250,-19511750,-19539250
BRK-B,2025-09-30,USD,22121000000,94972000000,72851000000,72851000000,15836000000,6285000000,None,6285000000,None,None,22269000000,325000000,None,None,None,3333000000,38105000000,7241000000,None,None,None,37775000000,41108000000,30796000000
BRK-B,2025-06-30,USD,44058000000,98879000000,54821000000,54821000000,14750000000,9818000000,None,29308000000,None,-1253000000,5379000000,1253000000,None,None,None,3329000000,14750000000,2293000000,None,12457000000,None,16003000000,19332000000,12370000000
BRK-B,2025-03-31,USD,29025000000,83290000000,54265000000,54265000000,5148000000,9568000000,None,23877000000,None,-1257000000,5632000000,1257000000,None,None,None,3265000000,5148000000,476000000,None,4672000000,None,6405000000,9670000000,4603000000
BRK-B,2024-12-31,USD,13433000000,1.01468E+11,88035000000,88035000000,24025000000,10215000000,None,-10592000000,None,-1440000000,6375000000,1440000000,None,None,None,3283000000,24025000000,4274000000,None,19751000000,None,25465000000,28748000000,19694000000
BRK-B,2024-09-30,USD,8540000000,92995000000,30323000000,30323000000,-42360000000,9098000000,None,50900000000,None,-1214000000,5896000000,1214000000,None,None,None,3206000000,32286000000,6028000000,None,26480000000,None,33722000000,36928000000,26251000000
BRK-B,2024-06-30,USD,60367000000,1.1751E+11,57143000000,57143000000,38137000000,6934000000,None,22230000000,None,-1230000000,5249000000,1230000000,None,None,None,3198000000,38137000000,7639000000,None,30498000000,None,39367000000,42565000000,30348000000
BRK-B,2024-03-31,USD,36560000000,91745000000,55185000000,55185000000,15706000000,7232000000,None,20854000000,None,-1316000000,4305000000,1316000000,None,None,None,3168000000,15706000000,2874000000,None,12832000000,None,17022000000,20190000000,12702000000
BRK-B,2023-12-31,USD,83480000000,1.3019E+11,46710000000,46710000000,46938000000,11345000000,None,36542000000,None,-1276000000,4439000000,1276000000,None,None,None,3129000000,46938000000,9180000000,None,37758000000,None,48214000000,51343000000,37574000000
BRK-B,2023-09-30,USD,32383000000,63432000000,31049000000,31049000000,12557000000,1489000000,None,49604000000,None,-1260000000,29516000000,1260000000,None,None,None,3210000000,-16959000000,-4392000000,None,-12567000000,None,9347000000,12557000000,-12767000000
BRK-B,2023-06-30,USD,1.25564E+11,1.25564E+11,73197000000,73197000000,45435000000,1457000000,None,80129000000,None,-1249000000,3846000000,1249000000,None,None,None,3096000000,45435000000,9236000000,None,36199000000,None,-21458000000,-18362000000,35912000000
BRK-B,2023-03-31,USD,1.20151E+11,1.20151E+11,30319000000,30319000000,44752000000,1477000000,None,75399000000,None,-1218000000,35446000000,1218000000,None,35446000000,None,3051000000,44752000000,8995000000,None,35757000000,None,45717000000,48768000000,35504000000
BRK-B,2022-12-31,USD,36208000000,1.60527E+11,1.24319E+11,1.24319E+11,90110000000,1402000000,None,70417000000,None,-1139000000,15278000000,1139000000,None,None,None,2758000000,22211000000,3890000000,None,18321000000,None,23193000000,25951000000,18164000000
BRK-B,2022-09-30,USD,76934000000,76934000000,13465000000,13465000000,9348000000,1418000000,None,67586000000,None,-1092000000,13024000000,1092000000,None,-13024000000,None,2728000000,-4117000000,-1529000000,None,-2588000000,None,-3125000000,-397000000,-2688000000
BRK-B,2022-06-30,USD,76180000000,76180000000,66919000000,66919000000,11437000000,1498000000,None,64743000000,None,-1087000000,2861000000,1087000000,None,-66688000000,None,2710000000,-55482000000,-12106000000,None,-43376000000,None,-54774000000,-52064000000,-43755000000
BRK-B,2022-03-31,USD,70810000000,70810000000,1978000000,1978000000,8790000000,1232000000,None,62020000000,None,-1034000000,1862000000,1034000000,None,-1602000000,None,2703000000,6812000000,1227000000,None,5585000000,None,7721000000,10424000000,5460000000
BRK-B,2021-12-31,USD,33783000000,33783000000,-1.28173E+11,-1.28173E+11,-29589000000,1221000000,None,63372000000,None,-990000000,1921000000,990000000,None,40747000000,None,2705000000,48953000000,9055000000,None,39898000000,None,49691000000,52396000000,39646000000
BRK-B,2021-09-30,USD,75504000000,75504000000,33597000000,33597000000,12484000000,1116000000,None,63020000000,None,-1056000000,5298000000,1056000000,None,5298000000,None,2668000000,12484000000,1840000000,None,10644000000,None,13240000000,15908000000,10344000000
BRK-B,2021-06-30,USD,96508000000,96508000000,32963000000,32963000000,35721000000,982000000,None,60787000000,None,-1076000000,1898000000,1076000000,None,27541000000,None,2672000000,35721000000,7296000000,None,28425000000,None,36466000000,39138000000,28094000000
BRK-B,2021-03-31,USD,70299000000,70299000000,26530000000,26530000000,14528000000,882000000,None,55771000000,None,-1050000000,1851000000,1050000000,None,5951000000,None,2673000000,14528000000,2688000000,None,11840000000,None,15449000000,18122000000,11711000000
BRK-B,2020-12-31,USD,62989000000,62989000000,-81430000000,-81430000000,4657000000,915000000,None,58332000000,None,-1057000000,1949000000,1057000000,None,None,None,2904000000,45403000000,9273000000,None,36130000000,None,46165000000,49069000000,35835000000
BRK-B,2020-09-30,USD,94606000000,94606000000,29912000000,29912000000,37930000000,854000000,None,56676000000,None,-1000000000,1717000000,1000000000,None,None,None,2583000000,37930000000,7517000000,None,30413000000,None,38654000000,41237000000,30137000000
BRK-B,2020-06-30,USD,96925000000,96925000000,55584000000,55584000000,35409000000,749000000,None,61516000000,None,-1002000000,2150000000,1002000000,None,-257000000,None,2524000000,35409000000,9002000000,None,26407000000,None,36299000000,38823000000,26295000000
BRK-B,2020-03-31,USD,61265000000,61265000000,29116000000,29116000000,7226000000,1002000000,None,54039000000,None,-1024000000,2276000000,1024000000,None,300000000,None,2585000000,-63049000000,-13352000000,None,-49697000000,None,-62074000000,-59489000000,-49746000000
BRK-B,2019-12-31,USD,24072000000,24072000000,-1.23503E+11,-1.23503E+11,-35806000000,973000000,None,59878000000,None,-993000000,2345000000,993000000,None,31551000000,None,2657000000,36801000000,7571000000,None,29230000000,None,37723000000,40380000000,29159000000
BRK-B,2019-09-30,USD,75898000000,75898000000,26950000000,26950000000,20489000000,1010000000,None,55409000000,None,-985000000,2483000000,985000000,None,11570000000,None,2534000000,20489000000,3832000000,None,16657000000,None,21341000000,23875000000,16524000000
BRK-B,2019-06-30,USD,73646000000,73646000000,27047000000,27047000000,17759000000,1000000000,None,55887000000,None,-992000000,2295000000,992000000,None,10172000000,None,2456000000,17759000000,3586000000,None,14173000000,None,18651000000,21107000000,14073000000
BRK-B,2019-03-31,USD,81000000000,81000000000,25767000000,25767000000,27647000000,1020000000,None,53353000000,None,-991000000,2117000000,991000000,None,20490000000,None,2417000000,27647000000,5915000000,None,21732000000,None,28567000000,30984000000,21661000000
BRK-B,2018-12-31,USD,50661000000,50661000000,-91093000000,-91093000000,-10266000000,4061000000,0,60927000000,None,None,None,1244000000,None,-38719000000,None,2610000000,-32721000000,-7330000000,None,-25391000000,None,-31478000000,-28868000000,-25392000000
BRK-B,2018-09-30,USD,78156000000,78156000000,1273000000,1273000000,23147000000,564000000,0,55009000000,None,None,None,896000000,None,15022000000,None,2395000000,23147000000,4440000000,None,18707000000,None,23876000000,26271000000,18540000000
BRK-B,2018-06-30,USD,68562000000,68562000000,35660000000,35660000000,15098000000,4150000000,0,53464000000,None,None,None,521000000,None,6689000000,None,2387000000,15098000000,3021000000,None,12077000000,None,15553000000,17940000000,12011000000
BRK-B,2018-03-31,USD,50458000000,50458000000,25415000000,25415000000,-1523000000,4024000000,0,51981000000,None,None,None,1192000000,None,-7614000000,None,2387000000,-1523000000,-452000000,None,-1071000000,None,-398000000,1989000000,-1138000000
BRK-B,2017-12-31,USD,58907000000,58907000000,-81482000000,-81482000000,6391000000,4140000000,0,52516000000,None,None,None,1594000000,None,None,None,2353000000,6391000000,-26265000000,None,45721000000,None,7880000000,10233000000,32551000000
BRK-B,2017-09-30,USD,60525000000,60525000000,25815000000,25815000000,5630000000,3965000000,0,54895000000,None,None,None,1233000000,None,252000000,None,2296000000,5630000000,1427000000,None,4203000000,None,6727000000,9023000000,4067000000
BRK-B,2017-06-30,USD,57518000000,57518000000,48912000000,48912000000,6129000000,7694000000,0,51389000000,None,None,None,1500000000,None,309000000,None,2296000000,6129000000,1774000000,None,4355000000,None,7536000000,9832000000,4262000000
BRK-B,2017-03-31,USD,65187000000,65187000000,867000000,867000000,5688000000,442000000,0,59499000000,None,None,None,1067000000,None,239000000,None,2243000000,5688000000,1549000000,None,4139000000,None,6676000000,8919000000,4060000000
BRK-B,2016-12-31,USD,57673000000,57673000000,-70177000000,-70177000000,9314000000,438000000,None,48359000000,None,None,None,554000000,None,None,None,2296000000,9314000000,2959000000,None,6355000000,None,9799000000,12095000000,6286000000
BRK-B,2016-09-30,USD,59068000000,59068000000,886000000,886000000,10525000000,465000000,None,48543000000,None,None,None,1043000000,None,None,None,2246000000,10525000000,3192000000,None,7333000000,None,11433000000,13679000000,7198000000
BRK-B,2016-06-30,USD,54460000000,54460000000,31563000000,31563000000,7372000000,4066000000,None,47088000000,None,None,None,727000000,None,None,None,2234000000,7372000000,2290000000,None,5082000000,None,8018000000,10252000000,5001000000
BRK-B,2016-03-31,USD,52403000000,52403000000,22796000000,22796000000,6456000000,3722000000,None,45947000000,None,None,None,1173000000,None,None,None,2125000000,6456000000,799000000,None,5657000000,None,7561000000,9686000000,5589000000
BRK-B,2015-12-31,USD,51820000000,51820000000,1.17594E+11,1.17594E+11,7381000000,3546000000,None,44439000000,None,None,None,808000000,None,None,None,1978000000,7381000000,1834000000,None,None,None,8120000000,10098000000,5478000000
BRK-B,2015-09-30,USD,58989000000,58989000000,22297000000,22297000000,14072000000,3721000000,None,44917000000,None,None,None,865000000,None,None,None,1989000000,14072000000,4545000000,None,9527000000,None,14838000000,16827000000,9428000000
BRK-B,2015-06-30,USD,51368000000,51368000000,42189000000,42189000000,5846000000,6091000000,None,45522000000,None,None,None,967000000,None,None,None,1941000000,5846000000,1739000000,None,4107000000,None,6719000000,8660000000,4013000000
BRK-B,2015-03-31,USD,48644000000,48644000000,659000000,659000000,7647000000,365000000,None,40997000000,None,None,None,875000000,None,None,None,1871000000,7647000000,2414000000,None,5233000000,None,8453000000,10324000000,5164000000
BRK-B,2014-12-31,USD,48259000000,48259000000,1.11009E+11,1.11009E+11,5841000000,379000000,None,42418000000,None,None,None,830000000,None,None,None,1934000000,5841000000,1623000000,None,None,None,6608000000,8542000000,4155000000
BRK-B,2014-09-30,USD,51199000000,51199000000,762000000,762000000,6750000000,344000000,None,44449000000,None,None,None,817000000,None,None,None,1854000000,6750000000,2029000000,None,4721000000,None,7463000000,9317000000,4617000000
BRK-B,2014-06-30,USD,49762000000,49762000000,692000000,692000000,8916000000,423000000,None,40846000000,None,None,None,824000000,None,None,None,1810000000,8916000000,2458000000,None,6458000000,None,9677000000,11487000000,6395000000
BRK-B,2014-03-31,USD,45453000000,45453000000,589000000,589000000,6598000000,377000000,None,38855000000,None,None,None,782000000,None,None,None,1772000000,6598000000,1825000000,None,4773000000,None,7312000000,9084000000,4705000000
BRK-B,2013-12-31,USD,47049000000,47049000000,1.0221E+11,1.0221E+11,7232000000,3228000000,None,39817000000,None,None,None,718000000,None,None,None,2472000000,7232000000,2169000000,None,None,None,7877000000,10349000000,4990000000
BRK-B,2013-09-30,USD,46541000000,46541000000,19399000000,19399000000,7378000000,2909000000,None,39163000000,None,None,None,706000000,None,None,None,1354000000,7378000000,2225000000,None,5153000000,None,7984000000,9338000000,5053000000
BRK-B,2013-06-30,USD,44693000000,44693000000,19373000000,19373000000,6891000000,2926000000,None,37802000000,None,None,None,691000000,None,None,None,1345000000,6891000000,2279000000,None,4612000000,None,7511000000,8856000000,4541000000
BRK-B,2013-03-31,USD,43867000000,43867000000,18284000000,18284000000,7295000000,2854000000,None,36572000000,None,None,None,686000000,None,None,None,1337000000,7295000000,2278000000,None,None,None,7856000000,9193000000,4892000000
BRK-B,2012-12-31,USD,44720000000,44720000000,75222000000,75222000000,6754000000,3026000000,None,37966000000,None,None,None,665000000,None,None,None,1332000000,6754000000,2093000000,None,None,None,7309000000,8641000000,4551000000
BRK-B,2012-09-30,USD,766000000,41050000000,40284000000,40284000000,5936000000,2573000000,None,-5170000000,None,None,None,692000000,None,None,None,1296000000,5936000000,1882000000,None,None,None,6628000000,7924000000,3920000000
BRK-B,2012-06-30,USD,-1033000000,38546000000,39579000000,39579000000,4615000000,2476000000,None,-5648000000,None,None,None,696000000,None,None,None,1265000000,4615000000,1384000000,None,None,None,5311000000,6576000000,3108000000
BRK-B,2012-03-31,USD,1092000000,38147000000,37055000000,37055000000,4931000000,2428000000,None,-3839000000,None,None,None,691000000,None,None,None,1253000000,4931000000,1565000000,None,None,None,5622000000,6875000000,3245000000
BRK-B,2011-12-31,USD,-102000000,37955000000,38057000000,38057000000,4452000000,2408000000,None,-4554000000,None,None,None,675000000,None,None,None,1265000000,4452000000,1261000000,None,None,None,5127000000,6392000000,3048000000
BRK-B,2011-09-30,USD,-1691000000,33739000000,35430000000,35430000000,3363000000,2105000000,None,-5054000000,None,None,None,669000000,None,None,None,1142000000,3363000000,953000000,None,None,None,4032000000,5174000000,2278000000
BRK-B,2011-06-30,USD,1126000000,38274000000,37148000000,37148000000,5265000000,2122000000,None,-4139000000,None,None,None,662000000,None,None,None,1141000000,5265000000,1725000000,None,None,None,5927000000,7068000000,3417000000
BRK-B,2011-03-31,USD,-1031000000,33720000000,34751000000,34751000000,2234000000,2035000000,None,-3265000000,None,None,None,658000000,None,None,None,1135000000,2234000000,629000000,None,None,None,2892000000,4027000000,1511000000
BRK-B,2010-12-31,USD,17174000000,36165000000,18991000000,18991000000,6481000000,2054000000,None,10693000000,None,None,None,660000000,None,None,None,1170000000,6481000000,2008000000,None,None,None,7141000000,8311000000,4377000000
BRK-B,2010-09-30,USD,281000000,36274000000,35993000000,35993000000,4534000000,1896000000,None,-4253000000,None,None,None,668000000,None,None,None,1094000000,4534000000,1415000000,None,None,None,5202000000,6296000000,2989000000
BRK-B,2010-06-30,USD,-1479000000,31709000000,33188000000,33188000000,2938000000,1915000000,None,-4417000000,None,None,None,637000000,None,None,None,1100000000,2938000000,848000000,None,None,None,3575000000,4675000000,1968000000
BRK-B,2010-03-31,USD,-3285000000,32037000000,35322000000,35322000000,5098000000,1839000000,None,-8383000000,None,None,None,593000000,None,None,None,915000000,5098000000,1336000000,None,None,None,5691000000,6606000000,3633000000
BRK-B,2009-12-31,USD,-2254000000,30198000000,32452000000,32452000000,4465000000,2066000000,None,-6719000000,None,None,None,500000000,None,None,None,812000000,4465000000,1431000000,None,None,None,4965000000,5777000000,3056000000
BRK-B,2009-09-30,USD,-1910000000,29904000000,31814000000,31814000000,4839000000,2015000000,None,-6749000000,None,None,None,494000000,None,None,None,779000000,4839000000,1601000000,None,None,None,5333000000,6112000000,3238000000
BRK-B,2009-06-30,USD,-1151000000,29607000000,30758000000,30758000000,4791000000,2073000000,None,-5942000000,None,None,None,510000000,None,None,None,778000000,4791000000,1520000000,None,None,None,5301000000,6079000000,3295000000
BRK-B,2009-03-31,USD,-7654000000,22784000000,30438000000,30438000000,-2543000000,1963000000,None,-5111000000,None,None,None,488000000,None,None,None,758000000,-2543000000,-1014000000,None,None,None,-2055000000,-1297000000,-1534000000
BRK-B,2008-12-31,USD,6223000000,24592000000,18369000000,18369000000,148000000,2282000000,None,6075000000,None,None,None,480000000,None,None,None,6571000000,148000000,-167000000,None,None,None,-6141000000,628000000,117000000
BRK-B,2008-09-30,USD,-4434000000,29435000000,33869000000,33869000000,1502000000,1861000000,None,-5936000000,None,None,None,514000000,None,None,None,None,1502000000,294000000,None,None,None,1502000000,2016000000,1057000000
BRK-B,2008-06-30,USD,-2266000000,30093000000,32359000000,32359000000,4471000000,2049000000,None,-6737000000,None,None,None,493000000,None,None,None,None,4471000000,1443000000,None,None,None,4471000000,4964000000,2880000000
BRK-B,2008-03-31,USD,-1930000000,26816000000,28746000000,28746000000,1453000000,1860000000,None,-3383000000,None,None,None,476000000,None,None,None,None,1453000000,408000000,None,None,None,1453000000,1929000000,940000000
BRK-B,2007-12-31,USD,23866000000,28043000000,57173000000,57173000000,-6028000000,1964000000,None,7098000000,None,None,None,497000000,None,None,None,10864000000,4426000000,1392000000,None,None,None,-6028000000,4923000000,2947000000
BRK-B,2007-09-30,USD,12286000000,29873000000,17587000000,17587000000,6847000000,1732000000,None,5439000000,None,None,None,481000000,None,None,None,None,6847000000,2197000000,None,None,None,6847000000,7328000000,4553000000
BRK-B,2007-06-30,USD,10386000000,27347000000,16961000000,16961000000,4816000000,1761000000,None,5570000000,None,None,None,469000000,None,None,None,None,4816000000,1617000000,None,None,None,4816000000,5285000000,3118000000
BRK-B,2007-03-31,USD,9466000000,32918000000,23452000000,23452000000,4072000000,1641000000,None,5394000000,None,None,None,463000000,None,None,None,None,4072000000,1388000000,None,None,None,4072000000,4535000000,2595000000
BRK-B,2006-12-31,USD,11700000000,26231000000,14349000000,14349000000,5262000000,1554000000,None,6438000000,None,None,None,453000000,None,None,None,10374000000,5262000000,1604000000,None,None,None,-4734000000,5715000000,3583000000
BRK-B,2006-09-30,USD,9329000000,25371000000,16042000000,16042000000,4301000000,1560000000,None,5028000000,None,None,None,463000000,None,None,None,None,4301000000,1451000000,None,None,None,4301000000,4764000000,2772000000
BRK-B,2006-06-30,USD,8197000000,23893000000,15696000000,15696000000,3602000000,1440000000,None,4595000000,None,None,None,446000000,None,None,None,None,3602000000,1208000000,None,None,None,3602000000,4048000000,2347000000
BRK-B,2006-03-31,USD,7769000000,22763000000,14994000000,14994000000,3613000000,1378000000,None,4156000000,None,None,None,362000000,None,None,None,None,3613000000,1242000000,None,None,None,3613000000,3975000000,2313000000
BRK-B,2005-12-31,USD,-48445000000,25368000000,38288000000,38288000000,7688000000,1506000000,None,4444000000,None,None,None,169000000,None,None,None,None,7829000000,2636000000,None,None,None,7688000000,7998000000,5130000000
BRK-B,2005-09-30,USD,2984000000,20533000000,17549000000,17549000000,835000000,1289000000,None,2149000000,None,None,None,193000000,None,None,None,None,835000000,232000000,None,None,None,2526000000,1028000000,586000000
JPM,2025-09-30,USD,43024000000,71900000000,28876000000,28876000000,18743000000,18159000000,2839000000,24281000000,None,23966000000,49439000000,25473000000,None,None,None,2000000000,18743000000,4350000000,None,14393000000,None,18743000000,20743000000,14393000000
JPM,2025-06-30,USD,42023000000,69914000000,27891000000,27891000000,18284000000,13710000000,None,23739000000,None,23209000000,48241000000,25032000000,None,None,None,2210000000,18284000000,3297000000,None,14987000000,None,18284000000,20494000000,14987000000
JPM,2025-03-31,USD,42005000000,68907000000,26902000000,26902000000,18408000000,14427000000,2578000000,23597000000,None,23273000000,46853000000,23580000000,None,None,None,2030000000,18408000000,3765000000,None,14643000000,None,18408000000,20438000000,14643000000
JPM,2024-12-31,USD,40137000000,67007000000,26870000000,26870000000,17375000000,12469000000,None,22762000000,None,23350000000,47566000000,24216000000,None,None,None,1965000000,17375000000,3370000000,None,14005000000,None,17375000000,19340000000,14005000000
JPM,2024-09-30,USD,39543000000,69667000000,30124000000,30124000000,16978000000,12817000000,None,22565000000,None,23405000000,50416000000,27011000000,None,None,None,1967000000,16978000000,4080000000,None,12898000000,None,16978000000,18945000000,12898000000
JPM,2024-06-30,USD,39039000000,67835000000,28796000000,28796000000,23435000000,12953000000,None,15604000000,None,22746000000,48513000000,25767000000,None,None,None,2002000000,23435000000,5286000000,None,18149000000,None,23435000000,25437000000,18149000000
JPM,2024-03-31,USD,40050000000,66264000000,26214000000,26214000000,17293000000,13366000000,None,22757000000,None,23082000000,47438000000,24356000000,None,None,None,2004000000,17293000000,3874000000,None,13419000000,None,17293000000,19297000000,13419000000
JPM,2023-12-31,USD,35849000000,61933000000,26084000000,26084000000,11326000000,11847000000,None,24523000000,None,24051000000,47384000000,23333000000,None,None,None,3337000000,11326000000,2019000000,None,9307000000,None,11326000000,14663000000,9307000000
JPM,2023-09-30,USD,38390000000,61591000000,23201000000,23201000000,16733000000,11726000000,None,21657000000,None,22726000000,44556000000,21830000000,None,None,None,2019000000,16733000000,3582000000,None,13151000000,None,16733000000,18752000000,13151000000
JPM,2023-06-30,USD,35696000000,58447000000,22751000000,22751000000,17586000000,11216000000,None,18110000000,None,21779000000,41644000000,19865000000,None,None,None,507000000,17586000000,3114000000,None,14472000000,None,17586000000,18093000000,14472000000
JPM,2023-03-31,USD,36074000000,54641000000,18567000000,18567000000,15967000000,11993000000,None,20107000000,None,20711000000,37004000000,16293000000,None,None,None,1649000000,15967000000,3345000000,None,12622000000,None,15967000000,17616000000,12622000000
JPM,2022-12-31,USD,32259000000,34547000000,15115000000,15115000000,11155000000,4908000000,None,-19022000000,None,20192000000,33054000000,12862000000,None,None,None,1671000000,13237000000,2229000000,None,11008000000,None,11155000000,12826000000,11008000000
JPM,2022-09-30,USD,31179000000,40795000000,9616000000,9616000000,12001000000,10539000000,None,19178000000,None,17518000000,25611000000,8093000000,None,None,None,1771000000,12001000000,2264000000,None,9737000000,None,12001000000,13772000000,9737000000
JPM,2022-06-30,USD,29614000000,34227000000,4613000000,4613000000,10865000000,10301000000,None,18749000000,None,15128000000,18646000000,3518000000,None,None,None,1789000000,10865000000,2216000000,None,8649000000,None,10865000000,12654000000,8649000000
JPM,2022-03-31,USD,29254000000,32342000000,3088000000,3088000000,10063000000,10787000000,None,19191000000,None,13872000000,15496000000,1624000000,None,None,None,1820000000,10063000000,1781000000,None,8282000000,None,10063000000,11883000000,8282000000
JPM,2021-12-31,USD,30545000000,30706000000,161000000,161000000,12657000000,9065000000,None,17888000000,None,13601000000,15019000000,1418000000,None,None,None,1931000000,12657000000,2258000000,None,10399000000,None,12657000000,14588000000,10399000000
JPM,2021-09-30,USD,31174000000,31061000000,-113000000,-113000000,14111000000,9087000000,None,17063000000,None,13080000000,14480000000,1400000000,None,None,None,1928000000,14111000000,2424000000,None,11687000000,None,14111000000,16039000000,11687000000
JPM,2021-06-30,USD,32764000000,31839000000,-925000000,-925000000,15097000000,9814000000,None,17667000000,None,12741000000,14094000000,1353000000,None,None,None,2003000000,15097000000,3149000000,None,11948000000,None,15097000000,17100000000,11948000000
JPM,2021-03-31,USD,36422000000,33632000000,-2790000000,-2790000000,17697000000,10601000000,None,18725000000,None,12889000000,14271000000,1382000000,None,None,None,2070000000,17697000000,3397000000,None,14300000000,None,17697000000,19767000000,14300000000
JPM,2020-12-31,USD,31113000000,30558000000,-555000000,-555000000,15065000000,7954000000,None,16048000000,None,13258000000,14550000000,1292000000,None,None,None,2127000000,15065000000,2929000000,None,12136000000,None,15065000000,17192000000,12136000000
JPM,2020-09-30,USD,28644000000,30845000000,2201000000,2201000000,11769000000,8630000000,None,16875000000,None,13013000000,14700000000,1687000000,None,None,None,2141000000,11769000000,2326000000,None,9443000000,None,11769000000,13910000000,9443000000
JPM,2020-06-30,USD,22602000000,35330000000,12728000000,12728000000,5660000000,9509000000,None,16942000000,None,13853000000,16112000000,2259000000,None,None,None,2149000000,5660000000,973000000,None,4687000000,None,5660000000,7809000000,4687000000
JPM,2020-03-31,USD,20001000000,32999000000,12998000000,12998000000,3210000000,8895000000,None,16791000000,None,14439000000,19161000000,4722000000,None,None,None,2197000000,3210000000,345000000,None,2865000000,None,3210000000,5407000000,2865000000
JPM,2019-12-31,USD,26904000000,34092000000,7188000000,7188000000,10565000000,8088000000,None,16339000000,None,14166000000,19927000000,5761000000,None,None,None,2139000000,10565000000,2045000000,None,8520000000,None,10565000000,12704000000,8520000000
JPM,2019-09-30,USD,27777000000,36184000000,8407000000,8407000000,11405000000,8583000000,None,16372000000,None,14228000000,21121000000,6893000000,None,None,None,2145000000,11405000000,2325000000,None,9080000000,None,11405000000,13550000000,9080000000
JPM,2019-06-30,USD,27598000000,35952000000,8354000000,8354000000,11342000000,8547000000,None,16256000000,None,14398000000,21603000000,7205000000,None,None,None,2046000000,11342000000,1690000000,None,9652000000,None,11342000000,13388000000,9652000000
JPM,2019-03-31,USD,27628000000,36059000000,8431000000,8431000000,11233000000,8937000000,None,16395000000,None,14453000000,21894000000,6936000000,None,None,None,2038000000,11233000000,2054000000,None,9179000000,None,11233000000,13271000000,9179000000
JPM,2018-12-31,USD,24561000000,32793000000,8232000000,8232000000,8841000000,7809000000,0,15720000000,None,None,None,6684000000,None,None,None,2075000000,8841000000,1775000000,None,7066000000,None,8841000000,10916000000,7066000000
JPM,2018-09-30,USD,26312000000,32791000000,6479000000,6479000000,10689000000,8108000000,0,15623000000,None,None,None,5531000000,None,None,None,1992000000,10689000000,2309000000,None,8380000000,None,10689000000,12681000000,8380000000
JPM,2018-06-30,USD,26543000000,32834000000,6291000000,6291000000,10572000000,8338000000,0,15971000000,None,None,None,5081000000,None,None,None,1927000000,10572000000,2256000000,None,8316000000,None,10572000000,12499000000,8316000000
JPM,2018-03-31,USD,26742000000,32290000000,5548000000,5548000000,10662000000,8862000000,0,16080000000,None,None,None,4383000000,None,None,None,1797000000,10662000000,1950000000,None,8712000000,None,10662000000,12459000000,8712000000
JPM,2017-12-31,USD,22845000000,28119000000,5274000000,5274000000,8254000000,7456000000,0,14591000000,None,None,None,3966000000,None,None,None,1632000000,8254000000,4022000000,None,4232000000,None,8254000000,9886000000,4232000000
JPM,2017-09-30,USD,24126000000,29467000000,5341000000,5341000000,9556000000,7697000000,0,14570000000,None,None,None,3889000000,None,None,None,1579000000,9556000000,2824000000,None,6732000000,None,9556000000,11135000000,6732000000
JPM,2017-06-30,USD,23871000000,28528000000,4657000000,4657000000,9749000000,7757000000,0,14122000000,None,None,None,3442000000,None,None,None,1504000000,9749000000,2720000000,None,7029000000,None,9749000000,11253000000,7029000000
JPM,2017-03-31,USD,23624000000,27917000000,4293000000,4293000000,8341000000,8256000000,0,15283000000,None,None,None,2978000000,None,None,None,1464000000,8341000000,1893000000,None,6448000000,None,8341000000,9805000000,6448000000
JPM,2016-12-31,USD,22512000000,26089000000,3577000000,3577000000,8679000000,6872000000,0,13833000000,None,None,None,2713000000,None,None,None,1446000000,8679000000,1952000000,None,6727000000,None,8679000000,10125000000,6727000000
JPM,2016-09-30,USD,23402000000,27140000000,3738000000,3738000000,8939000000,7669000000,0,14463000000,None,None,None,2467000000,None,None,None,1407000000,8939000000,2653000000,None,6286000000,None,8939000000,10346000000,6286000000
JPM,2016-06-30,USD,22978000000,26846000000,3868000000,3868000000,9340000000,7778000000,0,13638000000,None,None,None,2466000000,None,None,None,1336000000,9340000000,3140000000,None,6200000000,None,9340000000,10676000000,6200000000
JPM,2016-03-31,USD,21415000000,25411000000,3996000000,3996000000,7578000000,7660000000,0,13837000000,None,None,None,2172000000,None,None,None,1289000000,7578000000,2058000000,None,5520000000,None,7578000000,8867000000,5520000000
JPM,2015-12-31,USD,21120000000,24301000000,3181000000,3181000000,7371000000,6693000000,0,13749000000,None,None,None,1930000000,None,None,None,1273000000,7371000000,1937000000,None,5434000000,None,7371000000,8644000000,5434000000
JPM,2015-09-30,USD,22098000000,24595000000,2497000000,2497000000,6730000000,7320000000,0,15368000000,None,None,None,1815000000,None,None,None,1248000000,6730000000,-74000000,None,6804000000,None,6730000000,7978000000,6804000000
JPM,2015-06-30,USD,22877000000,25642000000,2765000000,2765000000,8377000000,7694000000,0,14500000000,None,None,None,1830000000,None,None,None,1238000000,8377000000,2087000000,None,6290000000,None,8377000000,9615000000,6290000000
JPM,2015-03-31,USD,23107000000,25954000000,2847000000,2847000000,8224000000,8043000000,0,14883000000,None,None,None,1888000000,None,None,None,1181000000,8224000000,2310000000,None,5914000000,None,8224000000,9405000000,5914000000
JPM,2014-12-31,USD,21672000000,24401000000,2729000000,2729000000,6263000000,6860000000,0,15409000000,None,None,None,1889000000,None,None,None,1186000000,6263000000,1332000000,None,4931000000,None,6263000000,7449000000,4931000000
JPM,2014-09-30,USD,23712000000,26288000000,2576000000,2576000000,7914000000,7831000000,0,15798000000,None,None,None,1819000000,None,None,None,1147000000,7914000000,2349000000,None,5572000000,None,7914000000,9061000000,5565000000
JPM,2014-06-30,USD,23986000000,26741000000,2755000000,2755000000,8555000000,7610000000,0,15431000000,None,None,None,2063000000,None,None,None,1218000000,8555000000,2575000000,None,5985000000,None,8555000000,9773000000,5980000000
JPM,2014-03-31,USD,22365000000,25341000000,2976000000,2976000000,7729000000,7859000000,0,14636000000,None,None,None,2126000000,None,None,None,1208000000,7729000000,2460000000,None,5274000000,None,7729000000,8937000000,5269000000
JPM,2013-12-31,USD,23052000000,25511000000,2459000000,2459000000,7500000000,7052000000,0,15552000000,None,None,None,2355000000,None,None,None,1246000000,7500000000,2222000000,None,9722000000,None,7500000000,8746000000,5278000000
JPM,2013-09-30,USD,23660000000,25408000000,1748000000,1748000000,34000000,7325000000,0,23626000000,None,None,None,2291000000,None,13162000000,None,1651000000,34000000,414000000,None,448000000,None,34000000,1685000000,-380000000
JPM,2013-06-30,USD,25164000000,27579000000,2415000000,2415000000,9298000000,8019000000,0,15866000000,None,None,None,2368000000,None,13145000000,None,1435000000,9298000000,2802000000,None,12100000000,None,9298000000,10733000000,6496000000
JPM,2013-03-31,USD,24505000000,27554000000,3049000000,3049000000,9082000000,8414000000,0,15423000000,None,None,None,2432000000,None,13427000000,None,974000000,9082000000,2553000000,None,11635000000,None,9082000000,10056000000,6529000000
JPM,2012-12-31,USD,22997000000,26165000000,3168000000,3168000000,6950000000,3177000000,0,16047000000,None,None,None,2512000000,None,None,None,1404000000,6950000000,1258000000,None,20958000000,None,6950000000,8354000000,5692000000
JPM,2012-09-30,USD,23357000000,27799000000,4442000000,4442000000,7986000000,7503000000,0,15371000000,None,None,None,2653000000,None,None,None,1294000000,7986000000,2278000000,None,5708000000,None,7986000000,9280000000,5708000000
JPM,2012-06-30,USD,21966000000,25133000000,3167000000,3167000000,7000000000,7427000000,0,14966000000,None,None,None,2953000000,None,None,None,1217000000,7000000000,2040000000,None,4960000000,None,7000000000,8217000000,4960000000
JPM,2012-03-31,USD,25326000000,29087000000,3761000000,3761000000,6981000000,8613000000,0,18345000000,None,None,None,3035000000,None,None,None,1232000000,6981000000,2057000000,None,4924000000,None,6981000000,8213000000,4924000000
JPM,2011-12-31,USD,19287000000,24394000000,5107000000,5107000000,4747000000,2632000000,0,14540000000,None,None,None,2923000000,None,None,None,1288000000,4747000000,1019000000,None,3728000000,None,4747000000,6035000000,3728000000
JPM,2011-09-30,USD,21352000000,27106000000,5754000000,5754000000,5818000000,8156000000,0,15534000000,None,None,None,3343000000,None,None,None,1265000000,5818000000,1556000000,None,4262000000,None,5818000000,7083000000,4262000000
JPM,2011-06-30,USD,24969000000,30575000000,5606000000,5606000000,8127000000,8786000000,0,16842000000,None,None,None,3796000000,None,None,None,1278000000,8127000000,2696000000,None,5431000000,None,8127000000,9405000000,5431000000
JPM,2011-03-31,USD,24052000000,28763000000,4711000000,4711000000,8057000000,9463000000,0,15995000000,None,None,None,3542000000,None,None,None,1274000000,8057000000,2502000000,None,5555000000,None,8057000000,9331000000,5555000000
JPM,2010-12-31,USD,23055000000,29608000000,6553000000,6553000000,7012000000,3085000000,0,16043000000,None,None,None,3510000000,None,None,None,1288000000,7012000000,2181000000,None,4831000000,None,7012000000,8300000000,4831000000
JPM,2010-09-30,USD,20601000000,26928000000,6327000000,6327000000,6203000000,7845000000,0,14398000000,None,None,None,3104000000,None,None,None,1273000000,6203000000,1785000000,None,4418000000,None,6203000000,7476000000,4418000000
JPM,2010-06-30,USD,21738000000,28133000000,6395000000,6395000000,7107000000,8781000000,0,14631000000,None,None,None,3032000000,None,None,None,1208000000,7107000000,2312000000,None,4795000000,None,7107000000,8315000000,4795000000
JPM,2010-03-31,USD,20661000000,30806000000,10145000000,10145000000,4537000000,8413000000,0,16124000000,None,None,None,3135000000,None,None,None,1204000000,4537000000,1211000000,None,3326000000,None,4537000000,5741000000,3326000000
JPM,2009-12-31,USD,15880000000,26401000000,10521000000,10521000000,3876000000,1670000000,0,12004000000,None,None,None,3237000000,None,None,None,1087000000,3876000000,598000000,None,0,None,3876000000,4963000000,3278000000
JPM,2009-09-30,USD,18518000000,30145000000,11627000000,11627000000,5063000000,8451000000,0,13455000000,None,None,None,3523000000,None,None,None,997000000,5063000000,1551000000,None,3512000000,None,5063000000,6060000000,3588000000
JPM,2009-06-30,USD,17592000000,29502000000,11910000000,11910000000,4072000000,8073000000,0,13520000000,None,None,None,3879000000,None,None,None,1063000000,4072000000,1351000000,None,2721000000,None,4072000000,5135000000,2721000000
JPM,2009-03-31,USD,16429000000,29584000000,13155000000,13155000000,3056000000,8734000000,0,13373000000,None,None,None,4559000000,None,None,None,686000000,3056000000,915000000,None,0,None,3056000000,3742000000,2141000000
JPM,2008-12-31,USD,9913000000,25025000000,15112000000,15112000000,-1342000000,5024000000,0,11255000000,None,None,None,7799000000,None,None,None,1156000000,-1342000000,-719000000,None,0,None,-1342000000,-186000000,702000000
JPM,2008-09-30,USD,8950000000,23069000000,14119000000,14119000000,-2187000000,6970000000,0,11137000000,None,None,None,8332000000,None,None,None,1115000000,-2187000000,-2133000000,None,0,None,-2187000000,-1072000000,527000000
JPM,2008-06-30,USD,14944000000,26634000000,11690000000,11690000000,2767000000,7941000000,0,12177000000,None,None,None,8235000000,None,None,None,1212000000,2767000000,764000000,None,0,None,2767000000,3979000000,2003000000
JPM,2008-03-31,USD,12466000000,26763000000,14297000000,14297000000,3535000000,4951000000,0,8931000000,None,None,None,9873000000,None,None,None,923000000,3535000000,1162000000,None,0,None,3535000000,4458000000,2373000000
JPM,2007-12-31,USD,14842000000,28780000000,13938000000,13938000000,4122000000,5469000000,0,10720000000,None,None,None,11396000000,None,None,None,1061000000,4122000000,1151000000,None,0,None,4122000000,5183000000,2971000000
JPM,2007-09-30,USD,14327000000,28005000000,13678000000,13678000000,5000000000,4677000000,0,9327000000,None,None,None,11893000000,None,None,None,957000000,5000000000,1627000000,None,0,None,5000000000,5957000000,3373000000
JPM,2007-06-30,USD,17379000000,30082000000,12703000000,12703000000,6351000000,6309000000,0,11028000000,None,None,None,11174000000,None,None,None,927000000,6351000000,2117000000,None,0,None,6351000000,7278000000,4234000000
JPM,2007-03-31,USD,17960000000,29486000000,11526000000,11526000000,7332000000,6234000000,0,10628000000,None,None,None,10518000000,None,None,None,876000000,7332000000,2545000000,None,0,None,7332000000,8208000000,4787000000
JPM,2006-12-31,USD,14920000000,27055000000,12135000000,12135000000,5174000000,4985000000,0,9746000000,None,None,None,11001000000,None,None,None,997000000,5174000000,1268000000,None,0,None,5174000000,6171000000,4526000000
JPM,2006-09-30,USD,14733000000,25323000000,10590000000,10590000000,4937000000,5390000000,0,9796000000,None,None,None,9778000000,None,None,None,860000000,4937000000,1705000000,None,0,None,4937000000,5797000000,3297000000
JPM,2006-06-30,USD,14447000000,24379000000,9932000000,9932000000,5211000000,5268000000,0,9236000000,None,None,None,9439000000,None,None,None,883000000,5211000000,1727000000,None,0,None,5211000000,6094000000,3540000000
JPM,2006-03-31,USD,14405000000,23477000000,9072000000,9072000000,4653000000,5600000000,0,9752000000,None,None,None,8241000000,None,None,None,837000000,4653000000,1572000000,None,0,None,4653000000,5490000000,3081000000
JPM,2005-12-31,USD,12454000000,21109000000,8655000000,8655000000,3919000000,4286000000,0,8535000000,None,None,None,7431000000,None,None,None,1063000000,3919000000,1221000000,None,0,None,3919000000,4982000000,2698000000
JPM,2005-09-30,USD,13020000000,20772000000,7752000000,7752000000,3661000000,4954000000,0,9359000000,None,None,None,6507000000,None,None,None,1034000000,3661000000,1192000000,None,0,None,3661000000,4695000000,2527000000
ORCL,2025-08-31,USD,10042000000,14926000000,4884000000,4884000000,4277000000,376000000,2491000000,5765000000,None,-820000000,103000000,923000000,None,None,None,420000000,3427000000,500000000,None,2927000000,None,4350000000,4770000000,2927000000
ORCL,2025-05-31,USD,11162000000,15903000000,4740000000,4740000000,5109000000,467000000,2654000000,6053000000,None,-818000000,160000000,978000000,None,None,None,1696000000,4151000000,724000000,None,3427000000,None,5130000000,6826000000,3427000000
ORCL,2025-02-28,USD,9935000000,14130000000,4195000000,4195000000,4358000000,390000000,2429000000,5577000000,None,-757000000,135000000,892000000,None,None,None,1551000000,3448000000,512000000,None,2936000000,None,4340000000,5891000000,2936000000
ORCL,2024-11-30,USD,9974000000,14059000000,4085000000,4085000000,4220000000,387000000,2471000000,5754000000,None,-717000000,149000000,866000000,None,None,None,1499000000,3390000000,239000000,None,3151000000,None,4256000000,5755000000,3151000000
ORCL,2024-08-31,USD,9401000000,13307000000,3906000000,3906000000,3991000000,358000000,2306000000,5410000000,None,-709000000,133000000,842000000,None,None,None,1428000000,3169000000,240000000,None,2929000000,None,4011000000,5439000000,2929000000
ORCL,2024-05-31,USD,10363000000,14287000000,3924000000,3924000000,4686000000,402000000,2226000000,5677000000,None,-807000000,71000000,878000000,None,None,None,1554000000,3782000000,639000000,None,3144000000,None,4660000000,6214000000,3144000000
ORCL,2024-02-29,USD,9411000000,13280000000,3869000000,3869000000,3750000000,377000000,2248000000,5661000000,None,-765000000,111000000,876000000,None,None,None,1557000000,2865000000,464000000,None,2401000000,None,3741000000,5298000000,2401000000
ORCL,2023-11-30,USD,9201000000,12941000000,3740000000,3740000000,3622000000,375000000,2226000000,5579000000,None,-888000000,133000000,888000000,None,None,None,1553000000,2720000000,217000000,None,2503000000,None,3608000000,5161000000,2503000000
ORCL,2023-08-31,USD,8843000000,12453000000,3610000000,3610000000,3296000000,393000000,2216000000,5547000000,None,-872000000,136000000,872000000,None,None,None,1475000000,2375000000,-45000000,None,2420000000,None,3247000000,4722000000,2420000000
ORCL,2023-05-31,USD,10106000000,13836000000,3730000000,3730000000,4140000000,400000000,2226000000,5966000000,None,-955000000,105000000,955000000,None,None,None,1586000000,3109000000,-210000000,None,3319000000,None,4064000000,5650000000,3319000000
ORCL,2023-02-28,USD,8959000000,12398000000,3439000000,3439000000,3260000000,402000000,2146000000,5699000000,None,-818000000,90000000,907000000,None,None,None,1558000000,2218000000,322000000,None,2030000000,None,3126000000,4684000000,1896000000
ORCL,2022-11-30,USD,8917000000,12275000000,3358000000,3358000000,3071000000,366000000,2158000000,5846000000,None,-894000000,52000000,856000000,None,None,None,1498000000,2144000000,403000000,None,1741000000,None,3000000000,4498000000,1741000000
ORCL,2022-08-31,USD,8408000000,11445000000,3037000000,3037000000,2623000000,411000000,2093000000,5785000000,None,-787000000,38000000,787000000,None,None,None,1466000000,1656000000,108000000,None,1728000000,None,2443000000,3909000000,1548000000
ORCL,2022-05-31,USD,9444000000,11840000000,2397000000,2397000000,4503000000,364000000,1965000000,4941000000,None,-704000000,38000000,704000000,None,None,None,831000000,3624000000,435000000,None,3189000000,None,4328000000,5159000000,3189000000
ORCL,2022-02-28,USD,8295000000,10513000000,2218000000,2218000000,3822000000,335000000,1816000000,4473000000,None,-651000000,16000000,667000000,None,None,None,775000000,2840000000,521000000,None,2634000000,None,3507000000,4282000000,2319000000
ORCL,2021-11-30,USD,8201000000,10360000000,2159000000,2159000000,-824000000,319000000,1754000000,9039000000,None,-658000000,21000000,679000000,None,None,None,759000000,-1496000000,-249000000,None,-1254000000,None,-817000000,-58000000,-1247000000
ORCL,2021-08-31,USD,7625000000,9728000000,2103000000,2103000000,3427000000,298000000,1684000000,4198000000,None,-685000000,20000000,705000000,None,None,None,757000000,2681000000,224000000,None,2457000000,None,3386000000,4143000000,2457000000
ORCL,2021-05-31,USD,9105000000,11227000000,2122000000,2122000000,4541000000,305000000,1715000000,4564000000,None,-697000000,21000000,697000000,None,None,None,752000000,4156000000,124000000,None,3720000000,None,4853000000,5605000000,4033000000
ORCL,2021-02-28,USD,8170000000,10085000000,1915000000,1915000000,3878000000,330000000,1621000000,4292000000,None,-585000000,23000000,585000000,None,None,None,732000000,3276000000,-1745000000,None,5038000000,None,3861000000,4593000000,5021000000
ORCL,2020-11-30,USD,7861000000,9800000000,1939000000,1939000000,3583000000,324000000,1601000000,4278000000,None,-600000000,27000000,600000000,None,None,None,731000000,2972000000,530000000,None,2453000000,None,3572000000,4303000000,2442000000
ORCL,2020-08-31,USD,7487000000,9367000000,1880000000,1880000000,3211000000,295000000,1589000000,4276000000,None,-583000000,31000000,614000000,None,None,None,701000000,2595000000,344000000,None,2251000000,None,3209000000,3910000000,2251000000
ORCL,2020-05-31,USD,8470000000,10439000000,1969000000,1969000000,4308000000,278000000,1479000000,4162000000,None,-509000000,70000000,579000000,None,None,None,722000000,3696000000,580000000,None,3116000000,None,4275000000,4997000000,3116000000
ORCL,2020-02-29,USD,7832000000,9796000000,1964000000,1964000000,3528000000,288000000,1500000000,4304000000,None,-334000000,122000000,456000000,None,None,None,748000000,3076000000,505000000,None,2567000000,None,3532000000,4280000000,2571000000
ORCL,2019-11-30,USD,7566000000,9614000000,2048000000,2048000000,3183000000,323000000,1531000000,4383000000,None,-320000000,145000000,465000000,None,None,None,748000000,2810000000,499000000,None,2219000000,None,3275000000,4023000000,2311000000
ORCL,2019-08-31,USD,7261000000,9218000000,1957000000,1957000000,2877000000,292000000,1557000000,4384000000,None,-304000000,190000000,494000000,None,None,None,750000000,2482000000,345000000,None,2038000000,None,2976000000,3726000000,2137000000
ORCL,2019-05-31,USD,9073000000,11136000000,2063000000,2063000000,4257000000,330000000,1562000000,4817000000,None,-323000000,202000000,525000000,None,None,None,754000000,3866000000,126000000,None,3606000000,None,4391000000,5145000000,3740000000
ORCL,2019-02-28,USD,7638000000,9614000000,1976000000,1976000000,3399000000,316000000,1426000000,4239000000,None,-263000000,246000000,509000000,None,None,None,741000000,3088000000,343000000,None,2547000000,None,3597000000,4338000000,2745000000
ORCL,2018-11-30,USD,7561000000,9562000000,2001000000,2001000000,3101000000,299000000,1475000000,4460000000,None,None,None,519000000,None,None,None,704000000,2774000000,441000000,None,2141000000,None,3293000000,3997000000,2333000000
ORCL,2018-08-31,USD,7240000000,9193000000,1953000000,1953000000,2778000000,321000000,1564000000,4462000000,None,None,None,529000000,None,None,None,720000000,2540000000,275000000,None,1974000000,None,3069000000,3789000000,2265000000
ORCL,2018-05-31,USD,9078000000,11251000000,2173000000,2173000000,4380000000,305000000,1544000000,4693000000,None,None,None,548000000,None,None,None,702000000,4140000000,733000000,None,2169000000,None,4688000000,5390000000,3276000000
ORCL,2018-02-28,USD,7775000000,9771000000,1996000000,1996000000,3315000000,339000000,1496000000,4365000000,None,None,None,533000000,None,423000000,None,137000000,3191000000,7238000000,None,-4024000000,None,3395000000,3532000000,-4047000000
ORCL,2017-11-30,USD,7661000000,9621000000,1960000000,1960000000,3039000000,320000000,1473000000,4609000000,None,None,None,475000000,None,273000000,None,688000000,2826000000,612000000,None,2233000000,None,3301000000,3989000000,2214000000
ORCL,2017-08-31,USD,7259000000,9187000000,1928000000,1928000000,2749000000,319000000,1572000000,4427000000,None,None,None,469000000,None,233000000,None,696000000,2500000000,356000000,None,2210000000,None,2969000000,3665000000,2144000000
ORCL,2017-05-31,USD,8889000000,10892000000,2003000000,2003000000,4074000000,317000000,1608000000,4816000000,None,None,None,481000000,None,169000000,None,772000000,3761000000,529000000,None,3232000000,None,4210000000,4982000000,3231000000
ORCL,2017-02-28,USD,7313000000,9205000000,1892000000,1892000000,2959000000,241000000,1521000000,4362000000,None,None,None,450000000,None,189000000,None,371000000,2698000000,459000000,None,2239000000,None,3150000000,3521000000,2239000000
ORCL,2016-11-30,USD,7238000000,9035000000,1797000000,1797000000,3037000000,303000000,1510000000,4201000000,None,None,None,451000000,None,99000000,None,314000000,2685000000,653000000,None,2032000000,None,3163000000,3477000000,2032000000
ORCL,2016-08-31,USD,6819000000,8595000000,1776000000,1776000000,2641000000,315000000,1520000000,4178000000,None,None,None,416000000,None,148000000,None,533000000,2373000000,541000000,None,1832000000,None,2789000000,3322000000,1832000000
ORCL,2016-05-31,USD,8658000000,10594000000,1936000000,1936000000,3968000000,323000000,1534000000,4690000000,None,None,None,362000000,None,126000000,None,1170000000,3732000000,918000000,None,2815000000,None,4140000000,5310000000,2814000000
ORCL,2016-02-29,USD,7173000000,9012000000,1839000000,1839000000,3027000000,290000000,1419000000,4146000000,None,None,None,360000000,None,65000000,None,435000000,2732000000,590000000,None,2142000000,None,3153000000,3588000000,2142000000
ORCL,2015-11-30,USD,7140000000,8993000000,1853000000,1853000000,2955000000,285000000,1444000000,4185000000,None,None,None,371000000,None,84000000,None,443000000,2668000000,471000000,None,2197000000,None,3043000000,3486000000,2197000000
ORCL,2015-08-31,USD,6598000000,8448000000,1850000000,1850000000,2654000000,257000000,1390000000,3944000000,None,None,None,374000000,None,30000000,None,461000000,2310000000,563000000,None,1747000000,None,2768000000,3229000000,1747000000
ORCL,2015-05-31,USD,8653000000,10706000000,2053000000,2053000000,3982000000,278000000,1436000000,4671000000,None,None,None,325000000,None,41000000,None,455000000,3697000000,940000000,None,2757000000,None,4220000000,4675000000,2758000000
ORCL,2015-02-28,USD,7427000000,9327000000,1900000000,1900000000,3383000000,252000000,1370000000,4044000000,None,None,None,273000000,None,40000000,None,431000000,3150000000,655000000,None,2495000000,None,3439000000,3870000000,2495000000
ORCL,2014-11-30,USD,7699000000,9598000000,1899000000,1899000000,3542000000,272000000,1389000000,4157000000,None,None,None,282000000,None,9000000,None,733000000,3269000000,767000000,None,2502000000,None,3551000000,4284000000,2502000000
ORCL,2014-08-31,USD,6915000000,8596000000,1681000000,1681000000,2963000000,276000000,1329000000,3952000000,None,None,None,261000000,None,16000000,None,431000000,2718000000,534000000,None,2184000000,None,3057000000,3488000000,2184000000
ORCL,2014-05-31,USD,9113000000,11320000000,2207000000,2207000000,4909000000,265000000,1348000000,4204000000,None,None,None,240000000,None,-81000000,None,724000000,4588000000,942000000,None,3646000000,None,4828000000,5552000000,3646000000
ORCL,2014-02-28,USD,7532000000,9307000000,1775000000,1775000000,3567000000,251000000,1292000000,3965000000,None,None,None,228000000,None,None,None,710000000,3249000000,684000000,None,None,None,3477000000,4187000000,2565000000
ORCL,2013-11-30,USD,7468000000,9275000000,1807000000,1807000000,3410000000,262000000,1273000000,4058000000,None,None,None,230000000,None,23000000,None,436000000,3203000000,650000000,None,2553000000,None,3479000000,3915000000,2553000000
ORCL,2013-08-31,USD,6651000000,8372000000,1721000000,1721000000,2939000000,260000000,1237000000,3778000000,None,None,None,217000000,None,7000000,None,745000000,2663000000,472000000,None,2191000000,None,2880000000,3625000000,2191000000
ORCL,2013-05-31,USD,9119000000,10947000000,1828000000,1828000000,4777000000,274000000,1264000000,4119000000,None,None,None,209000000,None,35000000,None,742000000,4826000000,1020000000,None,4826000000,None,5035000000,5777000000,3806000000
ORCL,2013-02-28,USD,7242000000,8958000000,1716000000,1716000000,3408000000,260000000,1186000000,3908000000,None,None,None,205000000,None,-39000000,None,725000000,3090000000,586000000,None,3090000000,None,3295000000,4020000000,2504000000
ORCL,2012-11-30,USD,7300000000,9094000000,1794000000,1794000000,3481000000,263000000,1199000000,3829000000,None,None,None,195000000,None,4000000,None,405000000,3280000000,699000000,None,3280000000,None,3481000000,3886000000,2581000000
ORCL,2012-08-31,USD,6406000000,8181000000,1775000000,1775000000,2879000000,275000000,1201000000,3527000000,None,None,None,188000000,None,11000000,None,746000000,2702000000,668000000,None,2702000000,None,2890000000,3636000000,2034000000
ORCL,2012-05-31,USD,8910000000,10916000000,2006000000,2006000000,4595000000,278000000,1226000000,4315000000,None,None,None,192000000,None,-20000000,None,776000000,4383000000,931000000,None,6432000000,None,4575000000,5351000000,3452000000
ORCL,2012-02-29,USD,7131000000,9039000000,1908000000,1908000000,3317000000,261000000,1145000000,3814000000,None,None,None,190000000,None,21000000,None,730000000,3148000000,650000000,None,2498000000,None,3338000000,4068000000,2498000000
ORCL,2011-11-30,USD,6836000000,8792000000,1956000000,1956000000,3111000000,277000000,1102000000,3725000000,None,None,None,192000000,None,41000000,None,701000000,2960000000,768000000,None,2192000000,None,3152000000,3853000000,2192000000
ORCL,2011-08-31,USD,6386000000,8374000000,1988000000,1988000000,2683000000,311000000,1050000000,3703000000,None,None,None,192000000,None,-20000000,None,709000000,2471000000,631000000,None,1840000000,None,2663000000,3372000000,1840000000
ORCL,2011-05-31,USD,8606000000,10775000000,2169000000,2169000000,4359000000,256000000,1170000000,4247000000,None,None,None,195000000,None,6000000,None,684000000,4170000000,961000000,None,3209000000,None,4365000000,5049000000,3209000000
ORCL,2011-02-28,USD,6752000000,8764000000,2012000000,2012000000,2987000000,286000000,1127000000,3765000000,None,None,None,204000000,None,16000000,None,701000000,2799000000,683000000,None,2116000000,None,3003000000,3704000000,2116000000
ORCL,2010-11-30,USD,6425000000,8582000000,2157000000,2157000000,2770000000,156000000,1119000000,3655000000,None,None,None,214000000,None,90000000,None,709000000,2646000000,776000000,None,1870000000,None,2860000000,3569000000,1870000000
ORCL,2010-08-31,USD,5440000000,7502000000,2062000000,2062000000,1917000000,272000000,1103000000,3523000000,None,None,None,196000000,None,74000000,None,702000000,1795000000,443000000,None,1352000000,None,1991000000,2693000000,1352000000
ORCL,2010-05-31,USD,7263000000,9505000000,2242000000,2242000000,3300000000,292000000,1063000000,3963000000,None,None,None,201000000,None,-24000000,None,706000000,3075000000,712000000,None,2364000000,None,3276000000,3982000000,2363000000
ORCL,2010-02-28,USD,4985000000,6404000000,1419000000,1419000000,1843000000,236000000,823000000,3142000000,None,None,None,186000000,None,-75000000,None,575000000,1582000000,393000000,None,1189000000,None,1768000000,2343000000,1189000000
ORCL,2009-11-30,USD,4762000000,5858000000,1096000000,1096000000,2178000000,183000000,708000000,2584000000,None,None,None,188000000,None,33000000,None,498000000,2023000000,565000000,None,1458000000,None,2211000000,2709000000,1458000000
ORCL,2009-08-31,USD,4046000000,5054000000,1008000000,1008000000,1740000000,201000000,660000000,2306000000,None,None,None,179000000,None,1000000,None,492000000,1562000000,438000000,None,1124000000,None,1741000000,2233000000,1124000000
ORCL,2009-05-31,USD,5682000000,6861000000,1179000000,1179000000,2885000000,213000000,730000000,2797000000,None,None,None,160000000,None,None,None,502000000,2755000000,864000000,None,0,None,2884000000,3386000000,1891000000
ORCL,2009-02-28,USD,4342000000,5453000000,1111000000,1111000000,1940000000,192000000,677000000,2402000000,None,None,None,154000000,None,None,None,501000000,1810000000,481000000,None,0,None,1964000000,2465000000,1329000000
ORCL,2008-11-30,USD,4668000000,5607000000,939000000,939000000,1975000000,174000000,651000000,2693000000,None,None,None,157000000,None,None,None,496000000,1826000000,530000000,None,0,None,1983000000,2479000000,1296000000
ORCL,2008-08-31,USD,4305000000,5331000000,1026000000,1026000000,1521000000,488000000,708000000,2784000000,None,None,None,159000000,None,None,None,477000000,1444000000,367000000,None,0,None,1603000000,2080000000,1077000000
ORCL,2008-05-31,USD,5898000000,7239000000,1341000000,1341000000,2970000000,201000000,734000000,2928000000,None,None,None,129000000,None,None,None,411000000,2941000000,904000000,None,0,None,3093000000,3504000000,2037000000
ORCL,2008-02-29,USD,4106000000,5349000000,1243000000,1243000000,1875000000,206000000,682000000,2231000000,None,None,None,82000000,None,None,None,357000000,1877000000,537000000,None,0,None,1843000000,2200000000,1340000000
ORCL,2007-11-30,USD,4075000000,5313000000,1238000000,1238000000,1782000000,206000000,674000000,2293000000,None,None,None,89000000,None,None,None,360000000,1815000000,512000000,None,0,None,1810000000,2170000000,1303000000
ORCL,2007-08-31,USD,3370000000,4529000000,1159000000,1159000000,1217000000,195000000,652000000,2153000000,None,None,None,94000000,None,None,None,352000000,1200000000,360000000,None,0,None,1264000000,1616000000,840000000
ORCL,2007-05-31,USD,4670000000,5829000000,1159000000,1159000000,2281000000,190000000,599000000,2389000000,None,None,None,96000000,None,None,None,320000000,2264000000,660000000,None,0,None,2352000000,2672000000,1604000000
ORCL,2007-02-28,USD,3384000000,4414000000,1030000000,1030000000,1394000000,175000000,570000000,1990000000,None,None,None,82000000,None,None,None,282000000,1406000000,373000000,None,0,None,1450000000,1732000000,1033000000
ORCL,2006-11-30,USD,3138000000,4163000000,1025000000,1025000000,1357000000,170000000,519000000,1781000000,None,None,None,82000000,None,None,None,268000000,1354000000,387000000,None,0,None,1332000000,1600000000,967000000
ORCL,2006-08-31,USD,2611000000,3591000000,980000000,980000000,943000000,157000000,506000000,1668000000,None,None,None,83000000,None,None,None,257000000,962000000,292000000,None,0,None,1000000000,1257000000,670000000
ORCL,2006-05-31,USD,3887000000,4851000000,964000000,964000000,1857000000,409000000,537000000,2030000000,None,None,None,120000000,None,None,None,264000000,1879000000,579000000,None,0,None,1919000000,2183000000,1300000000
ORCL,2006-02-28,USD,2680000000,3470000000,790000000,790000000,1052000000,146000000,467000000,1628000000,None,None,None,49000000,None,None,None,232000000,1078000000,313000000,None,0,None,1163000000,1395000000,765000000
ORCL,2005-11-30,USD,2535000000,3292000000,757000000,757000000,1116000000,825000000,468000000,1419000000,None,None,None,16000000,None,None,None,167000000,1122000000,324000000,None,0,None,1126000000,1293000000,798000000
ORCL,2005-08-31,USD,2045000000,2768000000,723000000,723000000,712000000,771000000,400000000,1333000000,None,None,None,21000000,None,None,None,192000000,733000000,214000000,None,0,None,751000000,943000000,519000000
WMT,2025-10-31,USD,44790000000,1.79496E+11,1.34706E+11,1.34706E+11,6696000000,38094000000,None,38094000000,None,-591000000,93000000,538400000,None,None,None,3606000000,8186000000,2098000000,None,6088000000,None,6696000000,10302000000,6143000000
WMT,2025-07-31,USD,44631000000,1.77402E+11,1.32771E+11,1.32771E+11,7286000000,37345000000,None,37345000000,None,-675000000,94000000,769000000,None,None,None,3487000000,9319000000,2168000000,None,7151000000,None,10088000000,13575000000,7026000000
WMT,2025-04-30,USD,41306000000,1.65609E+11,1.24303E+11,1.24303E+11,7135000000,34171000000,None,34171000000,None,-544000000,93000000,637000000,None,None,None,3369000000,5994000000,1355000000,None,4639000000,None,6631000000,10000000000,4487000000
WMT,2025-01-31,USD,44382000000,1.80554E+11,1.36172E+11,1.36172E+11,7859000000,36523000000,None,36523000000,None,-602000000,115000000,717000000,None,None,None,3374000000,6963000000,1538000000,None,5425000000,None,7680000000,11054000000,5254000000
WMT,2024-10-31,USD,42248000000,1.69588E+11,1.2734E+11,1.2734E+11,6708000000,35540000000,None,35540000000,None,-478000000,140000000,618000000,None,None,None,3260000000,6098000000,1384000000,None,4714000000,None,6716000000,9976000000,4577000000
WMT,2024-07-31,USD,42525000000,1.69335E+11,1.2681E+11,1.2681E+11,7940000000,34585000000,None,34585000000,None,-565000000,114000000,679000000,None,None,None,3211000000,6213000000,1502000000,None,4711000000,None,6892000000,10103000000,4501000000
WMT,2024-04-30,USD,40077000000,1.61508E+11,1.21431E+11,1.21431E+11,6841000000,33236000000,None,33236000000,None,-600000000,114000000,714000000,None,None,None,3128000000,7035000000,1728000000,None,5307000000,None,7749000000,10877000000,5104000000
WMT,2024-01-31,USD,41563000000,1.73388E+11,1.31825E+11,1.31825E+11,7254000000,34309000000,None,34309000000,None,-549000000,146000000,695000000,None,None,None,3117000000,7518000000,1840000000,None,5678000000,None,8213000000,11330000000,5494000000
WMT,2023-10-31,USD,39621000000,1.60804E+11,1.21183E+11,1.21183E+11,6202000000,33419000000,None,33419000000,None,-537000000,145000000,682000000,None,None,None,2986000000,915000000,272000000,None,643000000,None,1597000000,4583000000,453000000
WMT,2023-07-31,USD,39782000000,1.61632E+11,1.2185E+11,1.2185E+11,7316000000,32466000000,None,32466000000,None,-494000000,494000000,642000000,None,3905000000,None,2905000000,10727000000,2674000000,None,8053000000,None,11369000000,14274000000,7891000000
WMT,2023-04-30,USD,37017000000,1.52301E+11,1.15284E+11,1.15284E+11,6240000000,30777000000,None,30777000000,None,-557000000,107000000,664000000,None,-2995000000,None,2845000000,2688000000,792000000,None,1896000000,None,3352000000,6197000000,1673000000
WMT,2023-01-31,USD,38625000000,1.64048E+11,1.25423E+11,1.25423E+11,5561000000,33064000000,None,33064000000,None,-507000000,507000000,610000000,None,3848000000,None,2811000000,8902000000,3093000000,None,5809000000,None,9512000000,12323000000,6275000000
WMT,2022-10-31,USD,37200000000,1.52813E+11,1.15613E+11,1.15613E+11,2695000000,34505000000,None,34505000000,None,-500000000,500000000,584000000,None,-3626000000,None,2755000000,-1431000000,336000000,None,-1767000000,None,-847000000,1908000000,-1798000000
WMT,2022-07-31,USD,37021000000,1.52859E+11,1.15838E+11,1.15838E+11,6854000000,30167000000,None,30167000000,None,-448000000,31000000,479000000,None,238000000,None,2699000000,6644000000,1497000000,None,5147000000,None,7123000000,9822000000,5149000000
WMT,2022-04-30,USD,34722000000,1.41569E+11,1.06847E+11,1.06847E+11,5318000000,29404000000,None,29404000000,None,-419000000,36000000,455000000,None,-1998000000,None,2680000000,2901000000,798000000,None,2103000000,None,3356000000,6036000000,2054000000
WMT,2022-01-31,USD,37349000000,1.52871E+11,1.15522E+11,1.15522E+11,5887000000,31462000000,None,31462000000,None,-380000000,380000000,427000000,None,-725000000,None,2706000000,4782000000,1149000000,None,3633000000,None,5209000000,7915000000,3562000000
WMT,2021-10-31,USD,35502000000,1.40525E+11,1.05023E+11,1.05023E+11,5792000000,29710000000,None,29710000000,None,-442000000,442000000,486000000,None,-1203000000,None,2650000000,4147000000,1015000000,None,3132000000,None,4633000000,7283000000,3105000000
WMT,2021-07-31,USD,35865000000,1.41048E+11,1.05183E+11,1.05183E+11,7354000000,28511000000,None,28511000000,None,-478000000,37000000,515000000,None,-953000000,None,2641000000,5923000000,1559000000,None,4364000000,None,6438000000,9079000000,4276000000
WMT,2021-04-30,USD,35038000000,1.3831E+11,1.03272E+11,1.03272E+11,6909000000,28129000000,None,28129000000,None,-536000000,30000000,566000000,None,-2529000000,None,2661000000,3844000000,1033000000,None,2811000000,None,4410000000,7071000000,2730000000
WMT,2021-01-31,USD,36818000000,1.52079E+11,1.15261E+11,1.15261E+11,5487000000,31331000000,None,31331000000,None,-494000000,30000000,524000000,None,None,None,2819000000,-593000000,1415000000,None,-2008000000,None,-69000000,2750000000,-2091000000
WMT,2020-10-31,USD,34369000000,1.34708E+11,1.00339E+11,1.00339E+11,5778000000,28591000000,None,28591000000,None,-516000000,1337000000,541000000,None,1853000000,None,2771000000,7115000000,1914000000,None,5201000000,None,7656000000,10427000000,5135000000
WMT,2020-07-31,USD,35053000000,1.37742E+11,1.02689E+11,1.02689E+11,6059000000,28994000000,None,28994000000,None,-635000000,2587000000,658000000,None,3222000000,None,2771000000,8646000000,2207000000,None,6439000000,None,9304000000,12075000000,6476000000
WMT,2020-04-30,USD,32596000000,1.34622E+11,1.02026E+11,1.02026E+11,5224000000,27372000000,None,27372000000,None,-549000000,43000000,592000000,None,721000000,None,2791000000,5396000000,1322000000,None,4074000000,None,5988000000,8779000000,3990000000
WMT,2020-01-31,USD,33923000000,1.41671E+11,1.07748E+11,1.07748E+11,5322000000,28601000000,None,28601000000,None,-611000000,41000000,652000000,None,962000000,None,2828000000,5673000000,1379000000,None,4294000000,None,6325000000,9153000000,4141000000
WMT,2019-10-31,USD,32091000000,1.27991E+11,95900000000,95900000000,4718000000,27373000000,None,27373000000,None,-589000000,44000000,633000000,None,244000000,None,2723000000,4373000000,1052000000,None,3321000000,None,5006000000,7729000000,3288000000
WMT,2019-07-31,USD,32454000000,1.30377E+11,97923000000,97923000000,5583000000,26871000000,None,26871000000,None,-585000000,56000000,641000000,None,-85000000,None,2722000000,4913000000,1233000000,None,3680000000,None,5554000000,8276000000,3610000000
WMT,2019-04-30,USD,30891000000,1.23925E+11,93034000000,93034000000,4945000000,25946000000,None,25946000000,None,-625000000,212000000,673000000,None,837000000,None,2714000000,5157000000,1251000000,None,3906000000,None,5830000000,8544000000,3842000000
WMT,2019-01-31,USD,33886000000,1.38793E+11,1.04907E+11,1.04907E+11,6067000000,24159000000,0,27819000000,None,None,None,669000000,None,202000000,None,2731000000,5664000000,1851000000,None,3813000000,None,6333000000,9064000000,3687000000
WMT,2018-10-31,USD,31778000000,1.24894E+11,93116000000,93116000000,4986000000,26792000000,0,26792000000,None,None,None,593000000,None,-1876000000,None,2615000000,2576000000,759000000,None,1817000000,None,3169000000,5784000000,1710000000
WMT,2018-07-31,USD,32457000000,1.28028E+11,95571000000,95571000000,5750000000,26707000000,0,26707000000,None,None,None,554000000,None,-4849000000,None,2654000000,398000000,1125000000,None,-727000000,None,952000000,3606000000,-861000000
WMT,2018-04-30,USD,30983000000,1.2269E+11,91707000000,91707000000,5154000000,25829000000,0,25829000000,None,None,None,530000000,None,-1845000000,None,2678000000,2822000000,546000000,None,2276000000,None,3352000000,6030000000,2134000000
WMT,2018-01-31,USD,33627000000,1.36267E+11,1.0264E+11,1.0264E+11,4467000000,24398000000,0,29160000000,None,None,None,536000000,None,-1004000000,None,2702000000,2964000000,601000000,None,2363000000,None,6129000000,8831000000,2175000000
WMT,2017-10-31,USD,31632000000,1.23179E+11,91547000000,91547000000,4764000000,26868000000,0,26868000000,None,None,None,583000000,None,-1344000000,None,2658000000,2879000000,975000000,None,1904000000,None,3462000000,6120000000,1749000000
WMT,2017-07-31,USD,31834000000,1.23355E+11,91521000000,91521000000,5969000000,25865000000,0,25865000000,None,None,None,613000000,None,-788000000,None,2618000000,4606000000,1502000000,None,3104000000,None,5219000000,7837000000,2899000000
WMT,2017-04-30,USD,29854000000,1.17542E+11,87688000000,87688000000,5237000000,24617000000,0,24617000000,None,None,None,598000000,None,None,None,2551000000,4674000000,1522000000,None,3152000000,None,5272000000,7823000000,3039000000
WMT,2017-01-31,USD,33193000000,1.30936E+11,97743000000,97743000000,6205000000,24088000000,0,26988000000,None,None,None,585000000,None,None,None,2706000000,5650000000,1664000000,None,3986000000,None,6205000000,8911000000,3757000000
WMT,2016-10-31,USD,30695000000,1.18179E+11,87484000000,87484000000,5119000000,25576000000,0,25576000000,None,None,None,609000000,None,None,None,2469000000,4534000000,1332000000,None,3202000000,None,5119000000,7588000000,3034000000
WMT,2016-07-31,USD,31369000000,1.20854E+11,89485000000,89485000000,6165000000,25204000000,0,25204000000,None,None,None,588000000,None,None,None,2517000000,5599000000,1710000000,None,3889000000,None,6165000000,8682000000,3773000000
WMT,2016-04-30,USD,29360000000,1.15904E+11,86544000000,86544000000,5275000000,24085000000,0,24085000000,None,None,None,585000000,None,None,None,2388000000,4714000000,1498000000,None,3216000000,None,5275000000,7663000000,3079000000
WMT,2016-01-31,USD,32668000000,1.29667E+11,96999000000,96999000000,6642000000,23526000000,0,26026000000,None,None,None,565000000,None,None,None,2431000000,6094000000,1346000000,None,4748000000,None,6642000000,9073000000,4574000000
WMT,2015-10-31,USD,29962000000,1.17408E+11,87446000000,87446000000,5714000000,24248000000,0,24248000000,None,None,None,573000000,None,None,None,2365000000,5162000000,1748000000,None,3414000000,None,5714000000,8079000000,3304000000
WMT,2015-07-31,USD,30173000000,1.20229E+11,90056000000,90056000000,6069000000,24104000000,0,24104000000,None,None,None,567000000,None,None,None,2339000000,5526000000,1891000000,None,3635000000,None,6069000000,8408000000,3475000000
WMT,2015-04-30,USD,28343000000,1.14826E+11,86483000000,86483000000,5680000000,22663000000,0,22663000000,None,None,None,843000000,None,None,None,2319000000,4856000000,1573000000,None,3283000000,None,5680000000,7999000000,3341000000
WMT,2015-01-31,USD,32450000000,1.31565E+11,99115000000,99115000000,7949000000,22101000000,0,24501000000,None,None,None,623000000,None,None,None,2292000000,7363000000,2175000000,None,5188000000,None,7986000000,10278000000,4966000000
WMT,2014-10-31,USD,29754000000,1.19001E+11,89247000000,89247000000,6265000000,23489000000,0,23489000000,None,None,None,676000000,None,None,None,2354000000,5609000000,1783000000,None,3826000000,None,6285000000,8639000000,3711000000
WMT,2014-07-31,USD,30115000000,1.20125E+11,90010000000,90010000000,6740000000,23375000000,0,23375000000,None,None,None,570000000,None,None,None,2277000000,6202000000,2113000000,None,4089000000,None,6772000000,9049000000,4093000000
WMT,2014-04-30,USD,28246000000,1.1496E+11,86714000000,86714000000,6193000000,22053000000,0,22053000000,None,None,None,592000000,None,None,None,2250000000,5625000000,1914000000,None,3711000000,None,6217000000,8467000000,3593000000
WMT,2014-01-31,USD,31735000000,1.29706E+11,97971000000,97971000000,7347000000,21988000000,0,24388000000,None,None,None,581000000,None,None,None,2270000000,6793000000,2249000000,None,4521000000,None,7374000000,9644000000,4431000000
WMT,2013-10-31,USD,29001000000,1.15688E+11,86687000000,86687000000,6310000000,22691000000,0,22691000000,None,None,None,592000000,None,None,None,2198000000,5730000000,1860000000,None,3870000000,None,6322000000,8520000000,3738000000
WMT,2013-07-31,USD,29410000000,1.1683E+11,87420000000,87420000000,6777000000,22697000000,0,22633000000,None,None,None,589000000,None,None,None,2215000000,6225000000,2020000000,None,4215000000,None,6814000000,9029000000,4069000000
WMT,2013-04-30,USD,28079000000,1.1407E+11,85991000000,85991000000,6438000000,21704000000,0,21641000000,None,None,None,574000000,None,None,None,2187000000,5908000000,1976000000,None,3945000000,None,6481000000,8668000000,3784000000
WMT,2013-01-31,USD,31791000000,1.27919E+11,96128000000,96128000000,8600000000,20891000000,0,23191000000,None,None,None,533000000,None,None,None,2179000000,8123000000,2247000000,None,5876000000,None,8656000000,10835000000,5606000000
WMT,2012-10-31,USD,28330000000,1.138E+11,85470000000,85470000000,6093000000,22296000000,0,22237000000,None,None,None,590000000,None,None,None,2071000000,5547000000,1738000000,None,3825000000,None,6137000000,8208000000,3635000000
WMT,2012-07-31,USD,28639000000,1.14282E+11,85643000000,85643000000,6698000000,21941000000,0,21941000000,None,None,None,555000000,None,None,None,2127000000,6193000000,2032000000,None,4161000000,None,6748000000,8875000000,4016000000
WMT,2012-04-30,USD,27832000000,1.1301E+11,85178000000,85178000000,6387000000,21445000000,0,21445000000,None,None,None,573000000,None,None,None,2106000000,5852000000,1958000000,None,3894000000,None,6425000000,8531000000,3742000000
WMT,2012-01-31,USD,30580000000,1.23169E+11,92589000000,92589000000,8401000000,22179000000,0,22179000000,None,None,None,560000000,None,None,None,2063000000,7872000000,2434000000,None,5438000000,None,8432000000,10495000000,5163000000
WMT,2011-10-31,USD,27635000000,1.10226E+11,82591000000,82591000000,5878000000,21757000000,0,21757000000,None,None,None,600000000,None,None,None,2040000000,5343000000,1842000000,None,3501000000,None,5943000000,7983000000,3336000000
WMT,2011-07-31,USD,27596000000,1.09366E+11,81770000000,81770000000,6383000000,21213000000,0,21213000000,None,None,None,600000000,None,None,None,2042000000,5805000000,1868000000,None,3937000000,None,6405000000,8447000000,3801000000
WMT,2011-04-30,USD,26012000000,1.04189E+11,78177000000,78177000000,5896000000,20116000000,0,20116000000,None,None,None,562000000,None,None,None,1985000000,5378000000,1800000000,None,3578000000,None,5940000000,7925000000,3399000000
WMT,2011-01-31,USD,29202000000,1.1636E+11,87158000000,87158000000,8004000000,21198000000,0,21198000000,None,None,None,572000000,None,None,None,2006000000,7472000000,2294000000,None,5155000000,None,8044000000,10050000000,6056000000
WMT,2010-10-31,USD,26133000000,1.01952E+11,75819000000,75819000000,5611000000,20435000000,0,20522000000,None,None,None,569000000,None,None,None,1887000000,5095000000,1505000000,None,3590000000,None,5664000000,7551000000,3436000000
WMT,2010-07-31,USD,26288000000,1.03726E+11,77438000000,77438000000,6190000000,20013000000,0,20098000000,None,None,None,542000000,None,None,None,1884000000,5705000000,1958000000,None,3747000000,None,6247000000,8131000000,3596000000
WMT,2010-04-30,USD,25193000000,99811000000,74618000000,74618000000,5737000000,19373000000,0,19456000000,None,None,None,522000000,None,None,None,1864000000,5266000000,1822000000,None,3467000000,None,5788000000,7652000000,3301000000
WMT,2010-01-31,USD,28340000000,1.13651E+11,85311000000,85311000000,7258000000,21082000000,0,21082000000,None,None,None,522000000,None,None,None,1902000000,6789000000,1925000000,None,0,None,7311000000,9213000000,4632000000
WMT,2009-10-31,USD,25458000000,99373000000,73915000000,73915000000,5442000000,20013000000,0,20016000000,None,None,None,510000000,None,None,None,1798000000,4967000000,1702000000,None,3360000000,None,5477000000,7275000000,3144000000
WMT,2009-07-31,USD,25820000000,1.00876E+11,75056000000,75056000000,5929000000,19875000000,0,19891000000,None,None,None,515000000,None,None,None,1757000000,5456000000,1870000000,None,3556000000,None,5971000000,7728000000,3472000000
WMT,2009-04-30,USD,23854000000,94242000000,70388000000,70388000000,5217000000,20138000000,0,18637000000,None,None,None,518000000,None,None,None,1700000000,4750000000,1603000000,None,0,None,5268000000,6968000000,3022000000
WMT,2009-01-31,USD,26515000000,1.09116E+11,82601000000,82601000000,6377000000,20138000000,0,20138000000,None,None,None,560000000,None,None,None,1685000000,5885000000,1959000000,None,0,None,6445000000,8130000000,3792000000
WMT,2008-10-31,USD,24724000000,98345000000,73621000000,73621000000,5292000000,19236000000,0,19432000000,None,None,None,537000000,None,None,None,1688000000,4836000000,1690000000,None,0,None,5373000000,7061000000,3138000000
WMT,2008-07-31,USD,25224000000,1.02342E+11,77118000000,77118000000,5813000000,19228000000,0,19411000000,None,None,None,527000000,None,None,None,1738000000,5357000000,1826000000,None,0,None,5884000000,7622000000,3449000000
WMT,2008-04-30,USD,23568000000,94940000000,71372000000,71372000000,5317000000,18107000000,0,18251000000,None,None,None,560000000,None,None,None,1628000000,4821000000,1670000000,None,0,None,5381000000,7009000000,3022000000
WMT,2008-01-31,USD,26105000000,1.07428E+11,81323000000,81323000000,6881000000,19224000000,0,19224000000,None,None,None,603000000,None,None,None,1661000000,6340000000,2143000000,None,0,None,6943000000,8604000000,4096000000
WMT,2007-10-31,USD,22614000000,91865000000,69251000000,69251000000,4961000000,17685000000,0,17653000000,None,None,None,537000000,None,None,None,1596000000,4501000000,1556000000,None,0,None,5038000000,6634000000,2857000000
WMT,2007-07-31,USD,22410000000,92999000000,70589000000,70589000000,5283000000,17130000000,0,17127000000,None,None,None,488000000,None,None,None,1572000000,4879000000,1676000000,None,0,None,5367000000,6939000000,2952000000
WMT,2007-04-30,USD,21099000000,86410000000,65311000000,65311000000,4850000000,16249000000,0,16249000000,None,None,None,475000000,None,None,None,1488000000,4458000000,1532000000,None,0,None,4933000000,6421000000,2826000000
WMT,2007-01-31,USD,23513000000,99078000000,75565000000,75565000000,6432000000,17081000000,0,17081000000,None,None,None,429000000,None,None,None,1446000000,6087000000,1977000000,None,0,None,6516000000,7962000000,3939000000
WMT,2006-10-31,USD,20702000000,84467000000,63765000000,63765000000,4465000000,16237000000,0,16237000000,None,None,None,489000000,None,None,None,1371000000,4041000000,1363000000,None,0,None,4530000000,5901000000,2647000000
WMT,2006-07-31,USD,20845000000,85430000000,64585000000,64585000000,5104000000,15741000000,0,15741000000,None,None,None,456000000,None,None,None,1348000000,4711000000,1636000000,None,0,None,5167000000,6515000000,2083000000
WMT,2006-04-30,USD,19439000000,79676000000,60237000000,60237000000,4495000000,15166000000,0,14944000000,None,None,None,437000000,None,None,None,1294000000,4127000000,1388000000,None,0,None,4563000000,5857000000,2615000000
WMT,2006-01-31,USD,21083000000,90128000000,69045000000,69045000000,5861000000,15222000000,0,15222000000,None,None,None,399000000,None,None,None,1203000000,5540000000,1834000000,None,0,None,5939000000,7142000000,3591000000
WMT,2005-10-31,USD,18072000000,75397000000,57325000000,57325000000,4098000000,14216000000,0,13974000000,None,None,None,408000000,None,None,None,1174000000,3748000000,1253000000,None,0,None,4155000000,5329000000,2374000000
LLY,2025-09-30,USD,14592500000,17600800000,3008300000,3008300000,7730400000,2740700000,4121400000,6862100000,None,-114600000,65000000,179600000,None,None,None,470000000,7232400000,1649900000,None,5582500000,None,7412000000,7882000000,5582500000
LLY,2025-06-30,USD,13109900000,15557700000,2447800000,2447800000,7126200000,2647600000,3336100000,5983700000,None,-209000000,40000000,249000000,None,None,None,478500000,6776400000,1115900000,None,5660500000,None,7025400000,7503900000,5660500000
LLY,2025-03-31,USD,10504300000,12728500000,2224200000,2224200000,5408400000,2362200000,2733700000,5095900000,None,-195400000,48300000,243700000,None,None,None,462800000,3456100000,696800000,None,2759300000,None,3699800000,4162600000,2759300000
LLY,2024-12-31,USD,11129000000,13532800000,2403800000,2403800000,5797800000,2308700000,3022500000,5331200000,None,-180400000,44300000,224700000,None,None,None,484800000,5038700000,628900000,None,4409800000,None,5263400000,5748200000,4409800000
LLY,2024-09-30,USD,9268300000,11439100000,2170800000,2170800000,4549800000,1984400000,2734100000,4718500000,None,-144900000,47800000,192700000,None,None,None,466800000,1588400000,618100000,None,970300000,None,1781100000,2247900000,970300000
LLY,2024-06-30,USD,9132600000,11302800000,2170200000,2170200000,4418500000,2002900000,2711200000,4714100000,None,-146300000,37300000,183600000,None,None,None,414400000,3517200000,550200000,None,2967000000,None,3700800000,4115200000,2967000000
LLY,2024-03-31,USD,7094500000,8768000000,1673500000,1673500000,2735600000,1836100000,2522800000,4358900000,None,-133800000,45800000,179600000,None,None,None,400600000,2536100000,293200000,None,2242900000,None,2715700000,3116300000,2242900000
LLY,2023-12-31,USD,7565400000,9353400000,1788000000,1788000000,3193100000,1809600000,2562700000,4372300000,None,-93700000,44500000,138200000,None,None,None,387700000,2508800000,319100000,None,2189700000,None,2647000000,3034700000,2189700000
LLY,2023-09-30,USD,7638500000,9498600000,1860100000,1860100000,3541000000,1688400000,2409100000,4097500000,None,-75700000,138600000,124600000,None,None,None,411000000,427200000,484600000,None,-57400000,None,551800000,962800000,-57400000
LLY,2023-06-30,USD,6504700000,8312100000,1807400000,1807400000,2338400000,1809800000,2356500000,4166300000,None,-74300000,46000000,120300000,None,-36800000,None,366300000,2088900000,325700000,None,1763200000,None,2209200000,2575500000,1763200000
LLY,2023-03-31,USD,5333300000,6960000000,1626700000,1626700000,1714800000,1633400000,1985100000,3618500000,None,-68600000,68600000,102800000,None,35700000,None,362300000,1529700000,184800000,None,1344900000,None,1632500000,1994800000,1344900000
LLY,2022-12-31,USD,5753700000,7301800000,1548100000,1548100000,2207500000,1550300000,1995900000,3546200000,None,-58500000,58500000,84000000,None,260000000,None,375000000,2096400000,158700000,None,1937700000,None,2180400000,2555400000,1937700000
LLY,2022-09-30,USD,5362500000,6941600000,1579100000,1579100000,2037800000,1521800000,1802900000,3324700000,None,-61400000,20100000,81500000,None,-111000000,None,362900000,1565500000,113800000,None,1451700000,None,1647000000,2009900000,1451700000
LLY,2022-06-30,USD,5057500000,6488000000,1430500000,1430500000,1744800000,1530800000,1781900000,3312700000,None,-71000000,10200000,81200000,None,-119200000,None,348900000,1090900000,138400000,None,952500000,None,1172100000,1521000000,952500000
LLY,2022-03-31,USD,5737900000,7810000000,2072100000,2072100000,2663200000,1464600000,1610100000,3074700000,None,-77900000,7000000,84900000,None,-350700000,None,435700000,2053600000,150700000,None,1902900000,None,2138500000,2574200000,1902900000
LLY,2021-12-31,USD,5949700000,7999900000,2050200000,2050200000,2470900000,1519400000,1959400000,3478800000,None,-74000000,74000000,81400000,None,None,None,445700000,1839900000,113800000,None,1726100000,None,1921300000,2367000000,1726100000
LLY,2021-09-30,USD,5342000000,6772800000,1430800000,1430800000,2131400000,1505300000,1705300000,3210600000,None,-76600000,76600000,83600000,None,-635900000,None,382300000,1245300000,135200000,None,1110100000,None,1328900000,1711200000,1110100000
LLY,2021-06-30,USD,4786900000,6740100000,1953200000,1953200000,1517300000,1614600000,1655000000,3269600000,None,-81500000,5400000,86900000,None,190500000,None,369300000,1593900000,203700000,None,1390200000,None,1680800000,2050100000,1390200000
LLY,2021-03-31,USD,4927000000,6805600000,1878600000,1878600000,1752300000,1502600000,1672100000,3174700000,None,-82300000,5500000,87800000,None,321100000,None,350300000,1476400000,121100000,None,1355300000,None,1564200000,1914500000,1355300000
LLY,2020-12-31,USD,5720200000,7440000000,1719800000,1719800000,2385600000,1496600000,1838000000,3334600000,None,-83400000,83400000,89200000,None,None,None,367500000,2469100000,352300000,None,2116800000,None,2558300000,2925800000,2116800000
LLY,2020-09-30,USD,4414200000,5740600000,1326400000,1326400000,1493700000,1455100000,1465400000,2920500000,None,-83800000,83800000,89600000,None,158900000,None,358400000,1437200000,228800000,None,1208400000,None,1526800000,1885200000,1208400000
LLY,2020-06-30,USD,4277400000,5499400000,1222000000,1222000000,1474500000,1412700000,1390200000,2802900000,None,-81200000,7100000,88300000,None,446900000,None,324400000,1643700000,231700000,None,1412000000,None,1732000000,2056400000,1412000000
LLY,2020-03-31,USD,4644700000,5859800000,1215100000,1215100000,1747600000,1505000000,1392100000,2897100000,None,-78200000,14300000,92500000,None,89100000,None,273600000,1679900000,223400000,None,1456500000,None,1772400000,2046000000,1456500000
LLY,2019-12-31,USD,4831400000,6114000000,1282600000,1282600000,1603900000,1646100000,1581400000,3227500000,None,-82700000,13200000,95900000,None,262900000,None,340700000,1663100000,167400000,None,1495700000,None,1759000000,2099700000,1495700000
LLY,2019-09-30,USD,4301600000,5476600000,1175000000,1175000000,1560600000,1360100000,1380900000,2741000000,None,-90100000,17300000,107400000,None,-24900000,None,288000000,1405800000,151900000,None,1253900000,None,1513200000,1801200000,1253900000
LLY,2019-06-30,USD,4511800000,5636700000,1124900000,1124900000,1573100000,1536500000,1402200000,2938700000,None,-91500000,19400000,110900000,None,-32400000,None,247400000,1465900000,138700000,None,1327200000,None,1576800000,1824200000,1327200000
LLY,2019-03-31,USD,3953500000,5092200000,1138700000,1138700000,1261800000,1461200000,1230500000,2691700000,None,-55900000,104800000,86500000,None,86000000,None,356500000,731100000,170000000,None,561100000,None,817600000,1174100000,4241600000
LLY,2018-12-31,USD,4844900000,6438600000,1593700000,1593700000,1597500000,1793600000,1453800000,3247400000,None,None,None,78200000,None,-15300000,None,345500000,938900000,-186100000,None,1125000000,None,1017100000,1362600000,1125000000
LLY,2018-09-30,USD,4154000000,5306900000,1152900000,1152900000,1478400000,1394700000,1280900000,2675600000,None,None,None,60800000,None,-15400000,None,415500000,1341100000,247500000,None,1149500000,None,1401900000,1817400000,1149500000
LLY,2018-06-30,USD,4350700000,5585000000,1234300000,1234300000,1648900000,1430800000,1271000000,2701800000,None,None,None,63300000,None,38000000,None,425200000,41700000,273300000,None,-259900000,None,105000000,530200000,-259900000
LLY,2018-03-31,USD,3799200000,4963800000,1164600000,1164600000,1409000000,1282700000,1107500000,2390200000,None,None,None,61200000,None,67500000,None,422800000,1365700000,198500000,None,1217400000,None,1426900000,1849700000,1217400000
LLY,2017-12-31,USD,4535900000,6160700000,1624800000,1624800000,768500000,2294200000,1473200000,3767400000,None,None,None,62900000,None,55100000,None,411900000,284100000,1941000000,None,-1656900000,None,347000000,758900000,-1656900000
LLY,2017-09-30,USD,4071700000,5658000000,1586300000,1586300000,1217000000,1514700000,1340000000,2854700000,None,None,None,61900000,None,-13900000,None,372900000,591600000,36000000,None,555600000,None,653500000,1026400000,555600000
LLY,2017-06-30,USD,4252600000,5824300000,1571700000,1571700000,1314400000,1666100000,1272100000,2938200000,None,None,None,53600000,None,-3900000,None,395600000,1260500000,252500000,None,1008000000,None,1314100000,1709700000,1008000000
LLY,2017-03-31,USD,3880400000,5228300000,1347900000,1347900000,1117600000,1504500000,1258300000,2762800000,None,None,None,46600000,None,15100000,None,386900000,61200000,172000000,None,-110800000,None,107800000,494700000,-110800000
LLY,2016-12-31,USD,4294500000,5760500000,1466000000,1466000000,1053800000,1790100000,1450600000,3240700000,None,None,None,51400000,None,15800000,None,344600000,892000000,120200000,None,771800000,None,943400000,1288000000,771800000
LLY,2016-09-30,USD,3790800000,5191700000,1400900000,1400900000,989000000,1565400000,1236400000,2801800000,None,None,None,47200000,None,27200000,None,392800000,970700000,192700000,None,778000000,None,1017900000,1410700000,778000000
LLY,2016-06-30,USD,3939800000,5404800000,1465000000,1465000000,981300000,1622600000,1335900000,2958500000,None,None,None,43200000,None,21200000,None,373700000,944500000,196800000,None,747700000,None,987700000,1361400000,747700000
LLY,2016-03-31,USD,3542100000,4865100000,1323000000,1323000000,847200000,1473900000,1221000000,2694900000,None,None,None,43400000,None,-149000000,None,385500000,566800000,126700000,None,440100000,None,610200000,995700000,440100000
LLY,2015-12-31,USD,3986400000,5375600000,1389200000,1389200000,743800000,1798400000,1444200000,3242600000,None,None,None,44200000,None,None,None,343400000,444600000,-33800000,None,2408400000,None,488800000,832200000,478400000
LLY,2015-09-30,USD,3722800000,4959700000,1236900000,1236900000,1003700000,1575700000,1143400000,2719100000,None,None,None,39300000,None,None,None,358300000,1047800000,248100000,None,0,None,1087100000,1445400000,799700000
LLY,2015-06-30,USD,3760300000,4978700000,1218400000,1218400000,955400000,1635400000,1169500000,2804900000,None,None,None,36800000,None,-123300000,None,368500000,679700000,78900000,None,600800000,None,716500000,1085000000,600800000
LLY,2015-03-31,USD,3452000000,4644700000,1192700000,1192700000,889200000,1523500000,1039300000,2562800000,None,None,None,40900000,None,None,None,357500000,617900000,88400000,None,0,None,658800000,1016300000,529500000
LLY,2014-12-31,USD,3868200000,5121300000,1253100000,1253100000,882600000,1799900000,1185700000,2985600000,None,None,None,37400000,None,None,None,339400000,513600000,85100000,None,2390500000,None,551000000,890400000,428500000
LLY,2014-09-30,USD,3608600000,4875600000,1267000000,1267000000,693300000,1672100000,1243200000,2915300000,None,None,None,38100000,None,None,None,342400000,655500000,154900000,None,0,None,693600000,1036000000,500600000
LLY,2014-06-30,USD,3745900000,4935600000,1189700000,1189700000,886600000,1663900000,1195400000,2859300000,None,None,None,35500000,None,None,None,348400000,940400000,206900000,None,0,None,975900000,1324300000,733500000
LLY,2014-03-31,USD,3460400000,4683100000,1222700000,1222700000,866200000,1484900000,1109300000,2594200000,None,None,None,37800000,None,56000000,None,348800000,890800000,162900000,None,727900000,None,928600000,1277400000,727900000
LLY,2013-12-31,USD,4422300000,5808800000,1386500000,1386500000,993300000,1953600000,1475400000,3429000000,None,None,None,39700000,None,None,None,351200000,909900000,182400000,None,0,None,949600000,1300800000,727500000
LLY,2013-09-30,USD,4574500000,5772600000,1198100000,1198100000,1544700000,1652400000,1377400000,3029800000,None,None,None,39800000,None,None,None,349000000,1513400000,310300000,None,0,None,1553200000,1902200000,1203100000
LLY,2013-06-30,USD,4764500000,5929700000,1165200000,1165200000,1566500000,1867600000,1330400000,3198000000,None,None,None,40300000,None,None,None,363900000,1514900000,308700000,None,0,None,1555200000,1919100000,1206200000
LLY,2013-03-31,USD,4443700000,5602000000,1158300000,1158300000,1443600000,1652000000,1348100000,3000100000,None,None,None,40300000,None,529200000,None,381500000,1951100000,403100000,None,1548000000,None,1991400000,2372900000,1548000000
LLY,2012-12-31,USD,4709100000,5957400000,1248300000,1248300000,1268500000,1977500000,1463100000,3440600000,None,None,None,42500000,None,None,None,344600000,1012500000,185200000,None,0,None,1055000000,1399600000,827300000
LLY,2012-09-30,USD,4239700000,5443300000,1203600000,1203600000,1139500000,1757400000,1342800000,3100200000,None,None,None,47000000,None,None,None,369700000,1874700000,548100000,None,0,None,1921700000,2291400000,1326600000
LLY,2012-06-30,USD,4454000000,5600700000,1146700000,1146700000,1202200000,1931100000,1320700000,3251800000,None,None,None,43000000,None,None,None,362000000,1185700000,262100000,None,0,None,1228700000,1590700000,923600000
LLY,2012-03-31,USD,4404100000,5602000000,1197900000,1197900000,1405100000,1847500000,1151500000,2999000000,None,None,None,45300000,None,None,None,385900000,1335300000,324200000,None,0,None,1380600000,1766500000,1011100000
LLY,2011-12-31,USD,4724900000,6046600000,1321700000,1321700000,1236200000,2133400000,1355300000,3488700000,None,None,None,50100000,None,None,None,318900000,1041800000,183600000,None,0,None,1091900000,1410800000,858200000
LLY,2011-09-30,USD,4809800000,6147900000,1338100000,1338100000,1611100000,1917800000,1280900000,3198700000,None,None,None,45000000,None,-83400000,None,358200000,1502500000,266200000,None,1236300000,None,1547500000,1905700000,1236300000
LLY,2011-06-30,USD,5024800000,6252800000,1228000000,1228000000,1721200000,2043000000,1260600000,3303600000,None,None,None,45100000,None,-57600000,None,355600000,1531300000,334000000,None,1197300000,None,1576400000,1932000000,1197300000
LLY,2011-03-31,USD,4659100000,5839200000,1180100000,1180100000,1749400000,1785700000,1124000000,2909700000,None,None,None,45800000,None,-11200000,None,340900000,1273900000,218000000,None,1055900000,None,1319700000,1660600000,1055900000
LLY,2010-12-31,USD,4954800000,6187000000,1232200000,1232200000,1528000000,1988700000,1438100000,3426800000,None,None,None,43200000,None,None,None,338500000,1409600000,240000000,None,0,None,1452800000,1791300000,1169600000
LLY,2010-09-30,USD,4667200000,5654800000,987600000,987600000,1752500000,1694900000,1219800000,2914700000,None,None,None,47200000,None,None,None,344700000,1671300000,368400000,None,0,None,1718500000,2063200000,1302900000
LLY,2010-06-30,USD,4724800000,5748700000,1023900000,1023900000,1782200000,1755400000,1187200000,2942600000,None,None,None,47500000,None,None,None,345600000,1736500000,387600000,None,0,None,1784000000,2129600000,1348900000
LLY,2010-03-31,USD,4363000000,5485500000,1122500000,1122500000,1709500000,1614400000,1039100000,2653500000,None,None,None,47600000,None,None,None,299400000,1707800000,459700000,None,0,None,1755400000,2054800000,1248100000
LLY,2009-12-31,USD,4502900000,5934200000,1431300000,1431300000,1332900000,1953300000,1216700000,3170000000,None,None,None,50200000,None,None,None,375800000,1137200000,221800000,None,0,None,1187400000,1563200000,915400000
LLY,2009-09-30,USD,4510100000,5562000000,1051900000,1051900000,1686200000,1701800000,1122100000,2823900000,None,None,None,59200000,None,None,None,309700000,1069500000,127700000,None,0,None,1128700000,1438400000,941800000
LLY,2009-06-30,USD,4345400000,5292800000,947400000,947400000,1596800000,1708200000,1040400000,2748600000,None,None,None,64300000,None,None,None,306000000,1467700000,309200000,None,0,None,1532000000,1838000000,1158500000
LLY,2009-03-31,USD,4230600000,5047000000,816400000,816400000,1754100000,1529200000,947300000,2476500000,None,None,None,87600000,None,None,None,306300000,1683400000,370300000,None,0,None,1771000000,2077300000,1313100000
LLY,2008-12-31,USD,4295100000,5210500000,915400000,915400000,1509200000,1726600000,1059300000,2785900000,None,None,None,81900000,None,None,None,280300000,-3337400000,292000000,None,0,None,-3255500000,-2975200000,-3629400000
LLY,2008-09-30,USD,4054300000,5209500000,1155200000,1155200000,1452100000,1649200000,953000000,2602200000,None,None,None,44000000,None,None,None,283300000,-232800000,232800000,None,0,None,-188800000,94500000,-465600000
LLY,2008-06-30,USD,3949500000,5150400000,1200900000,1200900000,1297900000,1700100000,951500000,2651600000,None,None,None,42600000,None,None,None,281500000,1206300000,247500000,None,0,None,1248900000,1530400000,958800000
LLY,2008-03-31,USD,3696300000,4807600000,1111300000,1111300000,1268700000,1550500000,877100000,2427600000,None,None,None,59800000,None,None,None,277500000,1056300000,-8000000,None,0,None,1116100000,1393600000,1064300000
LLY,2007-12-31,USD,3916800000,5189600000,1272800000,1272800000,1207400000,1755800000,953600000,2709400000,None,None,None,60400000,None,None,None,274800000,1052300000,197900000,None,0,None,1207400000,1482200000,854400000
LLY,2007-09-30,USD,3532200000,4586800000,1054600000,1054600000,1209900000,1477800000,844500000,2322300000,None,None,None,55800000,None,None,None,265500000,1178400000,252100000,None,0,None,1209900000,1475400000,926300000
LLY,2007-06-30,USD,3632100000,4631000000,998900000,998900000,1253000000,1524700000,854400000,2379100000,None,None,None,59100000,None,None,None,262500000,926700000,263100000,None,0,None,1253000000,1515500000,663600000
LLY,2007-03-31,USD,3303600000,4226100000,922500000,922500000,1132600000,1336800000,834200000,2171000000,None,None,None,53000000,None,None,None,245100000,719400000,210700000,None,0,None,1132600000,1377700000,508700000
LLY,2006-12-31,USD,3226300000,4245300000,1019000000,1019000000,1057500000,1310800000,858000000,2168800000,None,None,None,44600000,None,None,None,173600000,215000000,82700000,None,0,None,1057500000,1231100000,132300000
LLY,2006-09-30,USD,3003700000,3864100000,860400000,860400000,1049800000,1198200000,755700000,1953900000,None,None,None,62700000,None,None,None,214200000,1105800000,232200000,None,0,None,1049800000,1264000000,873600000
LLY,2006-06-30,USD,3006300000,3866900000,860600000,860600000,993600000,1237900000,774800000,2012700000,None,None,None,65800000,None,None,None,209100000,1040500000,218500000,None,0,None,993600000,1202700000,822000000
LLY,2006-03-31,USD,2908200000,3714700000,806500000,806500000,1024500000,1142900000,740800000,1883700000,None,None,None,65000000,None,None,None,204900000,1056700000,221900000,None,0,None,1024500000,1229400000,834800000
LLY,2005-12-31,USD,2980900000,3879100000,898200000,898200000,981400000,1189600000,809900000,1999500000,None,None,None,105200000,None,None,None,225100000,894700000,172100000,None,0,None,981400000,1206500000,700600000
LLY,2005-09-30,USD,2755400000,3601100000,845700000,845700000,933500000,1070900000,751000000,1821900000,None,None,None,24300000,None,None,None,183900000,1018500000,224100000,None,0,None,933500000,1117400000,794400000
V,2025-09-30,USD,8743000000,10724000000,1981000000,1981000000,6148000000,800000000,None,2595000000,None,-210000000,75000000,210000000,None,None,None,316000000,6223000000,1133000000,None,5090000000,None,6433000000,6749000000,5090000000
V,2025-06-30,USD,8199000000,10172000000,1973000000,1973000000,6177000000,669000000,None,2022000000,None,-39000000,156000000,39000000,None,None,None,317000000,6333000000,1061000000,None,5272000000,None,6372000000,6689000000,5272000000
V,2025-03-31,USD,7713000000,9594000000,1881000000,1881000000,5435000000,592000000,None,2278000000,None,-158000000,3000000,158000000,None,None,None,305000000,5438000000,861000000,None,4577000000,None,5596000000,5901000000,4577000000
V,2024-12-31,USD,7490000000,9510000000,2020000000,2020000000,6234000000,624000000,None,1256000000,None,-182000000,34000000,182000000,None,None,None,282000000,6200000000,1081000000,None,5119000000,None,6382000000,6664000000,5119000000
V,2024-09-30,USD,7800000000,9617000000,1817000000,1817000000,6349000000,616000000,None,1451000000,None,-176000000,23000000,176000000,None,None,None,274000000,6372000000,1054000000,None,5318000000,None,6548000000,6822000000,5318000000
V,2024-06-30,USD,7127000000,8900000000,1773000000,1773000000,5938000000,534000000,None,1189000000,None,-196000000,None,196000000,None,None,None,264000000,5989000000,1117000000,None,4872000000,None,6185000000,6449000000,4872000000
V,2024-03-31,USD,6734000000,8775000000,2041000000,2041000000,5354000000,612000000,None,924000000,None,-82000000,None,82000000,None,None,None,249000000,5513000000,850000000,None,4663000000,None,5810000000,6059000000,4663000000
V,2023-12-31,USD,6974000000,8634000000,1660000000,1660000000,5954000000,471000000,None,1020000000,None,-187000000,None,187000000,None,None,None,247000000,6042000000,1152000000,None,4890000000,None,6229000000,6476000000,4890000000
V,2023-09-30,USD,6914000000,8609000000,1695000000,1695000000,5550000000,585000000,None,1364000000,None,-183000000,None,183000000,None,None,None,247000000,5636000000,955000000,None,4681000000,None,5819000000,6066000000,4681000000
V,2023-06-30,USD,6460000000,8123000000,1663000000,1663000000,5024000000,447000000,None,1436000000,None,-182000000,122000000,182000000,None,304000000,None,235000000,5146000000,990000000,None,4156000000,None,5328000000,5563000000,4156000000
V,2023-03-31,USD,6291000000,7985000000,1694000000,1694000000,5336000000,412000000,None,955000000,None,-142000000,58000000,142000000,None,84000000,None,234000000,5278000000,1021000000,None,4257000000,None,5420000000,5654000000,4257000000
V,2022-12-31,USD,6421000000,7936000000,1515000000,1515000000,5090000000,431000000,None,1331000000,None,-137000000,113000000,137000000,None,24000000,None,227000000,4977000000,798000000,None,4179000000,None,5114000000,5341000000,4179000000
V,2022-09-30,USD,6246000000,7787000000,1541000000,1541000000,5087000000,501000000,None,1159000000,None,-159000000,219000000,159000000,None,-60000000,None,226000000,4868000000,928000000,None,3940000000,None,5027000000,5253000000,3940000000
V,2022-06-30,USD,5814000000,7275000000,1461000000,1461000000,4148000000,406000000,None,1666000000,None,-111000000,319000000,111000000,None,-208000000,None,230000000,3829000000,418000000,None,3411000000,None,3940000000,4170000000,3411000000
V,2022-03-31,USD,5773000000,7189000000,1416000000,1416000000,4802000000,450000000,None,971000000,None,-134000000,260000000,134000000,None,-126000000,None,207000000,4542000000,895000000,None,3647000000,None,4676000000,4883000000,3647000000
V,2021-12-31,USD,5744000000,7059000000,1315000000,1315000000,4776000000,342000000,None,968000000,None,-134000000,121000000,134000000,None,255000000,None,198000000,4897000000,938000000,None,3959000000,None,5031000000,5229000000,3959000000
V,2021-09-30,USD,5320000000,6559000000,1239000000,1239000000,4315000000,345000000,None,1005000000,None,-125000000,17000000,125000000,None,108000000,None,202000000,4298000000,714000000,None,3584000000,None,4423000000,4625000000,3584000000
V,2021-06-30,USD,4846000000,6130000000,1284000000,1284000000,4064000000,312000000,None,782000000,None,-131000000,131000000,131000000,None,456000000,None,204000000,4389000000,1814000000,None,2575000000,None,4520000000,4724000000,2575000000
V,2021-03-31,USD,4436000000,5729000000,1293000000,1293000000,3581000000,445000000,None,855000000,None,-121000000,121000000,121000000,None,168000000,None,201000000,3628000000,602000000,None,3026000000,None,3749000000,3950000000,3026000000
V,2020-12-31,USD,4533000000,5687000000,1154000000,1154000000,3844000000,286000000,None,689000000,None,-136000000,136000000,136000000,None,40000000,None,197000000,3748000000,622000000,None,3126000000,None,3884000000,4081000000,3126000000
V,2020-09-30,USD,3988000000,5101000000,1113000000,1113000000,3142000000,360000000,None,846000000,None,-145000000,145000000,145000000,None,58000000,None,196000000,3055000000,918000000,None,2137000000,None,3200000000,3396000000,2137000000
V,2020-06-30,USD,3724000000,4837000000,1113000000,1113000000,2999000000,353000000,None,725000000,None,-142000000,142000000,142000000,None,75000000,None,197000000,2932000000,559000000,None,2373000000,None,3074000000,3271000000,2373000000
V,2020-03-31,USD,4731000000,5854000000,1123000000,1123000000,3924000000,372000000,None,807000000,None,-118000000,118000000,118000000,None,23000000,None,192000000,3829000000,745000000,None,3084000000,None,3947000000,4139000000,3084000000
V,2019-12-31,USD,4891000000,6054000000,1163000000,1163000000,4016000000,419000000,None,875000000,None,-111000000,111000000,111000000,None,69000000,None,182000000,3974000000,702000000,None,3272000000,None,4085000000,4267000000,3272000000
V,2019-09-30,USD,5073000000,6137000000,1064000000,1064000000,3735000000,490000000,None,1338000000,None,-120000000,120000000,120000000,None,96000000,None,172000000,3711000000,686000000,None,3025000000,None,3815000000,3987000000,3025000000
V,2019-06-30,USD,4784000000,5840000000,1056000000,1056000000,3908000000,428000000,None,876000000,None,-128000000,128000000,128000000,None,86000000,None,165000000,3866000000,765000000,None,3101000000,None,3994000000,4159000000,3101000000
V,2019-03-31,USD,4429000000,5494000000,1065000000,1065000000,3641000000,365000000,None,788000000,None,-140000000,140000000,140000000,None,176000000,None,160000000,3677000000,700000000,None,2977000000,None,3817000000,3977000000,2977000000
V,2018-12-31,USD,4526000000,5506000000,980000000,980000000,3717000000,367000000,0,809000000,None,None,None,145000000,None,58000000,None,159000000,3630000000,653000000,None,2977000000,None,3724000000,3883000000,2977000000
V,2018-09-30,USD,4431000000,5434000000,1003000000,1003000000,3406000000,591000000,312000000,1025000000,None,None,None,150000000,None,282000000,None,163000000,3538000000,693000000,None,2845000000,None,3688000000,3851000000,2845000000
V,2018-06-30,USD,4219000000,5240000000,1021000000,1021000000,2885000000,342000000,0,1334000000,None,None,None,155000000,None,82000000,None,152000000,2812000000,483000000,None,2329000000,None,2967000000,3119000000,2329000000
V,2018-03-31,USD,4080000000,5073000000,993000000,993000000,3336000000,330000000,0,744000000,None,None,None,153000000,None,34000000,None,153000000,3217000000,612000000,None,2605000000,None,3336000000,3489000000,2605000000
V,2017-12-31,USD,4023000000,4862000000,839000000,839000000,3327000000,328000000,0,696000000,None,None,None,154000000,None,66000000,None,145000000,3239000000,717000000,None,2522000000,None,3393000000,3538000000,2522000000
V,2017-09-30,USD,4033000000,4855000000,822000000,822000000,3212000000,382000000,285000000,821000000,None,None,None,148000000,None,35000000,None,147000000,3099000000,959000000,None,2140000000,None,3247000000,3394000000,2140000000
V,2017-06-30,USD,3709000000,4565000000,856000000,856000000,3024000000,332000000,0,685000000,None,None,None,140000000,None,30000000,None,132000000,2914000000,855000000,None,2059000000,None,3054000000,3186000000,2059000000
V,2017-03-31,USD,3623000000,4477000000,854000000,854000000,2808000000,489000000,0,815000000,None,None,None,135000000,None,29000000,None,131000000,2702000000,2272000000,None,430000000,None,2837000000,2968000000,430000000
V,2016-12-31,USD,3745000000,4461000000,716000000,716000000,3100000000,266000000,0,645000000,None,None,None,140000000,None,19000000,None,146000000,2979000000,909000000,None,2070000000,None,3119000000,3265000000,2070000000
V,2016-09-30,USD,3410000000,4261000000,851000000,851000000,2625000000,343000000,0,785000000,None,None,None,135000000,None,20000000,None,141000000,2510000000,579000000,None,1931000000,None,2645000000,2786000000,1931000000
V,2016-06-30,USD,2998000000,3630000000,632000000,632000000,428000000,384000000,0,2570000000,None,None,None,131000000,None,125000000,None,120000000,422000000,10000000,None,412000000,None,553000000,673000000,412000000
V,2016-03-31,USD,2972000000,3626000000,654000000,654000000,2434000000,230000000,0,538000000,None,None,None,132000000,None,139000000,None,121000000,2441000000,734000000,None,1707000000,None,2573000000,2694000000,1707000000
V,2015-12-31,USD,2938000000,3565000000,627000000,627000000,2396000000,228000000,0,542000000,None,None,None,29000000,None,272000000,None,120000000,2639000000,698000000,None,1941000000,None,2668000000,2788000000,1941000000
V,2015-09-30,USD,2916000000,3571000000,655000000,655000000,2283000000,250000000,0,633000000,None,None,None,3000000,None,None,None,119000000,2283000000,771000000,None,1512000000,None,2294000000,2413000000,1512000000
V,2015-06-30,USD,2835000000,3518000000,683000000,683000000,2262000000,219000000,0,573000000,None,None,None,8000000,None,-94000000,None,130000000,2168000000,471000000,None,1697000000,None,2262000000,2392000000,1697000000
V,2015-03-31,USD,2817000000,3409000000,592000000,592000000,2281000000,218000000,0,536000000,None,None,None,7000000,None,1000000,None,125000000,2282000000,732000000,None,1550000000,None,2289000000,2414000000,1550000000
V,2014-12-31,USD,2759000000,3382000000,623000000,623000000,2238000000,196000000,0,521000000,None,None,None,3000000,None,24000000,None,120000000,2262000000,693000000,None,1569000000,None,2265000000,2385000000,1569000000
V,2014-09-30,USD,2605000000,3229000000,624000000,624000000,1552000000,247000000,0,1053000000,None,None,None,0,None,-2000000,None,112000000,1550000000,477000000,None,1073000000,None,2005000000,2117000000,1073000000
V,2014-06-30,USD,2565000000,3155000000,590000000,590000000,2020000000,208000000,0,545000000,None,None,None,0,None,10000000,None,109000000,2030000000,670000000,None,1360000000,None,2020000000,2129000000,1360000000
V,2014-03-31,USD,2597000000,3163000000,566000000,566000000,2048000000,197000000,0,549000000,None,None,None,0,None,13000000,None,107000000,2061000000,463000000,None,1598000000,None,2048000000,2155000000,1598000000
V,2013-12-31,USD,2553000000,3155000000,602000000,602000000,2077000000,183000000,0,476000000,None,None,None,0,None,6000000,None,107000000,2083000000,676000000,None,1407000000,None,2077000000,2184000000,1407000000
V,2013-09-30,USD,2352000000,2973000000,621000000,621000000,1751000000,259000000,0,601000000,None,None,None,0,None,15000000,None,106000000,1766000000,574000000,None,1192000000,None,1751000000,1857000000,1192000000
V,2013-06-30,USD,2391000000,3001000000,610000000,610000000,1828000000,211000000,0,563000000,None,None,None,0,None,5000000,None,101000000,1833000000,608000000,None,1225000000,None,1827000000,1928000000,1225000000
V,2013-03-31,USD,2353000000,2958000000,605000000,605000000,1860000000,199000000,0,493000000,None,None,None,0,None,-3000000,None,98000000,1857000000,587000000,None,1270000000,None,1861000000,1959000000,1270000000
V,2012-12-31,USD,2282000000,2846000000,564000000,564000000,1800000000,194000000,0,482000000,None,None,None,0,None,1000000,None,92000000,1801000000,508000000,None,1293000000,None,1803000000,1895000000,1293000000
V,2012-09-30,USD,2149000000,2731000000,582000000,582000000,1522000000,265000000,0,627000000,None,None,None,1000000,None,9000000,None,89000000,1588000000,-74000000,None,1662000000,None,1524000000,1613000000,1662000000
V,2012-06-30,USD,2028000000,2565000000,537000000,537000000,-2607000000,211000000,0,4635000000,None,None,None,11000000,None,11000000,None,84000000,-2607000000,-768000000,None,-1839000000,None,1491000000,1575000000,-1839000000
V,2012-03-31,USD,2044000000,2578000000,534000000,534000000,1606000000,188000000,0,438000000,None,None,None,7000000,None,10000000,None,80000000,1609000000,317000000,None,1292000000,None,1606000000,1686000000,1292000000
V,2011-12-31,USD,2060000000,2547000000,487000000,487000000,1618000000,172000000,0,442000000,None,None,None,10000000,None,9000000,None,80000000,1617000000,590000000,None,1027000000,None,1618000000,1698000000,1029000000
V,2011-09-30,USD,1889000000,2383000000,494000000,494000000,1362000000,210000000,0,527000000,None,None,None,13000000,None,5000000,None,77000000,1354000000,476000000,None,878000000,None,1367000000,1444000000,880000000
V,2011-06-30,USD,1868000000,2322000000,454000000,454000000,1345000000,198000000,0,523000000,None,None,None,11000000,None,209000000,None,74000000,1543000000,539000000,None,1004000000,None,1345000000,1419000000,1005000000
V,2011-03-31,USD,1814000000,2245000000,431000000,431000000,1383000000,172000000,0,431000000,None,None,None,12000000,None,6000000,None,70000000,1377000000,497000000,None,880000000,None,1389000000,1459000000,881000000
V,2010-12-31,USD,1801000000,2238000000,437000000,437000000,1366000000,171000000,0,435000000,None,None,None,4000000,None,12000000,None,67000000,1382000000,498000000,None,884000000,None,1382000000,1449000000,884000000
V,2010-09-30,USD,1645000000,2117000000,472000000,472000000,1113000000,225000000,0,532000000,None,None,None,15000000,None,97000000,None,78000000,1195000000,422000000,None,773000000,None,1210000000,1288000000,774000000
V,2010-06-30,USD,1641000000,2029000000,388000000,388000000,1137000000,164000000,0,504000000,None,None,None,13000000,None,-2000000,None,63000000,1122000000,406000000,None,716000000,None,1135000000,1198000000,716000000
V,2010-03-31,USD,1551000000,1959000000,408000000,408000000,1122000000,127000000,0,429000000,None,None,None,28000000,None,19000000,None,62000000,1113000000,401000000,None,712000000,None,1141000000,1203000000,713000000
V,2009-12-31,USD,1581000000,1960000000,379000000,379000000,1217000000,129000000,0,364000000,None,None,None,16000000,None,7000000,None,62000000,1208000000,445000000,None,763000000,None,1217000000,1279000000,763000000
V,2009-09-30,USD,1434000000,1879000000,445000000,445000000,869000000,220000000,0,565000000,None,None,None,25000000,None,None,None,61000000,863000000,349000000,None,0,None,888000000,949000000,514000000
V,2009-06-30,USD,1267000000,1646000000,379000000,379000000,822000000,158000000,0,445000000,None,None,None,30000000,None,505000000,None,57000000,1297000000,568000000,None,729000000,None,1327000000,1384000000,729000000
V,2009-03-31,USD,1263000000,1647000000,384000000,384000000,881000000,130000000,0,382000000,None,None,None,30000000,None,None,None,56000000,887000000,352000000,None,0,None,917000000,973000000,536000000
V,2008-12-31,USD,1347000000,1739000000,392000000,392000000,966000000,119000000,0,381000000,None,None,None,30000000,None,None,None,52000000,953000000,379000000,None,0,None,983000000,1035000000,574000000
V,2008-09-30,USD,1298000000,1709000000,411000000,411000000,-443000000,234000000,0,1741000000,None,None,None,143000000,None,None,None,59000000,-431000000,-75000000,None,0,None,-196000000,-137000000,-356000000
V,2008-06-30,USD,1219000000,1613000000,394000000,394000000,648000000,193000000,0,571000000,None,None,None,30000000,None,None,None,57000000,714000000,292000000,None,0,None,744000000,801000000,422000000
V,2008-03-31,USD,1086000000,1453000000,367000000,367000000,349000000,171000000,0,737000000,None,None,None,41000000,None,None,None,59000000,370000000,56000000,None,0,None,411000000,470000000,314000000
V,2007-12-31,USD,1122000000,1488000000,366000000,366000000,678000000,172000000,0,444000000,None,None,None,45000000,None,None,None,62000000,683000000,259000000,None,0,None,728000000,790000000,424000000
V,2007-09-30,USD,991045000,991045000,662715000,662715000,-2363460000,679840000,0,3354505000,None,None,None,20000000,None,None,None,41000000,-2351410000,-666848000,None,0,None,-2442760000,-2401760000,-1684575000
V,2007-06-30,USD,941000000,941000000,579000000,579000000,334000000,50000000,0,607000000,None,None,None,20000000,None,None,None,104389000,353000000,126000000,None,0,None,115576000,219965000,223000000
V,2007-03-31,USD,813000000,813000000,501000000,501000000,271000000,46000000,0,542000000,None,None,None,20000000,None,None,None,111000000,288000000,106000000,None,0,None,271000000,382000000,180000000
V,2006-12-31,USD,845000000,845000000,505000000,505000000,309000000,54000000,0,536000000,None,None,None,20000000,None,None,None,129000000,323000000,119000000,None,0,None,309000000,438000000,205000000
V,2006-09-30,USD,744707000,744707000,2019017000,2019017000,177587000,17399000,0,567120000,None,None,None,89539000,None,None,None,304472000,173536000,54007000,None,0,None,177587000,482059000,114399000
V,2006-06-30,USD,735990000,735990000,None,None,203326000,28931000,None,532664000,None,None,None,None,None,None,None,87922000,204329000,71958000,None,None,None,203326000,291248000,127344000
MA,2025-09-30,USD,6709000000,8602000000,1893000000,1893000000,5061000000,1403000000,None,1648000000,None,-186000000,64000000,186000000,None,None,None,290000000,4999000000,1072000000,None,3927000000,None,5061000000,5351000000,3927000000
MA,2025-06-30,USD,6281000000,8133000000,1852000000,1852000000,4777000000,873000000,None,1504000000,None,-195000000,121000000,195000000,None,None,None,281000000,4672000000,971000000,None,3701000000,None,4867000000,5148000000,3701000000
MA,2025-03-31,USD,5562000000,7250000000,1688000000,1688000000,4149000000,834000000,None,1413000000,None,-182000000,123000000,182000000,None,None,None,275000000,4031000000,751000000,None,3280000000,None,4213000000,4488000000,3280000000
MA,2024-12-31,USD,5836000000,7489000000,1653000000,1653000000,3938000000,1076000000,None,1898000000,None,-184000000,48000000,184000000,None,None,None,231000000,3891000000,549000000,None,3342000000,None,4075000000,4306000000,3342000000
MA,2024-09-30,USD,5470000000,7369000000,1899000000,1899000000,4004000000,829000000,None,1466000000,None,-159000000,145000000,159000000,None,None,None,225000000,3866000000,603000000,None,3263000000,None,4025000000,4250000000,3263000000
MA,2024-06-30,USD,5354000000,6961000000,1607000000,1607000000,4036000000,806000000,None,1318000000,None,-153000000,None,153000000,None,None,None,225000000,3939000000,681000000,None,3258000000,None,4092000000,4317000000,3258000000
MA,2024-03-31,USD,4834000000,6348000000,1514000000,1514000000,3604000000,744000000,None,1230000000,None,-150000000,None,150000000,None,None,None,216000000,3558000000,547000000,None,3011000000,None,3708000000,3924000000,3011000000
MA,2023-12-31,USD,5020000000,6548000000,1528000000,1528000000,3372000000,853000000,None,1648000000,None,-148000000,None,148000000,None,None,None,205000000,3321000000,530000000,None,2791000000,None,3469000000,3674000000,2791000000
MA,2023-09-30,USD,4960000000,6533000000,1573000000,1573000000,3844000000,687000000,None,1116000000,None,-151000000,86000000,151000000,None,None,None,211000000,3761000000,563000000,None,3198000000,None,3912000000,4123000000,3198000000
MA,2023-06-30,USD,4774000000,6269000000,1495000000,1495000000,3656000000,681000000,None,1118000000,None,-144000000,38000000,144000000,None,192000000,None,192000000,3704000000,859000000,None,2845000000,None,3848000000,4040000000,2845000000
MA,2023-03-31,USD,4322000000,5748000000,1426000000,1426000000,3136000000,601000000,None,1186000000,None,-132000000,289000000,132000000,None,-151000000,None,191000000,2853000000,492000000,None,2361000000,None,2985000000,3176000000,2361000000
MA,2022-12-31,USD,4436000000,5817000000,1381000000,1381000000,3184000000,844000000,None,1252000000,None,-127000000,106000000,127000000,None,32000000,None,184000000,3089000000,564000000,None,2525000000,None,3216000000,3400000000,2525000000
MA,2022-09-30,USD,4374000000,5756000000,1382000000,1382000000,3112000000,649000000,None,1262000000,None,-120000000,44000000,120000000,None,80000000,None,185000000,3072000000,573000000,None,2499000000,None,3192000000,3377000000,2499000000
MA,2022-06-30,USD,4178000000,5497000000,1319000000,1319000000,3018000000,593000000,None,1160000000,None,-114000000,224000000,114000000,None,-106000000,None,189000000,2798000000,523000000,None,2275000000,None,2912000000,3101000000,2275000000
MA,2022-03-31,USD,3986000000,5167000000,1181000000,1181000000,2950000000,627000000,None,1036000000,None,-110000000,181000000,110000000,None,-67000000,None,192000000,2773000000,142000000,None,2631000000,None,2883000000,3075000000,2631000000
MA,2021-12-31,USD,4127000000,5216000000,1089000000,1089000000,2827000000,757000000,None,1300000000,None,-108000000,5000000,108000000,None,104000000,None,189000000,2823000000,444000000,None,2379000000,None,2931000000,3120000000,2379000000
MA,2021-09-30,USD,3819000000,4985000000,1166000000,1166000000,2717000000,646000000,None,1102000000,None,-110000000,92000000,110000000,None,209000000,None,188000000,2816000000,402000000,None,2414000000,None,2926000000,3114000000,2414000000
MA,2021-06-30,USD,3398000000,4528000000,1130000000,1130000000,2341000000,580000000,None,1057000000,None,-106000000,140000000,106000000,None,243000000,None,186000000,2478000000,412000000,None,2066000000,None,2584000000,2770000000,2066000000
MA,2021-03-31,USD,3051000000,4155000000,1104000000,1104000000,2197000000,564000000,None,854000000,None,-107000000,12000000,107000000,None,100000000,None,163000000,2190000000,362000000,None,1828000000,None,2297000000,2460000000,1828000000
MA,2020-12-31,USD,3150000000,4120000000,970000000,970000000,2058000000,636000000,None,1092000000,None,-105000000,112000000,105000000,None,215000000,None,150000000,2168000000,383000000,None,1785000000,None,2273000000,2423000000,1785000000
MA,2020-09-30,USD,2897000000,3837000000,940000000,940000000,2105000000,460000000,None,792000000,None,-105000000,193000000,105000000,None,-85000000,None,141000000,1915000000,402000000,None,1513000000,None,2020000000,2161000000,1513000000
MA,2020-06-30,USD,2420000000,3335000000,915000000,915000000,1707000000,434000000,None,713000000,None,-101000000,18000000,101000000,None,84000000,None,145000000,1690000000,270000000,None,1420000000,None,1791000000,1936000000,1420000000
MA,2020-03-31,USD,3047000000,4009000000,962000000,962000000,2211000000,584000000,None,836000000,None,-69000000,227000000,69000000,None,-155000000,None,144000000,1987000000,294000000,None,1693000000,None,2056000000,2200000000,1693000000
MA,2019-12-31,USD,3478000000,4414000000,936000000,936000000,2399000000,623000000,None,1079000000,None,-64000000,75000000,64000000,None,140000000,None,146000000,2475000000,375000000,None,2100000000,None,2539000000,2685000000,2100000000
MA,2019-09-30,USD,3530000000,4467000000,937000000,937000000,2655000000,513000000,None,875000000,None,-63000000,137000000,63000000,None,-58000000,None,137000000,2534000000,426000000,None,2108000000,None,2597000000,2734000000,2108000000
MA,2019-06-30,USD,3260000000,4113000000,853000000,853000000,2397000000,503000000,None,863000000,None,-51000000,116000000,51000000,None,173000000,None,122000000,2519000000,471000000,None,2048000000,None,2570000000,2692000000,2048000000
MA,2019-03-31,USD,3078000000,3889000000,811000000,811000000,2213000000,555000000,None,865000000,None,-46000000,14000000,46000000,None,36000000,None,117000000,2203000000,341000000,None,1862000000,None,2249000000,2366000000,1862000000
MA,2018-12-31,USD,2964000000,3807000000,843000000,843000000,1234000000,654000000,0,1730000000,None,None,None,47000000,None,28000000,None,113000000,1215000000,316000000,None,899000000,None,1262000000,1375000000,899000000
MA,2018-09-30,USD,3076000000,3898000000,822000000,822000000,2287000000,444000000,0,789000000,None,None,None,48000000,None,25000000,None,111000000,2264000000,365000000,None,1899000000,None,2312000000,2423000000,1899000000
MA,2018-06-30,USD,2868000000,3665000000,797000000,797000000,1936000000,446000000,0,932000000,None,None,None,48000000,None,34000000,None,115000000,1922000000,353000000,None,1569000000,None,1970000000,2085000000,1569000000
MA,2018-03-31,USD,2828000000,3580000000,752000000,752000000,1825000000,541000000,0,1003000000,None,None,None,43000000,None,21000000,None,120000000,1803000000,311000000,None,1492000000,None,1846000000,1966000000,1492000000
MA,2017-12-31,USD,2586000000,3312000000,726000000,726000000,1522000000,625000000,0,1064000000,None,None,None,41000000,None,3000000,None,116000000,1484000000,1257000000,None,227000000,None,1525000000,1641000000,227000000
MA,2017-09-30,USD,2675000000,3398000000,723000000,723000000,1941000000,390000000,0,734000000,None,None,None,35000000,None,26000000,None,118000000,1932000000,502000000,None,1430000000,None,1967000000,2085000000,1430000000
MA,2017-06-30,USD,2409000000,3053000000,644000000,644000000,1653000000,398000000,0,756000000,None,None,None,39000000,None,14000000,None,111000000,1628000000,451000000,None,1177000000,None,1667000000,1778000000,1177000000
MA,2017-03-31,USD,2140000000,2734000000,594000000,594000000,1506000000,320000000,0,634000000,None,None,None,39000000,None,11000000,None,92000000,1478000000,397000000,None,1081000000,None,1517000000,1609000000,1081000000
MA,2016-12-31,USD,2177000000,2756000000,579000000,579000000,1363000000,413000000,0,814000000,None,None,None,30000000,None,-22000000,None,92000000,1311000000,378000000,None,933000000,None,1341000000,1433000000,933000000
MA,2016-09-30,USD,2305000000,2880000000,575000000,575000000,1670000000,346000000,0,635000000,None,None,None,23000000,None,-14000000,None,93000000,1633000000,449000000,None,1184000000,None,1656000000,1749000000,1184000000
MA,2016-06-30,USD,2143000000,2694000000,551000000,551000000,1380000000,388000000,0,763000000,None,None,None,22000000,None,7000000,None,93000000,1365000000,382000000,None,983000000,None,1387000000,1480000000,983000000
MA,2016-03-31,USD,1926000000,2446000000,520000000,520000000,1348000000,308000000,0,578000000,None,None,None,20000000,None,9000000,None,95000000,1337000000,378000000,None,959000000,None,1357000000,1452000000,959000000
MA,2015-12-31,USD,1952000000,2517000000,565000000,565000000,1107000000,435000000,0,845000000,None,None,None,12000000,None,-70000000,None,93000000,1025000000,135000000,None,890000000,None,1037000000,1130000000,890000000
MA,2015-09-30,USD,1946000000,2530000000,584000000,584000000,1369000000,311000000,0,577000000,None,None,None,15000000,None,-2000000,None,94000000,1352000000,375000000,None,977000000,None,1367000000,1461000000,977000000
MA,2015-06-30,USD,1902000000,2390000000,488000000,488000000,1251000000,302000000,0,651000000,None,None,None,17000000,None,7000000,None,92000000,1241000000,320000000,None,921000000,None,1258000000,1350000000,921000000
MA,2015-03-31,USD,1762000000,2230000000,468000000,468000000,1351000000,270000000,0,411000000,None,None,None,17000000,None,6000000,None,87000000,1340000000,320000000,None,1020000000,None,1357000000,1444000000,1020000000
MA,2014-12-31,USD,1798000000,2416000000,618000000,618000000,1018000000,369000000,0,780000000,None,None,None,16000000,None,5000000,None,84000000,1007000000,206000000,None,801000000,None,1023000000,1107000000,801000000
MA,2014-09-30,USD,1979000000,2490000000,511000000,511000000,1420000000,291000000,0,559000000,None,None,None,11000000,None,9000000,None,83000000,1418000000,403000000,None,1015000000,None,1429000000,1512000000,1015000000
MA,2014-06-30,USD,1883000000,2368000000,485000000,485000000,1383000000,229000000,0,500000000,None,None,None,15000000,None,5000000,None,81000000,1373000000,442000000,None,931000000,None,1388000000,1469000000,931000000
MA,2014-03-31,USD,1722000000,2172000000,450000000,450000000,1285000000,234000000,0,437000000,None,None,None,6000000,None,2000000,None,73000000,1281000000,411000000,None,870000000,None,1287000000,1360000000,870000000
MA,2013-12-31,USD,1674000000,2126000000,452000000,452000000,920000000,266000000,0,754000000,None,None,None,7000000,None,9000000,None,71000000,911000000,288000000,None,-1569000000,None,918000000,989000000,623000000
MA,2013-09-30,USD,1766000000,2218000000,452000000,452000000,1248000000,235000000,0,518000000,None,None,None,3000000,None,3000000,None,64000000,1254000000,375000000,None,1629000000,None,1262000000,1326000000,879000000
MA,2013-06-30,USD,2096000000,2096000000,807000000,807000000,1228000000,621000000,0,868000000,None,None,None,5000000,None,-1000000,None,61000000,1233000000,385000000,None,1618000000,None,1238000000,1299000000,848000000
MA,2013-03-31,USD,1906000000,1906000000,737000000,737000000,1107000000,608000000,0,799000000,None,None,None,5000000,None,None,None,62000000,1102000000,336000000,None,1438000000,None,1107000000,1169000000,766000000
MA,2012-12-31,USD,330000000,1895000000,1565000000,1565000000,899000000,953000000,0,-569000000,None,None,None,7000000,None,2000000,None,62000000,894000000,289000000,None,605000000,None,901000000,963000000,605000000
MA,2012-09-30,USD,1516000000,1918000000,402000000,402000000,1064000000,203000000,0,452000000,None,None,None,4000000,None,6000000,None,58000000,1066000000,294000000,None,772000000,None,1070000000,1128000000,772000000
MA,2012-06-30,USD,1820000000,1820000000,770000000,770000000,974000000,591000000,0,846000000,None,None,None,3000000,None,2000000,None,56000000,973000000,273000000,None,700000000,None,976000000,1032000000,700000000
MA,2012-03-31,USD,1758000000,1758000000,704000000,704000000,1000000000,579000000,0,758000000,None,None,None,6000000,None,5000000,None,54000000,1000000000,318000000,None,681000000,None,1006000000,1060000000,682000000
MA,2011-12-31,USD,1728000000,1728000000,916000000,916000000,-10000000,597000000,0,1738000000,None,None,None,7000000,None,5000000,None,52000000,-12000000,-30000000,None,18000000,None,-5000000,47000000,19000000
MA,2011-09-30,USD,1818000000,1818000000,764000000,764000000,1002000000,565000000,0,816000000,None,None,None,6000000,None,34000000,None,51000000,1030000000,314000000,None,716000000,None,1036000000,1087000000,717000000
MA,2011-06-30,USD,1667000000,1667000000,732000000,732000000,885000000,540000000,0,782000000,None,None,None,2000000,None,9000000,None,49000000,892000000,284000000,None,608000000,None,894000000,943000000,608000000
MA,2011-03-31,USD,1501000000,1501000000,623000000,623000000,836000000,494000000,0,665000000,None,None,None,10000000,None,10000000,None,42000000,836000000,274000000,None,562000000,None,846000000,888000000,562000000
MA,2010-12-31,USD,1438000000,1438000000,816000000,816000000,569000000,518000000,0,865000000,None,None,None,9000000,None,22000000,None,42000000,582000000,167000000,None,415000000,None,621000000,663000000,415000000
MA,2010-09-30,USD,1428000000,1428000000,625000000,625000000,766000000,444000000,0,662000000,None,None,None,11000000,None,12000000,None,36000000,767000000,248000000,None,519000000,None,778000000,814000000,518000000
MA,2010-06-30,USD,1365000000,1365000000,613000000,613000000,717000000,433000000,0,648000000,None,None,None,17000000,None,13000000,None,35000000,713000000,255000000,None,458000000,None,730000000,765000000,458000000
MA,2010-03-31,USD,1308000000,1308000000,573000000,573000000,700000000,458000000,0,608000000,None,None,None,15000000,None,10000000,None,35000000,695000000,240000000,None,455000000,None,710000000,745000000,455000000
MA,2009-12-31,USD,1298418000,1298418000,778618000,778618000,468126000,506660000,0,830292000,None,None,None,23442000,None,None,None,38427000,458333000,163938000,None,0,None,481775000,520202000,294001000
MA,2009-09-30,USD,1364275000,1364000000,648285000,648285000,673000000,475000000,0,691000000,None,None,None,24000000,None,23989000,None,36000000,673000000,221000000,None,452140000,None,697000000,733000000,452000000
MA,2009-06-30,USD,1279889000,1280000000,686482000,686482000,557000000,507000000,0,723000000,None,None,None,32000000,None,11031000,None,36000000,536000000,187000000,None,348879000,None,568000000,604000000,349000000
MA,2009-03-31,USD,1156000000,1156000000,563822000,563822000,561000000,448000000,0,595000000,None,None,None,36000000,None,None,None,31000000,550000000,183000000,None,0,None,586000000,617000000,367000000
MA,2008-12-31,USD,1224834000,1224834000,726428000,726428000,462356000,478590000,0,762478000,None,None,None,103600000,None,None,None,30050000,445060000,205618000,None,0,None,717248000,747298000,239442000
MA,2008-09-30,USD,1338178000,1338178000,761200000,761200000,-279264000,493740000,0,1617442000,None,None,None,36319000000,None,None,None,28742000,-293672000,-100090000,None,0,None,-279264000,-250522000,-193582000
MA,2008-06-30,USD,1246504000,1246504000,802413000,802413000,-1233204000,499349000,0,2479708000,None,None,None,15438000000,None,None,None,27950000,-1223182000,-476529000,None,0,None,-1233204000,-1205254000,-746653000
MA,2008-03-31,USD,1182084000,1182084000,641213000,641213000,515607000,461625000,0,666477000,None,None,None,15318000,None,None,None,25264000,688581000,241703000,None,0,None,703899000,729163000,446878000
MA,2007-12-31,USD,1072687000,1072687000,874479000,874479000,172056000,495550000,0,900631000,None,None,None,57277000,None,None,None,26152000,467036000,162803000,None,0,None,172056000,198208000,304233000
MA,2007-09-30,USD,1082850000,1082850000,707273000,707273000,353303000,432848000,0,729547000,None,None,None,16439000000,None,None,None,22274000,482307000,167846000,None,0,None,353303000,375577000,314461000
MA,2007-06-30,USD,996959000,996959000,699716000,699716000,268816000,431463000,0,728143000,None,None,None,11170000000,None,None,None,25028000,386299000,134013000,None,0,None,268816000,293844000,252286000
MA,2007-03-31,USD,915103000,915103000,576977000,576977000,313938000,398526000,0,601165000,None,None,None,14356000000,None,None,None,24188000,335790000,120884000,None,0,None,313938000,338126000,214906000
MA,2006-12-31,USD,839163000,839163000,752238000,752238000,45988000,376054000,0,793175000,None,None,None,61151000,None,None,None,24730000,69738000,28836000,None,0,None,45988000,70718000,40902000
MA,2006-09-30,USD,901969000,901969000,602070000,602070000,274760000,392883000,0,627209000,None,None,None,16757000,None,None,None,25139000,292109000,99105000,None,0,None,274760000,299899000,193004000
MA,2006-06-30,USD,846489000,846489000,672227000,672227000,-273966000,388411000,0,1120455000,None,None,None,16068000,None,None,None,24693000,-260592000,49868000,None,0,None,-273966000,-249273000,-310460000
MA,2006-03-31,USD,738453000,738453000,530520000,530520000,182713000,347837000,0,555740000,None,None,None,10640000,None,None,None,25220000,192917000,66173000,None,0,None,182713000,207933000,126744000
MA,2005-12-31,USD,734407000,734407000,741973000,741973000,-1810037000,1351082000,0,2544444000,None,None,None,70158000,None,None,None,-83400000,407338000,346471000,None,0,None,-1726637000,-1810037000,66680000
MA,2005-09-30,USD,734407000,734407000,569254000,569254000,734407000,350064000,0,734407000,None,None,None,17573000,None,None,None,26270000,163957000,57872000,None,0,None,147893000,734407000,66680000
NFLX,2025-09-30,USD,5346057000,11510307000,6164250000,6164250000,3248247000,457931000,853584000,2097810000,None,-138837000,36457000,175294000,None,None,None,4090070000,3109410000,562494000,None,2546916000,None,3284704000,7374774000,2546916000
NFLX,2025-06-30,USD,5753855000,11079166000,5325311000,5325311000,3774694000,441213000,824683000,1979161000,None,-143019000,143019000,182649000,None,None,None,3912087000,3631675000,506262000,None,3125413000,None,3814324000,7726411000,3125413000
NFLX,2025-03-31,USD,5279654000,10542801000,5263147000,5263147000,3346999000,421462000,822823000,1932655000,None,-133273000,50899000,184172000,None,None,None,3903179000,3213726000,323375000,None,2890351000,None,3397898000,7301077000,2890351000
NFLX,2024-12-31,USD,4479149000,10246513000,5767364000,5767364000,2272766000,453674000,776505000,2206383000,None,-138498000,54105000,192603000,None,None,None,4241040000,2134268000,265661000,None,1868607000,None,1941665000,6182705000,1868607000
NFLX,2024-09-30,USD,4704819000,9824703000,5119884000,5119884000,2909477000,417353000,735063000,1795342000,None,-206523000,None,206523000,None,None,None,3780435000,2702954000,339445000,None,2363509000,None,2909477000,6689912000,2363509000
NFLX,2024-06-30,USD,4385167000,9559310000,5174143000,5174143000,2602837000,426992000,711254000,1782330000,None,-88981000,79005000,167986000,None,None,None,3850917000,2513856000,366550000,None,2147306000,None,2681842000,6532759000,2147306000
NFLX,2024-03-31,USD,4404414000,9381681000,4977267000,4977267000,2632534000,404020000,702473000,1760833000,None,-17955000,155359000,173314000,None,None,None,3758039000,2614579000,282370000,None,2332209000,None,2787893000,6545932000,2332209000
NFLX,2023-12-31,USD,3525340000,8832825000,5307485000,5307485000,1496109000,439273000,673341000,2029231000,None,-347959000,None,223984000,None,None,None,3840646000,1148150000,210312000,None,937838000,None,1496109000,5336755000,937838000
NFLX,2023-09-30,USD,3610880000,8541668000,4930788000,4930788000,1916394000,478591000,657159000,1694486000,None,-7345000,7345000,175563000,None,None,None,3664013000,1909049000,231627000,None,1677422000,None,1916394000,5580407000,1677422000
NFLX,2023-06-30,USD,3513831000,8187301000,4673470000,4673470000,1827183000,401497000,657983000,1686648000,None,-147851000,26961000,174812000,None,26961000,None,3526367000,1679332000,191722000,None,1487610000,None,1827183000,5353550000,1487610000
NFLX,2023-03-31,USD,3357878000,8161503000,4803625000,4803625000,1714317000,400924000,687275000,1643561000,None,-245443000,71204000,174239000,None,-71204000,None,3550319000,1468874000,163754000,None,1305120000,None,1714317000,5264636000,1305120000
NFLX,2022-12-31,USD,2447893000,7852053000,5404160000,5404160000,549904000,392453000,673926000,1897989000,None,-170603000,339965000,510568000,None,-339965000,None,4038214000,39336000,-15948000,None,55284000,None,549904000,4588118000,55284000
NFLX,2022-09-30,USD,3136924000,7925589000,4788665000,4788665000,1533018000,373213000,662739000,1603906000,None,88829000,261404000,172575000,None,261404000,None,4000184000,1621847000,223605000,None,1398242000,None,1533018000,5533202000,1398242000
NFLX,2022-06-30,USD,3279386000,7970141000,4690755000,4690755000,1578283000,409297000,716846000,1701103000,None,44771000,220226000,175455000,None,220226000,None,3565079000,1623054000,182103000,None,1440951000,None,1578283000,5143362000,1440951000
NFLX,2022-03-31,USD,3583062000,7867767000,4284705000,4284705000,1971626000,397928000,657530000,1611436000,None,8066000,195645000,187579000,None,195645000,None,3436612000,1979692000,382245000,None,1597447000,None,1971626000,5408238000,1597447000
NFLX,2021-12-31,USD,2469743000,7709318000,5239575000,5239575000,631770000,397790000,647470000,1837973000,None,-80917000,108512000,189429000,None,108512000,None,3805301000,550853000,-56576000,None,607429000,None,631770000,4437071000,607429000
NFLX,2021-09-30,USD,3276878000,7483467000,4206589000,4206589000,1755253000,321790000,563887000,1521625000,None,-94294000,96135000,190429000,None,96135000,None,3033304000,1660959000,211888000,None,1449071000,None,1755253000,4788557000,1449071000
NFLX,2021-06-30,USD,3323769000,7341777000,4018008000,4018008000,1847630000,334845000,537321000,1476139000,None,-253841000,None,253841000,None,-62519000,None,2845237000,1593789000,240776000,None,1353013000,None,1847630000,4692867000,1353013000
NFLX,2021-03-31,USD,3294771000,7163282000,3868511000,3868511000,1959856000,297196000,525207000,1334915000,None,74646000,269086000,194440000,None,269086000,None,2754937000,2034502000,327787000,None,1706715000,None,1959856000,4714793000,1706715000
NFLX,2020-12-31,USD,2479282000,6644442000,4165160000,4165160000,954242000,275539000,486936000,1525040000,None,-447825000,None,447825000,None,-250639000,None,3014568000,506417000,-35739000,None,542156000,None,954242000,3968810000,542156000
NFLX,2020-09-30,USD,2567886000,6435637000,3867751000,3867751000,1314863000,271624000,453802000,1253023000,None,-453403000,None,453403000,None,-256324000,None,2762332000,861460000,71484000,None,789976000,None,1314863000,4077195000,789976000
NFLX,2020-06-30,USD,2504579000,6148286000,3643707000,3643707000,1357928000,277236000,435045000,1146651000,None,-322326000,133175000,322326000,None,-133175000,None,2633820000,1035602000,315406000,None,720196000,None,1357928000,3991748000,720196000
NFLX,2020-03-31,USD,2167990000,5767691000,3599701000,3599701000,958256000,252087000,453817000,1209734000,None,-162386000,21697000,184083000,None,21697000,None,2511902000,795870000,86803000,None,709067000,None,958256000,3470158000,709067000
NFLX,2019-12-31,USD,2001411000,5467434000,3466023000,3466023000,458512000,254586000,409376000,1542899000,None,-309179000,131378000,309179000,None,-131378000,None,2607487000,149333000,-437637000,None,586970000,None,458512000,3065999000,586970000
NFLX,2019-09-30,USD,2146986000,5244905000,3097919000,3097919000,980239000,233174000,379776000,1166747000,None,32084000,192744000,160660000,None,192744000,None,2313335000,1012323000,347079000,None,665244000,None,980239000,3293574000,665244000
NFLX,2019-06-30,USD,1917459000,4923116000,3005657000,3005657000,706419000,224657000,383233000,1211040000,None,-205503000,53470000,205503000,None,-53470000,None,2265067000,500916000,230266000,None,270650000,None,706419000,2971486000,270650000
NFLX,2019-03-31,USD,1650378000,4520992000,2870614000,2870614000,459084000,201952000,372764000,1191294000,None,-59425000,76104000,135529000,None,76104000,None,2156756000,399659000,55607000,None,344052000,None,459084000,2615840000,344052000
NFLX,2018-12-31,USD,1453441000,4186841000,2733400000,2733400000,215767000,175530000,331789000,1237674000,None,None,None,128807000,None,32436000,None,2085844000,119396000,-14538000,None,133934000,None,215767000,2301611000,133934000
NFLX,2018-09-30,USD,1587028000,3999374000,2412346000,2412346000,480668000,344065000,327026000,1106360000,None,None,None,108862000,None,7004000,None,1942887000,378810000,-24025000,None,402835000,None,480668000,2423555000,402835000
NFLX,2018-06-30,USD,1617403000,3907270000,2289867000,2289867000,462213000,311197000,317213000,1155190000,None,None,None,101605000,None,68028000,None,1848707000,428636000,44287000,None,384349000,None,462213000,2310920000,384349000
NFLX,2018-03-31,USD,1504781000,3700856000,2196075000,2196075000,446578000,278251000,300730000,1058203000,None,None,None,146962000,None,-65743000,None,1779019000,299616000,9492000,None,290124000,None,446578000,2225597000,290124000
NFLX,2017-12-31,USD,1178401000,3285755000,2107354000,2107354000,245303000,239808000,273351000,933098000,None,None,None,113973000,None,-38681000,None,1745225000,131330000,-54187000,None,185517000,None,245303000,1990528000,185517000
NFLX,2017-09-30,USD,991879000,2984859000,1992980000,1992980000,208627000,215526000,255236000,783252000,None,None,None,92390000,None,-31702000,None,1659974000,116237000,-13353000,None,129590000,None,208627000,1868601000,129590000
NFLX,2017-06-30,USD,883156000,2785464000,1902308000,1902308000,127807000,213943000,267083000,755349000,None,None,None,113845000,None,-58363000,None,1585856000,13962000,-51638000,None,65600000,None,127807000,1713663000,65600000
NFLX,2017-03-31,USD,979611000,2636635000,1657024000,1657024000,256942000,194291000,257108000,722669000,None,None,None,46742000,None,13592000,None,1339330000,223792000,45570000,None,178222000,None,256942000,1596272000,178222000
NFLX,2016-12-31,USD,823122000,2477541000,1654419000,1654419000,153934000,159001000,225191000,669188000,None,None,None,63665000,None,-20079000,None,1363903000,90269000,23521000,None,66748000,None,153934000,1517837000,66748000
NFLX,2016-09-30,USD,757344000,2290188000,1532844000,1532844000,106036000,153166000,216099000,651308000,None,None,None,35536000,None,8627000,None,1257802000,79127000,27610000,None,51517000,None,106036000,1363838000,51517000
NFLX,2016-06-30,USD,632106000,2105204000,1473098000,1473098000,70370000,138407000,207300000,561736000,None,None,None,35455000,None,16317000,None,1209513000,51232000,10477000,None,40755000,None,70370000,1279883000,40755000
NFLX,2016-03-31,USD,588196000,1957736000,1369540000,1369540000,49453000,127225000,203508000,538743000,None,None,None,35537000,None,25963000,None,1093760000,39879000,12221000,None,27658000,None,49453000,1143213000,27658000
NFLX,2015-12-31,USD,573968000,1823333000,1249365000,1249365000,59894000,109042000,180859000,514074000,None,None,None,39163000,None,-3734000,None,996142000,20731000,-22447000,None,43178000,None,59894000,1056036000,43178000
NFLX,2015-09-30,USD,564397000,1738355000,1173958000,1173958000,73641000,110892000,171762000,490756000,None,None,None,35333000,None,3930000,None,906039000,42238000,12806000,None,29432000,None,73641000,979680000,29432000
NFLX,2015-06-30,USD,522942000,1644694000,1121752000,1121752000,74835000,95906000,155061000,448107000,None,None,None,35217000,None,872000,None,858994000,40490000,14155000,None,26335000,None,74835000,933829000,26335000
NFLX,2015-03-31,USD,526728000,1573129000,1046401000,1046401000,97456000,91489000,143106000,429272000,None,None,None,59030000,None,-32293000,None,785870000,38426000,14730000,None,23696000,None,97456000,883326000,23696000
NFLX,2014-12-31,USD,470396000,1484728000,1014332000,1014332000,65046000,75803000,125876000,405350000,None,None,None,19530000,None,-6177000,None,764843000,45516000,-37855000,None,83371000,None,65046000,829889000,83371000
NFLX,2014-09-30,USD,455038000,1409432000,954394000,954394000,110407000,78024000,120953000,344631000,None,None,None,13486000,None,616000,None,718780000,97537000,38242000,None,59295000,None,110407000,829187000,59295000
NFLX,2014-06-30,USD,425559000,1340407000,914848000,914848000,129600000,60014000,115182000,295959000,None,None,None,13328000,None,1100000,None,668937000,117372000,46354000,None,71018000,None,129600000,798537000,71018000
NFLX,2014-03-31,USD,400903000,1270089000,869186000,869186000,97595000,55900000,110310000,303308000,None,None,None,10052000,None,1401000,None,629238000,88944000,35829000,None,53115000,None,97595000,726833000,53115000
NFLX,2013-12-31,USD,363381000,1175230000,811849000,811849000,82288000,46120000,98128000,281093000,None,None,None,8284000,None,-846000,None,603275000,74004000,25583000,None,48421000,None,82288000,685563000,48421000
NFLX,2013-09-30,USD,314980000,1105999000,791019000,791019000,57120000,46211000,95540000,257860000,None,None,None,7629000,None,-193000,None,582392000,49491000,17669000,None,31822000,None,57120000,639512000,31822000
NFLX,2013-06-30,USD,315847000,1069372000,753525000,753525000,57117000,43844000,93126000,258730000,None,None,None,10468000,None,-2940000,None,539985000,46649000,17178000,None,29471000,None,57117000,597102000,29471000
NFLX,2013-03-31,USD,297098000,1023961000,726863000,726863000,31822000,44126000,91975000,265276000,None,None,None,6740000,None,-24152000,None,516028000,930000,-1759000,None,2689000,None,31822000,547850000,2689000
NFLX,2012-12-31,USD,249372000,945239000,695867000,695867000,19638000,30223000,82139000,229734000,None,None,None,5016000,None,282000,None,492415000,14904000,7007000,None,7897000,None,19638000,512053000,7897000
NFLX,2012-09-30,USD,242451000,905089000,662638000,662638000,16135000,30562000,82521000,226316000,None,None,None,4990000,None,801000,None,435207000,11946000,4271000,None,7675000,None,16135000,451342000,7675000
NFLX,2012-06-30,USD,245735000,889163000,643428000,643428000,16154000,29810000,81547000,229581000,None,None,None,5006000,None,-493000,None,403348000,10655000,4491000,None,6164000,None,16154000,419502000,6164000
NFLX,2012-03-31,USD,245858000,869791000,623933000,623933000,-1935000,29092000,82801000,247793000,None,None,None,4974000,None,-116000,None,371113000,-7025000,-2441000,None,-4584000,None,-1935000,369178000,-4584000
NFLX,2011-12-31,USD,300420000,875575000,575155000,575155000,70872000,34477000,80783000,229548000,None,None,None,4942000,None,-95000,None,315859000,65835000,25103000,None,35219000,None,70872000,386731000,40732000
NFLX,2011-09-30,USD,285222000,821839000,536617000,536617000,96842000,29792000,69480000,188380000,None,None,None,4915000,None,1696000,None,503752000,93623000,31163000,None,62460000,None,96842000,600594000,62460000
NFLX,2011-06-30,USD,298632000,788610000,489978000,489978000,115114000,30670000,57865000,183518000,None,None,None,5303000,None,1013000,None,-102745000,110824000,42610000,None,68214000,None,115114000,12369000,68214000
NFLX,2011-03-31,USD,280402000,718553000,438151000,438151000,102240000,22998000,50905000,178162000,None,None,None,4865000,None,865000,None,122753000,98240000,38007000,None,60233000,None,102240000,224993000,60233000
NFLX,2010-12-31,USD,205132000,595922000,390790000,390790000,78453000,19108000,45959000,132773000,None,None,None,4832000,None,938000,None,-195328000,74559000,27464000,None,47095000,None,78453000,-116875000,47095000
NFLX,2010-09-30,USD,208750000,553219000,344469000,344469000,69501000,17135000,42108000,139249000,None,None,None,4945000,None,853000,None,85824000,65409000,27442000,None,37967000,None,69501000,155325000,37967000
NFLX,2010-06-30,USD,204885000,519819000,314934000,314934000,77342000,17119000,37863000,127543000,None,None,None,4893000,None,921000,None,74452000,73370000,29851000,None,43519000,None,77342000,151794000,43519000
NFLX,2010-03-31,USD,186503000,493665000,307162000,307162000,58345000,17193000,37399000,128158000,None,None,None,4959000,None,972000,None,73151000,54358000,22086000,None,32272000,None,58345000,131496000,32272000
NFLX,2009-12-31,USD,169056000,444542000,275486000,275486000,53349000,13524000,33209000,115707000,None,None,None,4457000,None,None,None,70499000,51336000,20423000,None,0,None,53349000,123848000,30913000
NFLX,2009-09-30,USD,147846000,423120000,275274000,275274000,49337000,11543000,30014000,98509000,None,None,None,674000,None,1808000,None,66308000,50471000,20330000,None,30141000,None,49337000,115645000,30141000
NFLX,2009-06-30,USD,139266000,408509000,269243000,269243000,52782000,13252000,27119000,86484000,None,None,None,674000,None,866000,None,62248000,52974000,20531000,None,32443000,None,52782000,115030000,32443000
NFLX,2009-03-31,USD,134830000,394098000,259268000,259268000,36471000,13014000,24200000,99456000,None,None,None,670000,None,None,None,58479000,37411000,15048000,None,0,None,36471000,94950000,22363000
NFLX,2008-12-31,USD,126749000,359595000,232846000,232846000,37921000,49662000,24052000,88828000,None,None,None,2458000,None,None,None,57345000,38096000,15364000,None,0,None,37921000,95266000,22732000
NFLX,2008-09-30,USD,116773000,341269000,224496000,224496000,34074000,11742000,23368000,82699000,None,None,None,677000,None,None,None,55821000,34933000,14562000,None,0,None,34074000,89895000,20371000
NFLX,2008-06-30,USD,107527000,337614000,230087000,230087000,34201000,13419000,22186000,73326000,None,None,None,681000,None,None,None,65602000,35924000,9345000,None,0,None,34201000,99803000,26579000
NFLX,2008-03-31,USD,103378000,326183000,222805000,222805000,14943000,13816000,20516000,88435000,None,None,None,7660000,None,None,None,64068000,22603000,9225000,None,0,None,14943000,79011000,13378000
NFLX,2007-12-31,USD,102305000,302355000,200050000,200050000,20121000,52532000,18557000,82184000,None,None,None,20340000,None,None,None,60817000,25050000,9274000,None,0,None,20121000,80938000,15776000
NFLX,2007-09-30,USD,99519000,293972000,194453000,194453000,21552000,12895000,18216000,77967000,None,None,None,296000,None,None,None,54037000,26641000,10909000,None,0,None,21552000,75589000,15732000
NFLX,2007-06-30,USD,107000000,303693000,196693000,196693000,38273000,13847000,18907000,68727000,None,None,None,298000,None,None,None,56147000,43245000,17665000,None,0,None,38273000,94420000,25580000
NFLX,2007-03-31,USD,110348000,305320000,194972000,194972000,11215000,12188000,15715000,99133000,None,None,None,299000,None,None,None,53985000,16565000,6701000,None,0,None,11215000,65200000,9864000
NFLX,2006-12-31,USD,107885000,277233000,169348000,169348000,18688000,13812000,13201000,89197000,None,None,None,170000,None,None,None,50115000,23752000,8892000,None,0,None,18688000,68803000,14860000
NFLX,2006-09-30,USD,97157000,255950000,158793000,158793000,17055000,9948000,11929000,80102000,None,None,None,0,None,None,None,40344000,21742000,8961000,None,0,None,17055000,57399000,12781000
NFLX,2006-06-30,USD,88772000,239351000,150579000,150579000,23488000,6773000,12043000,65284000,None,None,None,0,None,None,None,35775000,27590000,10553000,None,0,None,23488000,59263000,17037000
NFLX,2006-03-31,USD,75861000,224126000,148265000,148265000,4782000,8292000,11206000,71079000,None,None,None,38000,None,None,None,30902000,7234000,2830000,None,0,None,4782000,35684000,4404000
NFLX,2005-12-31,USD,19072000,189259000,170187000,170187000,2798000,9585000,4773000,16274000,None,None,None,417000,None,None,None,27476000,4410000,-33801000,None,0,None,2798000,30274000,38211000
NFLX,2005-09-30,USD,75250000,174317000,99067000,99067000,5520000,8020000,8955000,69730000,None,None,None,13000,None,None,None,27040000,6998000,52000,None,0,None,5520000,32560000,6946000
XOM,2025-09-30,USD,18685000000,83331000000,64646000000,64646000000,9178000000,3032000000,None,9507000000,None,-90000000,1177000000,207000000,None,None,None,6475000000,10932000000,3164000000,None,7768000000,None,11139000000,17614000000,7548000000
XOM,2025-06-30,USD,17947000000,79477000000,61530000000,61530000000,8911000000,8785000000,None,9036000000,None,-145000000,1317000000,271000000,None,None,None,6101000000,10705000000,3351000000,None,7354000000,None,10850000000,16951000000,7082000000
XOM,2025-03-31,USD,18485000000,81058000000,62573000000,62573000000,9846000000,2540000000,None,8639000000,None,-205000000,1164000000,205000000,None,None,None,5702000000,11600000000,3567000000,None,8033000000,None,11805000000,17507000000,7713000000
XOM,2024-12-31,USD,17247000000,81058000000,63811000000,63811000000,7773000000,2617000000,None,9474000000,None,-297000000,830000000,297000000,None,None,None,6585000000,9813000000,1858000000,None,7955000000,None,10110000000,16695000000,7610000000
XOM,2024-09-30,USD,20392000000,87792000000,67400000000,67400000000,11042000000,2296000000,None,9350000000,None,-207000000,1274000000,207000000,None,None,None,6258000000,13026000000,4055000000,None,8971000000,None,13233000000,19491000000,8610000000
XOM,2024-06-30,USD,20196000000,89986000000,69790000000,69790000000,10896000000,2568000000,None,9300000000,None,-271000000,None,271000000,None,None,None,5787000000,13665000000,4094000000,None,9571000000,None,13936000000,19723000000,9240000000
XOM,2024-03-31,USD,18907000000,80411000000,61504000000,61504000000,9941000000,2495000000,None,8966000000,None,-221000000,None,221000000,None,None,None,4812000000,12369000000,3803000000,None,8566000000,None,12590000000,17402000000,8220000000
XOM,2023-12-31,USD,17703000000,81688000000,63985000000,63985000000,8458000000,2591000000,879000000,9245000000,None,-272000000,None,272000000,None,None,None,7740000000,10625000000,2613000000,None,8012000000,None,10897000000,18637000000,7630000000
XOM,2023-09-30,USD,22383000000,88570000000,66187000000,66187000000,11844000000,2489000000,None,10539000000,None,-169000000,1288000000,169000000,None,None,None,4415000000,13699000000,4353000000,None,9346000000,None,13868000000,18283000000,9070000000
XOM,2023-06-30,USD,20095000000,80795000000,60700000000,60700000000,9950000000,2449000000,None,10145000000,None,-249000000,1133000000,249000000,None,None,None,4242000000,11656000000,3503000000,None,8153000000,None,11905000000,16147000000,7880000000
XOM,2023-03-31,USD,23961000000,83644000000,59683000000,59683000000,14209000000,2390000000,None,9752000000,None,-159000000,2222000000,159000000,None,None,None,4244000000,16803000000,4960000000,None,11843000000,None,16962000000,21206000000,11430000000
XOM,2022-12-31,USD,26974000000,93164000000,66190000000,66190000000,16884000000,2832000000,824000000,10090000000,None,-207000000,398000000,207000000,None,None,None,5064000000,18842000000,5787000000,None,13055000000,None,19049000000,24113000000,12750000000
XOM,2022-09-30,USD,29356000000,1.06512E+11,77156000000,77156000000,20227000000,2324000000,None,9129000000,None,-209000000,4423000000,209000000,None,None,None,5642000000,25422000000,5224000000,None,20198000000,None,25631000000,31273000000,19660000000
XOM,2022-06-30,USD,30515000000,1.11265E+11,80750000000,80750000000,20831000000,2530000000,None,9684000000,None,-194000000,3494000000,194000000,None,None,None,4451000000,24933000000,6359000000,None,18574000000,None,25127000000,29578000000,17850000000
XOM,2022-03-31,USD,16222000000,87734000000,71512000000,71512000000,6086000000,2409000000,None,10136000000,None,-188000000,2350000000,188000000,None,None,None,8883000000,8556000000,2806000000,None,5750000000,None,8744000000,17627000000,5480000000
XOM,2021-12-31,USD,19372000000,81305000000,61933000000,61933000000,8390000000,2514000000,843000000,10982000000,None,-221000000,1857000000,221000000,None,None,None,5661000000,11729000000,2650000000,None,9079000000,None,11950000000,17611000000,8870000000
XOM,2021-09-30,USD,18438000000,71892000000,53454000000,53454000000,8072000000,2287000000,None,10366000000,None,-214000000,1456000000,214000000,None,None,None,4990000000,9606000000,2664000000,None,6942000000,None,9820000000,14810000000,6750000000
XOM,2021-06-30,USD,15191000000,65943000000,50752000000,50752000000,4924000000,2345000000,None,10267000000,None,-254000000,1182000000,254000000,None,None,None,4952000000,6307000000,1526000000,None,4781000000,None,6561000000,11513000000,4690000000
XOM,2021-03-31,USD,11885000000,57552000000,45667000000,45667000000,2633000000,2428000000,None,9252000000,None,-258000000,1215000000,258000000,None,None,None,5004000000,3592000000,796000000,None,2796000000,None,3850000000,8854000000,2730000000
XOM,2020-12-31,USD,-16594000000,45738000000,62332000000,62332000000,-26709000000,2736000000,1016000000,10115000000,None,-313000000,24000000,313000000,None,None,None,30291000000,-26613000000,-6010000000,None,-20603000000,None,-26300000000,3991000000,-20070000000
XOM,2020-09-30,USD,9389000000,45425000000,36036000000,36036000000,-595000000,2444000000,None,9984000000,None,-279000000,238000000,279000000,None,None,None,4983000000,-372000000,337000000,None,-709000000,None,-93000000,4890000000,-680000000
XOM,2020-06-30,USD,6397000000,32277000000,25880000000,25880000000,-1380000000,2409000000,None,7777000000,None,-317000000,214000000,317000000,None,None,None,4916000000,-1640000000,-471000000,None,-1169000000,None,-1323000000,3593000000,-1080000000
XOM,2020-03-31,USD,8935000000,55134000000,46199000000,46199000000,-764000000,2579000000,None,9699000000,None,-249000000,526000000,249000000,None,None,None,5819000000,-258000000,512000000,None,-770000000,None,-9000000,5810000000,-610000000
XOM,2019-12-31,USD,13847000000,63024000000,49177000000,49177000000,2673000000,3048000000,1214000000,11174000000,None,-201000000,976000000,201000000,None,None,None,4923000000,6414000000,684000000,None,5730000000,None,6615000000,11538000000,5690000000
XOM,2019-09-30,USD,14411000000,63422000000,49011000000,49011000000,3683000000,2753000000,None,10728000000,None,-232000000,964000000,232000000,None,None,None,4873000000,4721000000,1474000000,None,3247000000,None,4953000000,9826000000,3170000000
XOM,2019-06-30,USD,14396000000,67491000000,53095000000,53095000000,3561000000,2827000000,None,10835000000,None,-216000000,1143000000,216000000,None,1359000000,None,4631000000,4632000000,1241000000,None,3391000000,None,4848000000,9479000000,3130000000
XOM,2019-03-31,USD,13304000000,61646000000,48342000000,48342000000,2849000000,2770000000,None,10455000000,None,-181000000,1528000000,181000000,None,1709000000,None,4571000000,4289000000,1883000000,None,2406000000,None,4470000000,9041000000,2350000000
XOM,2018-12-31,USD,16268000000,68253000000,51985000000,51985000000,5027000000,2848000000,1116000000,11241000000,None,None,None,215000000,None,1756000000,None,5028000000,8121000000,1915000000,None,6206000000,None,8336000000,13364000000,6000000000
XOM,2018-09-30,USD,18656000000,74187000000,55531000000,55531000000,7169000000,2892000000,0,11487000000,None,None,None,200000000,None,1960000000,None,4658000000,9080000000,2634000000,None,6446000000,None,9280000000,13938000000,6240000000
XOM,2018-06-30,USD,16622000000,71456000000,54834000000,54834000000,4922000000,2993000000,0,11700000000,None,None,None,147000000,None,1729000000,None,4589000000,6512000000,2526000000,None,3986000000,None,6659000000,11248000000,3950000000
XOM,2018-03-31,USD,16187000000,65436000000,49249000000,49249000000,5006000000,2747000000,0,11181000000,None,None,None,204000000,None,1910000000,None,4470000000,7240000000,2457000000,None,4783000000,None,7444000000,11914000000,4650000000
XOM,2017-12-31,USD,16011000000,50832000000,34821000000,34821000000,2000000000,3004000000,1063000000,14011000000,None,None,None,186000000,None,673000000,None,5842000000,3017000000,-5392000000,None,8409000000,None,3203000000,9045000000,8380000000
XOM,2017-09-30,USD,15086000000,59350000000,44264000000,44264000000,4419000000,2632000000,0,10667000000,None,None,None,111000000,None,1472000000,None,4880000000,5583000000,1498000000,None,4085000000,None,5694000000,10574000000,3970000000
XOM,2017-06-30,USD,13120000000,56026000000,42906000000,42906000000,2682000000,2556000000,0,10438000000,None,None,None,158000000,None,1525000000,None,4652000000,4156000000,892000000,None,3264000000,None,4314000000,8966000000,3350000000
XOM,2017-03-31,USD,14030000000,56474000000,42444000000,42444000000,4240000000,2505000000,0,9790000000,None,None,None,146000000,None,1710000000,None,4519000000,5918000000,1828000000,None,4090000000,None,6064000000,10583000000,4010000000
XOM,2016-12-31,USD,7976000000,58376000000,50400000000,50400000000,-1828000000,2824000000,1058000000,9804000000,None,None,None,195000000,None,1328000000,None,8117000000,617000000,-1407000000,None,2024000000,None,812000000,8929000000,1680000000
XOM,2016-09-30,USD,10981000000,56767000000,45786000000,45786000000,1422000000,2736000000,0,9559000000,None,None,None,106000000,None,1103000000,None,4605000000,3226000000,337000000,None,2889000000,None,3332000000,7937000000,2650000000
XOM,2016-06-30,USD,10898000000,56360000000,45462000000,45462000000,1137000000,2646000000,0,9761000000,None,None,None,75000000,None,1124000000,None,4821000000,2396000000,715000000,None,1681000000,None,2471000000,7292000000,1700000000
XOM,2016-03-31,USD,9257000000,47105000000,37848000000,37848000000,205000000,2593000000,0,9052000000,None,None,None,77000000,None,1251000000,None,4765000000,1730000000,-51000000,None,1781000000,None,1807000000,6572000000,1810000000
XOM,2015-12-31,USD,10841000000,57691000000,46850000000,46850000000,572000000,2990000000,1008000000,10269000000,None,None,None,60000000,None,1519000000,None,4755000000,2628000000,-202000000,None,2830000000,None,2688000000,7443000000,2780000000
XOM,2015-09-30,USD,14434000000,65679000000,51245000000,51245000000,4162000000,2967000000,0,10272000000,None,None,None,78000000,None,1783000000,None,4542000000,5749000000,1365000000,None,4384000000,None,5827000000,10369000000,4240000000
XOM,2015-06-30,USD,14397000000,71360000000,56963000000,56963000000,4286000000,2831000000,0,10111000000,None,None,None,85000000,None,2081000000,None,4451000000,6954000000,2692000000,None,4262000000,None,7039000000,11490000000,4190000000
XOM,2015-03-31,USD,13500000000,64758000000,51258000000,51258000000,3863000000,2713000000,0,9637000000,None,None,None,88000000,None,2261000000,None,4300000000,6635000000,1560000000,None,5075000000,None,6723000000,11023000000,4940000000
XOM,2014-12-31,USD,16704000000,82621000000,65917000000,65917000000,5502000000,3128000000,971000000,11202000000,None,None,None,68000000,None,2692000000,None,4458000000,8842000000,2060000000,None,6782000000,None,8910000000,13368000000,6570000000
XOM,2014-09-30,USD,21306000000,1.03206E+11,81900000000,81900000000,9574000000,3169000000,0,11732000000,None,None,None,88000000,None,3211000000,None,4362000000,13410000000,5064000000,None,8346000000,None,13498000000,17860000000,8070000000
XOM,2014-06-30,USD,20875000000,1.05719E+11,84844000000,84844000000,8726000000,3169000000,0,12149000000,None,None,None,64000000,None,3312000000,None,4285000000,14151000000,5034000000,None,9117000000,None,14215000000,18500000000,8780000000
XOM,2014-03-31,USD,21750000000,1.01312E+11,79562000000,79562000000,10280000000,3132000000,0,11470000000,None,None,None,66000000,None,4108000000,None,4192000000,15227000000,5857000000,None,9370000000,None,15293000000,19485000000,9100000000
XOM,2013-12-31,USD,22238000000,1.06018E+11,83780000000,83780000000,9722000000,3341000000,1044000000,12516000000,None,None,None,152000000,None,2967000000,None,4380000000,14716000000,6073000000,None,8643000000,None,14564000000,18944000000,8350000000
XOM,2013-09-30,USD,22418000000,1.0839E+11,85972000000,85972000000,10259000000,3150000000,0,12159000000,None,None,None,52000000,None,3444000000,None,4287000000,14189000000,6120000000,None,8069000000,None,14241000000,18528000000,7870000000
XOM,2013-06-30,USD,21137000000,1.0305E+11,81913000000,81913000000,9237000000,3268000000,0,11900000000,None,None,None,85000000,None,3098000000,None,4405000000,12768000000,5793000000,None,6975000000,None,12853000000,17258000000,6860000000
XOM,2013-03-31,USD,22591000000,1.03378E+11,80787000000,80787000000,11083000000,3118000000,0,11508000000,None,None,None,24000000,None,4418000000,None,4110000000,16038000000,6277000000,None,9761000000,None,16062000000,20172000000,9500000000
XOM,2012-12-31,USD,52000000,97248000000,97196000000,97196000000,-114000000,3322000000,1042000000,166000000,None,None,None,111000000,None,3763000000,None,4110000000,17700000000,7398000000,None,10302000000,None,17811000000,21921000000,9950000000
XOM,2012-09-30,USD,25072000000,1.10989E+11,85917000000,85917000000,13227000000,3468000000,894000000,11845000000,None,None,None,59000000,None,3386000000,None,4037000000,17320000000,7394000000,None,9926000000,None,17379000000,21416000000,9570000000
XOM,2012-06-30,USD,24688000000,1.12745E+11,88057000000,88057000000,11623000000,3486000000,0,13065000000,None,None,None,50000000,None,3651000000,None,3899000000,26191000000,8537000000,None,17654000000,None,26241000000,30140000000,15910000000
XOM,2012-03-31,USD,27179000000,1.19189E+11,92010000000,92010000000,12758000000,3601000000,0,14421000000,None,None,None,107000000,None,4210000000,None,3842000000,17515000000,7716000000,None,9799000000,None,17622000000,21464000000,9450000000
XOM,2011-12-31,USD,31764000000,1.17782E+11,86018000000,86018000000,13289000000,3911000000,1044000000,18475000000,None,None,None,75000000,None,3827000000,None,4075000000,17041000000,7317000000,None,9724000000,None,17116000000,21191000000,9400000000
XOM,2011-09-30,USD,33443000000,1.21415E+11,87972000000,87972000000,14863000000,3764000000,0,18580000000,None,None,None,98000000,None,3915000000,None,3866000000,18680000000,8009000000,None,10671000000,None,18778000000,22644000000,10330000000
XOM,2011-06-30,USD,41997000000,1.21766E+11,79769000000,79769000000,23557000000,3681000000,0,18440000000,None,None,None,45000000,None,3720000000,None,3881000000,18619000000,7721000000,None,10898000000,None,18664000000,22545000000,10680000000
XOM,2011-03-31,USD,32244000000,1.10177E+11,77933000000,77933000000,15119000000,3627000000,0,17125000000,None,None,None,29000000,None,3827000000,None,3761000000,18917000000,8004000000,None,10913000000,None,18946000000,22707000000,10650000000
XOM,2010-12-31,USD,9357000000,1.01733E+11,92376000000,92376000000,11984000000,3855000000,1012000000,-2627000000,None,None,None,110000000,None,3453000000,None,4270000000,15327000000,5811000000,None,9516000000,None,15437000000,19707000000,9250000000
XOM,2010-09-30,USD,27826000000,92855000000,65029000000,65029000000,10469000000,3707000000,0,17357000000,None,None,None,54000000,None,2443000000,None,3844000000,12858000000,5297000000,None,7561000000,None,12912000000,16756000000,7350000000
XOM,2010-06-30,USD,26451000000,90242000000,63791000000,63791000000,10502000000,3607000000,0,15949000000,None,None,None,40000000,None,2244000000,None,3366000000,12706000000,4960000000,None,7746000000,None,12746000000,16112000000,7560000000
XOM,2010-03-31,USD,25679000000,87714000000,62035000000,62035000000,9586000000,3514000000,0,16093000000,None,None,None,55000000,None,2537000000,None,3280000000,12068000000,5493000000,None,6575000000,None,12123000000,15403000000,6300000000
XOM,2009-12-31,USD,32084000000,87426000000,55342000000,55342000000,7827000000,3881000000,1050000000,24257000000,None,None,None,36000000,None,None,None,3193000000,10206000000,4067000000,None,0,None,10242000000,13435000000,6050000000
XOM,2009-09-30,USD,30799000000,80585000000,49786000000,49786000000,7591000000,3887000000,0,23208000000,None,None,None,62000000,None,1675000000,None,2927000000,9204000000,4333000000,None,4871000000,None,9266000000,12193000000,4730000000
XOM,2009-06-30,USD,22819000000,74457000000,51638000000,51638000000,7860000000,3519000000,0,14959000000,None,None,None,343000000,None,1583000000,None,3004000000,7517000000,3571000000,None,3946000000,None,7860000000,10864000000,3950000000
XOM,2009-03-31,USD,22349000000,64028000000,41679000000,41679000000,7957000000,3448000000,0,14392000000,None,None,None,107000000,None,None,None,2793000000,7850000000,3148000000,None,0,None,7957000000,10750000000,4550000000
XOM,2008-12-31,USD,36770000000,84696000000,47926000000,47926000000,21128000000,3859000000,847000000,15642000000,None,None,None,6197000000,None,None,None,3177000000,13195000000,5375000000,None,0,None,21128000000,24305000000,7820000000
XOM,2008-09-30,USD,51737000000,1.34913E+11,83176000000,83176000000,24187000000,3823000000,0,27550000000,None,None,None,318000000,None,None,None,3008000000,26693000000,11327000000,None,0,None,27011000000,30019000000,14830000000
XOM,2008-06-30,USD,41435000000,1.38072E+11,96637000000,96637000000,22538000000,4389000000,0,18897000000,None,None,None,107000000,None,None,None,3090000000,22431000000,10526000000,None,0,None,22538000000,25628000000,11680000000
XOM,2008-03-31,USD,38216000000,1.16854E+11,78638000000,78638000000,20604000000,3802000000,0,17612000000,None,None,None,130000000,None,None,None,3104000000,20474000000,9302000000,None,0,None,20604000000,23708000000,10890000000
XOM,2007-12-31,USD,47251000000,1.16642E+11,69391000000,69391000000,28797000000,4054000000,814000000,18454000000,None,None,None,7211000000,None,None,None,3155000000,19722000000,8062000000,None,0,None,28797000000,31952000000,11660000000
XOM,2007-09-30,USD,42131000000,1.02337E+11,60206000000,60206000000,25087000000,3656000000,0,17044000000,None,None,None,7278000000,None,None,None,3159000000,16760000000,7350000000,None,0,None,25087000000,28246000000,9410000000
XOM,2007-06-30,USD,42692000000,98350000000,55658000000,55658000000,18212000000,3788000000,0,24480000000,None,None,None,6818000000,None,None,None,2994000000,17928000000,7668000000,None,0,None,18212000000,21206000000,10260000000
XOM,2007-03-31,USD,39626000000,87223000000,47597000000,47597000000,23701000000,3392000000,0,15925000000,None,None,None,6503000000,None,None,None,2942000000,16064000000,6784000000,None,0,None,23701000000,26643000000,9280000000
XOM,2006-12-31,USD,39845000000,90028000000,50183000000,50183000000,-7653000000,3838000000,733000000,47498000000,None,None,None,24664000000,None,None,None,3282000000,15561000000,5311000000,None,0,None,-7653000000,-4371000000,10250000000
XOM,2006-09-30,USD,42820000000,99593000000,56773000000,56773000000,26515000000,3412000000,0,16305000000,None,None,None,6790000000,None,None,None,2730000000,18178000000,7688000000,None,0,None,26515000000,29245000000,10490000000
XOM,2006-06-30,USD,43262000000,99034000000,55772000000,55772000000,26775000000,3557000000,0,16487000000,None,None,None,7248000000,None,None,None,2760000000,18204000000,7844000000,None,0,None,26775000000,29535000000,10360000000
XOM,2006-03-31,USD,38453000000,88980000000,50527000000,50527000000,15806000000,3466000000,0,22647000000,None,None,None,7148000000,None,None,None,2644000000,15459000000,7059000000,None,0,None,15806000000,18450000000,8400000000
XOM,2005-12-31,USD,42400000000,99344000000,56944000000,56944000000,26001000000,3678000000,712000000,16399000000,None,None,None,6692000000,None,None,None,2671000000,17718000000,7008000000,None,0,None,26001000000,28672000000,10710000000
XOM,2005-09-30,USD,41587000000,1.00717E+11,59130000000,59130000000,24459000000,3765000000,0,17128000000,None,None,None,7501000000,None,None,None,2513000000,16052000000,6132000000,None,0,None,24459000000,26972000000,9920000000
JNJ,2025-09-30,USD,16690000000,23993000000,7303000000,7303000000,7096000000,5922000000,3672000000,9594000000,None,-18000000,227000000,18000000,None,None,None,1777000000,7493000000,2341000000,None,5152000000,None,7511000000,9288000000,5152000000
JNJ,2025-06-30,USD,16115000000,23743000000,7628000000,7628000000,6810000000,5789000000,3516000000,9305000000,None,-48000000,260000000,308000000,None,None,None,1943000000,6491000000,954000000,None,5537000000,None,6799000000,8742000000,5537000000
JNJ,2025-03-31,USD,14536000000,21893000000,7357000000,7357000000,6299000000,5012000000,3225000000,8237000000,None,128000000,332000000,204000000,None,None,None,1772000000,13631000000,2632000000,None,10999000000,None,13835000000,15607000000,10999000000
JNJ,2024-12-31,USD,15392000000,22520000000,7128000000,7128000000,3841000000,6253000000,5298000000,11551000000,None,144000000,281000000,137000000,None,None,None,1896000000,3887000000,456000000,None,3431000000,None,4024000000,5920000000,3431000000
JNJ,2024-09-30,USD,15508000000,22471000000,6963000000,6963000000,5278000000,5278000000,4952000000,10230000000,None,99000000,292000000,193000000,None,None,None,1846000000,3338000000,644000000,None,2694000000,None,3531000000,5377000000,2694000000
JNJ,2024-06-30,USD,15578000000,22447000000,6869000000,6869000000,6657000000,5481000000,3440000000,8921000000,None,125000000,395000000,270000000,None,None,None,1782000000,5748000000,1062000000,None,4686000000,None,6018000000,7800000000,4686000000
JNJ,2024-03-31,USD,14872000000,21383000000,6511000000,6511000000,6273000000,5057000000,3542000000,8599000000,None,209000000,364000000,155000000,None,None,None,1815000000,3714000000,459000000,None,3255000000,None,3869000000,5684000000,3255000000
JNJ,2023-12-31,USD,14597000000,21395000000,6798000000,6798000000,4607000000,5510000000,4480000000,9990000000,None,212000000,363000000,151000000,None,None,None,1843000000,4826000000,694000000,None,4132000000,None,4977000000,6820000000,4049000000
JNJ,2023-09-30,USD,14745000000,21351000000,6606000000,6606000000,6198000000,5100000000,3447000000,8547000000,None,182000000,374000000,192000000,None,None,None,1829000000,5217000000,908000000,None,4309000000,None,5409000000,7238000000,26028000000
JNJ,2023-06-30,USD,15057000000,21519000000,6462000000,6462000000,6358000000,4996000000,3703000000,8699000000,None,23000000,369000000,217000000,None,None,None,1934000000,6306000000,930000000,None,5144000000,None,6523000000,8457000000,5144000000
JNJ,2023-03-31,USD,14207000000,20894000000,6687000000,6687000000,6246000000,4506000000,3455000000,7961000000,None,20000000,235000000,212000000,None,-6993000000,None,1880000000,-1287000000,-796000000,None,-68000000,None,-1075000000,805000000,-68000000
JNJ,2022-12-31,USD,15941000000,23706000000,7765000000,7765000000,3905000000,7412000000,4624000000,12036000000,None,77000000,254000000,177000000,None,-953000000,None,1772000000,4201000000,681000000,None,3520000000,None,4378000000,6150000000,3520000000
JNJ,2022-09-30,USD,15984000000,23791000000,7807000000,7807000000,5822000000,6089000000,3597000000,9686000000,None,99000000,150000000,99000000,None,-343000000,None,1685000000,5822000000,1364000000,None,4458000000,None,6298000000,7983000000,4458000000
JNJ,2022-06-30,USD,16101000000,24020000000,7919000000,7919000000,6472000000,5926000000,3703000000,9629000000,None,26000000,64000000,38000000,None,-209000000,None,1744000000,5840000000,1026000000,None,4814000000,None,5878000000,7622000000,4814000000
JNJ,2022-03-31,USD,15828000000,23426000000,7598000000,7598000000,6118000000,5638000000,4072000000,9710000000,None,12000000,22000000,10000000,None,124000000,None,1769000000,5862000000,713000000,None,5149000000,None,5872000000,7641000000,5149000000
JNJ,2021-12-31,USD,16849000000,24804000000,7955000000,7955000000,4475000000,7654000000,4720000000,12374000000,None,-47000000,13000000,60000000,None,4000000,None,1843000000,4836000000,100000000,None,4736000000,None,4896000000,6739000000,4736000000
JNJ,2021-09-30,USD,16088000000,23338000000,7250000000,7250000000,6866000000,5800000000,3422000000,9222000000,None,-7000000,13000000,20000000,None,-1837000000,None,1814000000,3849000000,182000000,None,3667000000,None,3869000000,5683000000,3667000000
JNJ,2021-06-30,USD,15725000000,23312000000,7587000000,7587000000,6358000000,5973000000,3394000000,9367000000,None,-28000000,12000000,40000000,None,500000000,None,1839000000,6662000000,384000000,None,6278000000,None,6702000000,8541000000,6278000000
JNJ,2021-03-31,USD,15258000000,22321000000,7063000000,7063000000,6848000000,5232000000,3178000000,8410000000,None,-48000000,15000000,63000000,None,897000000,None,1894000000,7429000000,1232000000,None,6197000000,None,7492000000,9386000000,6197000000
JNJ,2020-12-31,USD,14661000000,22475000000,7814000000,7814000000,4172000000,6457000000,4032000000,10489000000,None,-74000000,13000000,87000000,None,-2341000000,None,1940000000,1647000000,-91000000,None,1738000000,None,1734000000,3674000000,1738000000
JNJ,2020-09-30,USD,14110000000,21082000000,6972000000,6972000000,5939000000,5331000000,2840000000,8171000000,None,-32000000,12000000,44000000,None,-1188000000,None,1818000000,4401000000,847000000,None,3554000000,None,4445000000,6263000000,3554000000
JNJ,2020-06-30,USD,11757000000,18336000000,6579000000,6579000000,4157000000,4893000000,2707000000,7600000000,None,-26000000,19000000,45000000,None,-5000000,None,1726000000,3940000000,314000000,None,3626000000,None,3985000000,5711000000,3626000000
JNJ,2020-03-31,USD,13629000000,20691000000,7062000000,7062000000,5846000000,5203000000,2580000000,7783000000,None,42000000,67000000,25000000,None,746000000,None,1747000000,6509000000,713000000,None,5796000000,None,6534000000,8281000000,5796000000
JNJ,2019-12-31,USD,13613000000,20747000000,7134000000,7134000000,4342000000,6039000000,3232000000,9271000000,None,-4000000,81000000,85000000,None,65000000,None,1816000000,4218000000,208000000,None,4010000000,None,4303000000,6119000000,4010000000
JNJ,2019-09-30,USD,13862000000,20729000000,6867000000,6867000000,5889000000,5374000000,2599000000,7973000000,None,41000000,89000000,48000000,None,-4125000000,None,1727000000,1647000000,-106000000,None,1753000000,None,1695000000,3422000000,1753000000
JNJ,2019-06-30,USD,13622000000,20562000000,6940000000,6940000000,5410000000,5546000000,2666000000,8212000000,None,5000000,88000000,83000000,None,1771000000,None,1705000000,7041000000,1434000000,None,5607000000,None,7124000000,8829000000,5607000000
JNJ,2019-03-31,USD,13406000000,20021000000,6615000000,6615000000,5329000000,5219000000,2858000000,8077000000,None,-3000000,99000000,102000000,None,121000000,None,1761000000,4422000000,673000000,None,3749000000,None,4524000000,6285000000,3749000000
JNJ,2018-12-31,USD,13433000000,20394000000,6961000000,6961000000,4218000000,5991000000,3224000000,9215000000,None,None,None,250000000,None,-782000000,None,1735000000,3122000000,80000000,None,3042000000,None,3372000000,5107000000,3042000000
JNJ,2018-09-30,USD,13759000000,20348000000,6589000000,6589000000,5708000000,5543000000,2508000000,8051000000,None,None,None,243000000,None,172000000,None,1731000000,4423000000,489000000,None,3934000000,None,4666000000,6397000000,3934000000
JNJ,2018-06-30,USD,13903000000,20830000000,6927000000,6927000000,5521000000,5743000000,2639000000,8382000000,None,None,None,253000000,None,-238000000,None,1717000000,4973000000,1019000000,None,3954000000,None,5226000000,6943000000,3954000000
JNJ,2018-03-31,USD,13395000000,20009000000,6614000000,6614000000,5728000000,5263000000,2404000000,7667000000,None,None,None,259000000,None,54000000,None,1746000000,5481000000,1114000000,None,4367000000,None,5740000000,7486000000,4367000000
JNJ,2017-12-31,USD,12952000000,20195000000,7243000000,7243000000,3292000000,6025000000,3635000000,9660000000,None,None,None,274000000,None,94000000,None,1869000000,2560000000,13273000000,None,-10713000000,None,2834000000,4703000000,-10713000000
JNJ,2017-09-30,USD,12725000000,19650000000,6925000000,6925000000,4717000000,5423000000,2585000000,8008000000,None,None,None,229000000,None,310000000,None,1711000000,4790000000,1026000000,None,3764000000,None,5019000000,6730000000,3764000000
JNJ,2017-06-30,USD,12993000000,18839000000,5846000000,5846000000,5408000000,5289000000,2296000000,7585000000,None,None,None,227000000,None,-483000000,None,1150000000,4748000000,921000000,None,3827000000,None,4975000000,6125000000,3827000000
JNJ,2017-03-31,USD,12357000000,17766000000,5409000000,5409000000,5524000000,4763000000,2070000000,6833000000,None,None,None,204000000,None,281000000,None,912000000,5575000000,1153000000,None,4422000000,None,5779000000,6691000000,4422000000
JNJ,2016-12-31,USD,12572000000,18106000000,5534000000,5534000000,4623000000,5309000000,2640000000,7949000000,None,None,None,184000000,None,80000000,None,1055000000,4324000000,510000000,None,3979000000,None,4508000000,5563000000,3814000000
JNJ,2016-09-30,USD,12334000000,17820000000,5486000000,5486000000,5384000000,4772000000,2178000000,6950000000,None,None,None,192000000,None,151000000,None,908000000,5281000000,1009000000,None,4272000000,None,5473000000,6381000000,4272000000
JNJ,2016-06-30,USD,13146000000,18482000000,5336000000,5336000000,5706000000,5176000000,2264000000,7440000000,None,None,None,190000000,None,-469000000,None,900000000,4904000000,907000000,None,3997000000,None,5094000000,5994000000,3997000000
JNJ,2016-03-31,USD,12153000000,17482000000,5329000000,5329000000,5452000000,4688000000,2013000000,6701000000,None,None,None,160000000,None,122000000,None,891000000,5294000000,837000000,None,4292000000,None,5454000000,6345000000,4457000000
JNJ,2015-12-31,USD,12138000000,17811000000,5673000000,5673000000,3383000000,5891000000,2864000000,8755000000,None,None,None,160000000,None,1258000000,None,1033000000,3758000000,543000000,None,3215000000,None,3918000000,4951000000,3215000000
JNJ,2015-09-30,USD,11878000000,17102000000,5224000000,5224000000,4643000000,5081000000,2154000000,7235000000,None,None,None,123000000,None,-388000000,None,929000000,4122000000,764000000,None,3358000000,None,4245000000,5174000000,3358000000
JNJ,2015-06-30,USD,12430000000,17787000000,5357000000,5357000000,4917000000,5384000000,2129000000,7513000000,None,None,None,131000000,None,955000000,None,889000000,5741000000,1225000000,None,4516000000,None,5872000000,6761000000,4516000000
JNJ,2015-03-31,USD,12092000000,17374000000,5282000000,5282000000,5346000000,4847000000,1899000000,6746000000,None,None,None,138000000,None,367000000,None,895000000,5575000000,1255000000,None,4320000000,None,5713000000,6608000000,4320000000
JNJ,2014-12-31,USD,12401000000,18254000000,5853000000,5853000000,3944000000,5822000000,2635000000,8457000000,None,None,None,139000000,None,-946000000,None,991000000,2703000000,182000000,None,2521000000,None,2842000000,3833000000,2521000000
JNJ,2014-09-30,USD,13068000000,18467000000,5399000000,5399000000,5577000000,5468000000,2023000000,7491000000,None,None,None,130000000,None,1363000000,None,939000000,6810000000,2061000000,None,4749000000,None,6940000000,7879000000,4749000000
JNJ,2014-06-30,USD,13456000000,19495000000,6039000000,6039000000,5970000000,5481000000,2005000000,7486000000,None,None,None,128000000,None,-212000000,None,952000000,5626000000,1300000000,None,4326000000,None,5754000000,6706000000,4326000000
JNJ,2014-03-31,USD,12660000000,18115000000,5455000000,5455000000,5646000000,5183000000,1831000000,7014000000,None,None,None,136000000,None,-68000000,None,1013000000,5424000000,697000000,None,4727000000,None,5560000000,6573000000,4727000000
JNJ,2013-12-31,USD,12400000000,18355000000,5955000000,5955000000,4072000000,5917000000,2411000000,8328000000,None,None,None,134000000,None,-850000000,None,1102000000,2750000000,-769000000,None,3519000000,None,2884000000,3986000000,3519000000
JNJ,2013-09-30,USD,12231000000,17575000000,5344000000,5344000000,4875000000,5314000000,2042000000,7356000000,None,None,None,105000000,None,-925000000,None,976000000,3667000000,685000000,None,2982000000,None,3772000000,4748000000,2982000000
JNJ,2013-06-30,USD,12388000000,17877000000,5489000000,5489000000,5066000000,5376000000,1946000000,7322000000,None,None,None,118000000,None,-155000000,None,990000000,4793000000,960000000,None,3833000000,None,4911000000,5901000000,3833000000
JNJ,2013-03-31,USD,11951000000,17505000000,5554000000,5554000000,4944000000,5223000000,1784000000,7007000000,None,None,None,125000000,None,-494000000,None,1036000000,4261000000,764000000,None,3497000000,None,4386000000,5422000000,3497000000
JNJ,2012-12-31,USD,11555000000,17558000000,6003000000,6003000000,3563000000,3361000000,2331000000,7992000000,None,None,None,107000000,None,-301000000,None,1036000000,3100000000,533000000,None,2567000000,None,3207000000,4243000000,2567000000
JNJ,2012-09-30,USD,11455000000,17052000000,5597000000,5597000000,4304000000,5228000000,1923000000,7151000000,None,None,None,135000000,None,105000000,None,1005000000,3595000000,966000000,None,2629000000,None,3730000000,4735000000,2968000000
JNJ,2012-06-30,USD,11332000000,16475000000,5143000000,5143000000,4601000000,4965000000,1766000000,6731000000,None,None,None,143000000,None,-1994000000,None,852000000,2035000000,627000000,None,1408000000,None,2178000000,3030000000,1408000000
JNJ,2012-03-31,USD,11224000000,16139000000,4915000000,4915000000,4564000000,5015000000,1645000000,6660000000,None,None,None,147000000,None,628000000,None,773000000,5045000000,1135000000,None,3910000000,None,5192000000,5965000000,3910000000
JNJ,2011-12-31,USD,10917000000,16255000000,5338000000,5338000000,3304000000,5458000000,2155000000,7613000000,None,None,None,183000000,None,-2823000000,None,843000000,318000000,100000000,None,218000000,None,501000000,1344000000,218000000
JNJ,2011-09-30,USD,10933000000,16005000000,5072000000,5072000000,3920000000,5240000000,1773000000,7013000000,None,None,None,134000000,None,325000000,None,783000000,4111000000,909000000,None,3202000000,None,4245000000,5028000000,3202000000
JNJ,2011-06-30,USD,11425000000,16597000000,5172000000,5172000000,4328000000,5215000000,1882000000,7097000000,None,None,None,129000000,None,-188000000,None,777000000,3422000000,646000000,None,2776000000,None,3551000000,4328000000,2776000000
JNJ,2011-03-31,USD,11395000000,16173000000,4778000000,4778000000,4601000000,5056000000,1738000000,6794000000,None,None,None,125000000,None,34000000,None,755000000,4510000000,1034000000,None,3476000000,None,4635000000,5390000000,3476000000
JNJ,2010-12-31,USD,10604000000,15644000000,5040000000,5040000000,3442000000,5180000000,1982000000,7162000000,None,None,None,138000000,None,-1026000000,None,769000000,2228000000,286000000,None,1942000000,None,2366000000,3135000000,1942000000
JNJ,2010-09-30,USD,10388000000,14982000000,4594000000,4594000000,4022000000,4709000000,1657000000,6366000000,None,None,None,108000000,None,305000000,None,725000000,4219000000,802000000,None,3417000000,None,4327000000,5052000000,3417000000
JNJ,2010-06-30,USD,10700000000,15330000000,4630000000,4630000000,4296000000,4756000000,1648000000,6404000000,None,None,None,101000000,None,-25000000,None,711000000,4220000000,771000000,None,3449000000,None,4321000000,5032000000,3449000000
JNJ,2010-03-31,USD,11103000000,15631000000,4528000000,4528000000,4767000000,4779000000,1557000000,6336000000,None,None,None,108000000,None,1621000000,None,734000000,6280000000,1754000000,None,4526000000,None,6388000000,7122000000,4526000000
JNJ,2009-12-31,USD,11239000000,16551000000,5312000000,5312000000,3397000000,19801000000,2213000000,7842000000,None,None,None,93000000,None,None,None,744000000,2604000000,398000000,None,0,None,2697000000,3441000000,2206000000
JNJ,2009-09-30,USD,10647000000,15081000000,4434000000,4434000000,4263000000,4767000000,1617000000,6384000000,None,None,None,142000000,None,124000000,None,675000000,4245000000,900000000,None,3345000000,None,4387000000,5062000000,3345000000
JNJ,2009-06-30,USD,10789000000,15239000000,4450000000,4450000000,4354000000,4797000000,1638000000,6435000000,None,None,None,110000000,None,19000000,None,679000000,4263000000,1055000000,None,3208000000,None,4373000000,5052000000,3208000000
JNJ,2009-03-31,USD,10775000000,15026000000,4251000000,4251000000,4649000000,6126000000,1518000000,6126000000,None,None,None,106000000,None,None,None,676000000,4643000000,1136000000,None,None,None,4749000000,5425000000,3507000000
JNJ,2008-12-31,USD,10810000000,15182000000,4372000000,4372000000,3037000000,21490000000,2108000000,7773000000,None,None,None,110000000,None,None,None,715000000,3517000000,803000000,None,0,None,4232000000,4947000000,2714000000
JNJ,2008-09-30,USD,11147000000,15921000000,4774000000,4774000000,4091000000,7056000000,1861000000,7056000000,None,None,None,122000000,None,None,None,768000000,4290000000,980000000,None,0,None,4412000000,5180000000,3310000000
JNJ,2008-06-30,USD,11699000000,16450000000,4751000000,4751000000,4256000000,7403000000,1936000000,7443000000,None,None,None,105000000,None,None,None,683000000,4375000000,1048000000,None,0,None,4480000000,5163000000,3327000000
JNJ,2008-03-31,USD,11580000000,16194000000,4614000000,4614000000,4745000000,6835000000,1712000000,6835000000,None,None,None,98000000,None,None,None,666000000,4747000000,1149000000,None,0,None,4845000000,5511000000,3598000000
JNJ,2007-12-31,USD,11223000000,15957000000,4734000000,4734000000,3174000000,9831000000,2328000000,8049000000,None,None,None,233000000,None,None,None,875000000,2332000000,-42000000,None,0,None,3174000000,4049000000,2374000000
JNJ,2007-09-30,USD,10696000000,14970000000,4274000000,4274000000,3963000000,4899000000,1834000000,6733000000,None,None,None,82000000,None,None,None,597000000,3268000000,720000000,None,0,None,3963000000,4560000000,2548000000
JNJ,2007-06-30,USD,10773000000,15131000000,4358000000,4358000000,3878000000,5029000000,1866000000,6895000000,None,None,None,59000000,None,None,None,683000000,4031000000,950000000,None,0,None,3878000000,4561000000,3081000000
JNJ,2007-03-31,USD,10652000000,15037000000,4385000000,4385000000,4198000000,4802000000,1652000000,6454000000,None,None,None,62000000,None,None,None,622000000,3652000000,1079000000,None,0,None,4198000000,4820000000,2573000000
JNJ,2006-12-31,USD,9675000000,13682000000,4007000000,4007000000,2933000000,12737000000,2046000000,6742000000,None,None,None,21000000,None,None,None,571000000,2708000000,540000000,None,0,None,2933000000,3504000000,2168000000
JNJ,2006-09-30,USD,9637000000,13287000000,3650000000,3650000000,3627000000,4291000000,1719000000,6010000000,None,None,None,13000000,None,None,None,539000000,3661000000,901000000,None,0,None,3627000000,4166000000,2760000000
JNJ,2006-06-30,USD,9575000000,13363000000,3788000000,3788000000,3396000000,4351000000,1828000000,6179000000,None,None,None,13000000,None,None,None,546000000,3603000000,783000000,None,0,None,3396000000,3942000000,2820000000
JNJ,2006-03-31,USD,9380000000,12992000000,3612000000,3612000000,3753000000,4095000000,1532000000,5627000000,None,None,None,16000000,None,None,None,521000000,4615000000,1310000000,None,0,None,3753000000,4274000000,3305000000
JNJ,2005-12-31,USD,8986000000,12610000000,3624000000,3624000000,2448000000,12566000000,1976000000,6538000000,None,None,None,2000000,None,None,None,507000000,2638000000,455000000,None,0,None,2448000000,2955000000,2183000000
JNJ,2005-09-30,USD,8956000000,12310000000,3354000000,3354000000,3256000000,4161000000,1539000000,5700000000,None,None,None,22000000,None,None,None,523000000,3420000000,882000000,None,0,None,3256000000,3779000000,2538000000
COST,2025-08-31,USD,11119000000,86156000000,75037000000,75037000000,3341000000,7778000000,None,7778000000,None,134000000,180000000,46000000,None,None,None,2130000000,3510000000,900000000,None,2610000000,None,3556000000,5686000000,2610000000
COST,2025-05-31,USD,8209000000,63205000000,54996000000,54996000000,2530000000,5679000000,None,5679000000,None,67000000,95000000,35000000,None,None,None,552000000,2580000000,677000000,None,1903000000,None,2615000000,3167000000,1903000000
COST,2025-02-28,USD,7979000000,63723000000,55744000000,55744000000,2316000000,5663000000,None,5663000000,None,83000000,119000000,36000000,None,None,None,-548000000,2422000000,634000000,None,1788000000,None,2349000000,1801000000,1788000000
COST,2024-11-30,USD,8042000000,62151000000,54109000000,54109000000,2196000000,5846000000,None,5846000000,None,67000000,104000000,37000000,None,None,None,548000000,2306000000,508000000,None,1798000000,None,2196000000,2744000000,1798000000
COST,2024-08-31,USD,10109000000,79697000000,69588000000,69588000000,3042000000,7067000000,None,7067000000,None,99000000,148000000,49000000,None,None,None,706000000,3113000000,759000000,None,2354000000,None,3162000000,3868000000,2354000000
COST,2024-05-31,USD,7342000000,58515000000,51173000000,51173000000,2197000000,5145000000,None,5145000000,None,67000000,108000000,41000000,None,None,None,516000000,2284000000,603000000,None,1681000000,None,2325000000,2841000000,1681000000
COST,2024-02-29,USD,7302000000,58442000000,51140000000,51140000000,2062000000,5240000000,None,5240000000,None,144000000,185000000,41000000,None,None,None,514000000,2237000000,494000000,None,1743000000,None,2278000000,2792000000,1743000000
COST,2023-11-30,USD,7342000000,57799000000,50457000000,50457000000,1984000000,5358000000,None,5358000000,None,122000000,160000000,38000000,None,None,None,501000000,2106000000,517000000,None,1589000000,None,2144000000,2645000000,1589000000
COST,2023-08-31,USD,9720000000,78939000000,69219000000,69219000000,2781000000,6939000000,None,6939000000,None,185000000,264000000,56000000,None,None,None,800000000,2963000000,803000000,None,2160000000,None,3019000000,3819000000,2160000000
COST,2023-05-31,USD,6473000000,53648000000,47175000000,47175000000,1679000000,4794000000,None,4794000000,None,92000000,128000000,36000000,None,128000000,None,556000000,1771000000,469000000,None,1302000000,None,1807000000,2363000000,1302000000
COST,2023-02-28,USD,6843000000,55266000000,48423000000,48423000000,1903000000,4940000000,None,4940000000,None,80000000,80000000,34000000,None,114000000,None,470000000,1983000000,517000000,None,1466000000,None,2017000000,2487000000,1466000000
COST,2022-11-30,USD,6668000000,54437000000,47769000000,47769000000,1751000000,4917000000,None,4917000000,None,19000000,19000000,34000000,None,53000000,None,447000000,1770000000,406000000,None,1364000000,None,1804000000,2251000000,1364000000
COST,2022-08-31,USD,8533000000,72091000000,63558000000,63558000000,2497000000,6036000000,None,6036000000,None,19000000,67000000,48000000,None,None,None,594000000,2516000000,638000000,None,1878000000,None,2564000000,3158000000,1868000000
COST,2022-05-31,USD,6241000000,52596000000,46355000000,46355000000,1791000000,4450000000,None,4450000000,None,-29000000,6000000,35000000,None,71000000,None,533000000,1827000000,455000000,None,1372000000,None,1862000000,2395000000,1353000000
COST,2022-02-28,USD,6387000000,51904000000,45517000000,45517000000,1812000000,4575000000,None,4575000000,None,-30000000,11000000,36000000,None,25000000,None,509000000,1801000000,481000000,None,1320000000,None,1837000000,2346000000,1299000000
COST,2021-11-30,USD,6411000000,50363000000,43952000000,43952000000,1693000000,4718000000,None,4718000000,None,-23000000,5000000,39000000,None,None,None,504000000,1696000000,351000000,None,1345000000,None,1735000000,2239000000,1324000000
COST,2021-08-31,USD,7942000000,62675000000,54733000000,54733000000,2275000000,5583000000,None,5667000000,None,-40000000,3000000,52000000,None,None,None,656000000,2291000000,597000000,None,1694000000,None,2343000000,2999000000,1670000000
COST,2021-05-31,USD,5862000000,45277000000,39415000000,39415000000,1663000000,4142000000,None,4199000000,None,-32000000,26000000,40000000,None,None,None,467000000,1650000000,417000000,None,1233000000,None,1690000000,2157000000,1220000000
COST,2021-02-28,USD,5691000000,44769000000,39078000000,39078000000,1340000000,4105000000,None,4351000000,None,-29000000,30000000,40000000,None,None,None,416000000,1319000000,348000000,None,971000000,None,1359000000,1775000000,951000000
COST,2020-11-30,USD,5750000000,43208000000,37458000000,37458000000,1430000000,None,None,4320000000,None,None,None,39000000,None,None,None,404000000,1420000000,239000000,None,None,None,1459000000,1863000000,1166000000
COST,2020-08-31,USD,6982000000,53383000000,46401000000,46401000000,1929000000,None,None,5053000000,None,None,None,51000000,None,None,None,505000000,1869000000,465000000,None,None,None,1924000000,2429000000,1389000000
COST,2020-05-31,USD,5017000000,37266000000,32249000000,32249000000,1179000000,None,None,3838000000,None,None,None,37000000,None,None,None,382000000,1163000000,311000000,None,None,None,1200000000,1582000000,838000000
COST,2020-02-29,USD,5016000000,39072000000,34056000000,34056000000,1266000000,None,None,3750000000,None,None,None,34000000,None,None,None,389000000,1277000000,330000000,None,None,None,1311000000,1700000000,931000000
COST,2019-11-30,USD,4807000000,37040000000,32233000000,32233000000,1061000000,None,None,3746000000,None,None,None,38000000,None,None,None,369000000,1058000000,202000000,None,None,None,1096000000,1465000000,844000000
COST,2019-08-31,USD,6188000000,47498000000,41310000000,41310000000,1463000000,None,None,4725000000,None,None,None,45000000,None,None,None,473000000,1492000000,382000000,None,None,None,1537000000,2010000000,1097000000
COST,2019-05-31,USD,4507000000,34740000000,30233000000,30233000000,1122000000,None,None,3385000000,None,None,None,35000000,None,None,None,336000000,1123000000,207000000,None,None,None,1158000000,1494000000,906000000
COST,2019-02-28,USD,4676000000,35396000000,30720000000,30720000000,1203000000,None,None,3473000000,None,None,None,34000000,None,None,None,352000000,1215000000,314000000,None,None,None,1249000000,1601000000,889000000
COST,2018-11-30,USD,4446000000,35069000000,30623000000,30623000000,949000000,None,None,3497000000,None,None,None,36000000,None,None,None,331000000,935000000,158000000,None,None,None,971000000,1302000000,767000000
COST,2018-08-31,USD,5740000000,44411000000,38671000000,38671000000,1446000000,None,None,4294000000,None,None,None,48000000,None,None,None,431000000,1449000000,396000000,None,None,None,1497000000,1928000000,1043000000
COST,2018-05-31,USD,4230000000,32361000000,28131000000,28131000000,1067000000,None,None,3163000000,None,None,None,37000000,None,None,None,327000000,1071000000,309000000,None,None,None,1108000000,1435000000,750000000
COST,2018-02-28,USD,4262000000,32995000000,28733000000,28733000000,1016000000,None,None,3246000000,None,None,None,37000000,None,None,None,344000000,986000000,273000000,None,None,None,1023000000,1367000000,701000000
COST,2017-11-30,USD,4192000000,31809000000,27617000000,27617000000,951000000,None,None,3241000000,None,None,None,37000000,None,None,None,335000000,936000000,285000000,None,None,None,973000000,1308000000,640000000
COST,2017-08-31,USD,5603000000,42300000000,36697000000,36697000000,1450000000,None,None,4153000000,None,None,None,53000000,None,None,None,441000000,1419000000,487000000,None,None,None,1472000000,1913000000,919000000
COST,2017-05-31,USD,3890000000,28860000000,24970000000,24970000000,968000000,None,None,2922000000,None,None,None,21000000,None,None,None,320000000,965000000,259000000,None,None,None,986000000,1306000000,700000000
COST,2017-02-28,USD,3839000000,29766000000,25927000000,25927000000,844000000,None,None,2995000000,None,None,None,31000000,None,None,None,312000000,809000000,288000000,None,None,None,840000000,1152000000,515000000
COST,2016-11-30,USD,3811000000,28099000000,24288000000,24288000000,849000000,None,None,2962000000,None,None,None,29000000,None,None,None,297000000,846000000,291000000,None,None,None,875000000,1172000000,545000000
COST,2016-08-31,USD,4911000000,36560000000,31649000000,31649000000,1191000000,None,None,3720000000,None,None,None,39000000,None,None,None,408000000,1181000000,396000000,None,None,None,1220000000,1628000000,779000000
COST,2016-05-31,USD,3607000000,26769000000,23162000000,23162000000,858000000,None,None,2749000000,None,None,None,30000000,None,None,None,291000000,835000000,286000000,None,None,None,865000000,1156000000,545000000
COST,2016-02-29,USD,3701000000,28170000000,24469000000,24469000000,856000000,None,None,2845000000,None,None,None,31000000,None,None,None,285000000,841000000,286000000,None,None,None,872000000,1157000000,546000000
COST,2015-11-30,USD,3599000000,27220000000,23621000000,23621000000,767000000,None,None,2832000000,None,None,None,33000000,None,None,None,271000000,762000000,275000000,None,None,None,795000000,1066000000,480000000
COST,2015-08-31,USD,4682000000,35778000000,31096000000,31096000000,1156000000,None,None,3526000000,None,None,None,40000000,None,None,None,351000000,1156000000,378000000,None,None,None,1196000000,1547000000,767000000
COST,2015-05-31,USD,3414000000,26101000000,22687000000,22687000000,821000000,None,None,2593000000,None,None,None,31000000,None,None,None,776000000,799000000,280000000,None,None,None,830000000,1606000000,516000000
COST,2015-02-28,USD,3557000000,27454000000,23897000000,23897000000,877000000,None,None,2680000000,None,None,None,27000000,None,None,None,260000000,870000000,263000000,None,None,None,897000000,1157000000,598000000
COST,2014-11-30,USD,3481000000,26866000000,23385000000,23385000000,770000000,None,None,2711000000,None,None,None,26000000,None,None,None,254000000,779000000,274000000,None,None,None,805000000,1059000000,496000000
COST,2014-08-31,USD,4486000000,35523000000,31037000000,31037000000,1091000000,None,None,3395000000,None,None,None,35000000,None,None,None,-150000000,1086000000,381000000,None,None,None,1271000000,1121000000,697000000
COST,2014-05-31,USD,3240000000,25794000000,22554000000,22554000000,737000000,None,None,2503000000,None,None,None,25000000,None,None,None,708000000,724000000,245000000,None,None,None,749000000,1457000000,473000000
COST,2014-02-28,USD,3263000000,26306000000,23043000000,23043000000,724000000,None,None,2539000000,None,None,None,26000000,None,None,None,240000000,728000000,255000000,None,None,None,754000000,994000000,463000000
COST,2013-11-30,USD,3193000000,25017000000,21824000000,21824000000,668000000,None,None,2525000000,None,None,None,27000000,None,None,None,231000000,659000000,228000000,None,None,None,686000000,917000000,425000000
COST,2013-08-31,USD,4069000000,32487000000,28418000000,28418000000,954000000,None,None,3115000000,None,None,None,36000000,None,None,None,295000000,954000000,332000000,None,None,None,990000000,1285000000,617000000
COST,2013-05-31,USD,3045000000,24083000000,21038000000,21038000000,722000000,None,None,2323000000,None,None,None,25000000,None,None,None,651000000,712000000,248000000,None,None,None,737000000,1388000000,459000000
COST,2013-02-28,USD,3105000000,24871000000,21766000000,21766000000,738000000,None,None,2367000000,None,None,None,25000000,None,None,None,217000000,739000000,185000000,None,None,None,764000000,981000000,547000000
COST,2012-11-30,USD,2989000000,23715000000,20726000000,20726000000,639000000,None,None,2350000000,None,None,None,13000000,None,None,None,213000000,646000000,225000000,None,None,None,659000000,872000000,416000000
COST,2012-08-31,USD,4008000000,32218000000,28210000000,28210000000,949000000,None,None,3059000000,None,None,None,22000000,None,None,None,292000000,965000000,343000000,None,None,None,949000000,1241000000,609000000
COST,2012-05-31,USD,2781000000,22324000000,19543000000,19543000000,623000000,None,None,2158000000,None,None,None,19000000,None,None,None,202000000,622000000,217000000,None,None,None,641000000,843000000,386000000
COST,2012-02-29,USD,2828000000,22967000000,20139000000,20139000000,644000000,None,None,2184000000,None,None,None,27000000,None,None,None,209000000,627000000,215000000,None,None,None,654000000,863000000,394000000
COST,2011-11-30,USD,2697000000,21628000000,18931000000,18931000000,543000000,None,None,2154000000,None,None,None,27000000,None,None,None,205000000,553000000,225000000,None,None,None,580000000,785000000,320000000
COST,2011-08-31,USD,3498000000,28178000000,24680000000,24680000000,762000000,None,None,2736000000,None,None,None,36000000,None,None,None,273000000,772000000,272000000,None,None,None,762000000,1035000000,478000000
COST,2011-05-31,USD,2556000000,20623000000,18067000000,18067000000,556000000,None,None,2000000000,None,None,None,27000000,None,None,None,196000000,534000000,193000000,None,None,None,561000000,757000000,324000000
COST,2011-02-28,USD,2640000000,20875000000,18235000000,18235000000,596000000,None,None,2044000000,None,None,None,27000000,None,None,None,195000000,573000000,204000000,None,None,None,600000000,795000000,348000000
COST,2010-11-30,USD,2482000000,19239000000,16757000000,16757000000,525000000,None,None,1957000000,None,None,None,26000000,None,None,None,191000000,504000000,172000000,None,None,None,530000000,721000000,312000000
COST,2010-08-31,USD,3101000000,24125000000,21024000000,21024000000,688000000,None,None,2413000000,None,None,None,34000000,None,None,None,246000000,684000000,247000000,None,None,None,688000000,934000000,432000000
COST,2010-05-31,USD,2286000000,17780000000,15494000000,15494000000,491000000,None,None,1795000000,None,None,None,27000000,None,None,None,180000000,474000000,163000000,None,None,None,501000000,681000000,306000000
COST,2010-02-28,USD,2346000000,18742000000,16396000000,16396000000,470000000,None,None,1876000000,None,None,None,26000000,None,None,None,185000000,474000000,169000000,None,None,None,500000000,685000000,299000000
COST,2009-11-30,USD,2218000000,17299000000,15081000000,15081000000,428000000,None,None,1790000000,None,None,None,24000000,None,None,None,184000000,422000000,152000000,None,None,None,446000000,630000000,266000000
COST,2009-08-31,USD,2866000000,22378000000,19512000000,19512000000,598000000,None,None,2266000000,None,None,None,33000000,None,None,None,241000000,580000000,206000000,None,None,None,598000000,839000000,374000000
COST,2009-05-31,USD,2030000000,15806000000,13776000000,13776000000,359000000,None,None,1664000000,None,None,None,25000000,None,None,None,171000000,338000000,128000000,None,None,None,365000000,536000000,210000000
COST,2009-02-28,USD,2072000000,16843000000,14771000000,14771000000,398000000,None,None,1674000000,None,None,None,25000000,None,None,None,161000000,381000000,142000000,None,None,None,410000000,571000000,239000000
COST,2008-11-30,USD,2119000000,16395000000,14276000000,14276000000,422000000,None,None,1697000000,None,None,None,25000000,None,None,None,155000000,415000000,152000000,None,None,None,443000000,598000000,263000000
COST,2008-08-31,USD,2801859000,23099887000,20298028000,20298028000,604074000,None,None,2197785000,None,None,None,None,None,None,None,216560000,607023000,209195000,None,None,None,604074000,820634000,397828000
COST,2008-05-31,USD,2065695000,16613717000,14548022000,14548022000,465575000,None,None,1600120000,None,None,None,25000000,None,None,None,149980000,465323000,170257000,None,None,None,489478000,639458000,295000000
COST,2008-02-29,USD,2126697000,16959886000,14833189000,14833189000,504332000,None,None,1622365000,None,None,None,23471000,None,None,None,145048000,521465000,193615000,None,None,None,359284000,504332000,327850000
COST,2007-11-30,USD,1986019000,15809530000,13823511000,13823511000,394854000,None,None,1591165000,None,None,None,22968000,None,None,None,141494000,405163000,143182000,None,None,None,394854000,536348000,262000000
COST,2007-08-31,USD,2545855000,20477260000,17931405000,17931405000,555053000,None,None,1999524000,None,None,None,31776000,None,None,None,177960000,581759000,209337000,None,None,None,546331000,724291000,372422000
COST,2007-05-31,USD,1781668000,14659255000,12877587000,12877587000,339065000,None,None,1441672000,None,None,None,26016000,None,None,None,129830000,355887000,131901000,None,None,None,339996000,469826000,223986000
COST,2007-02-28,USD,1860264000,15112016000,13251752000,13251752000,361328000,None,None,1495477000,None,None,None,3620000,None,None,None,131619000,394234000,144756000,None,None,None,364787000,496406000,249478000
COST,2006-11-30,USD,1762666000,14151624000,12388958000,12388958000,353140000,None,None,1405194000,None,None,None,2140000,None,None,None,126976000,378111000,141225000,None,None,None,357472000,484448000,236886000
COST,2006-08-31,USD,2419699000,19896123000,17476424000,17476424000,514114000,None,None,1903953000,None,None,None,None,None,None,None,178557000,554709000,199110000,None,None,None,515746000,694303000,355599000
COST,2006-05-31,USD,1638123000,13273175000,11635052000,11635052000,354707000,None,None,1282234000,None,None,None,2679000,None,None,None,112331000,385779000,150184000,None,None,None,371584000,483915000,235595000
COST,2006-02-28,USD,1750726000,14054576000,12303850000,12303850000,431316000,None,None,1319410000,None,None,None,2923000,None,None,None,109797000,463618000,167415000,None,None,None,433205000,543002000,296203000
COST,2005-11-30,USD,1597182000,12927353000,11330171000,11330171000,325495000,None,None,1271687000,None,None,None,3724000,None,None,None,114600000,347311000,131493000,None,None,None,210895000,325495000,215818000
COST,2005-08-31,USD,2047499000,16702248000,14654749000,14654749000,467624000,None,None,1579875000,None,None,None,None,None,None,None,148283000,498853000,144154000,None,None,None,467624000,615907000,354699000
HD,2025-10-31,USD,13815000000,41352000000,27537000000,27537000000,5353000000,7636000000,None,8462000000,None,-596000000,32000000,628000000,None,None,None,826000000,4757000000,1156000000,None,3601000000,None,5385000000,6211000000,3601000000
HD,2025-07-31,USD,15125000000,45277000000,30152000000,30152000000,6555000000,7764000000,None,8570000000,None,-550000000,25000000,575000000,None,None,None,608000000,6005000000,1454000000,None,4551000000,None,6580000000,7188000000,4551000000
HD,2025-04-30,USD,13459000000,39856000000,26397000000,26397000000,5133000000,7530000000,None,8326000000,None,-591000000,24000000,615000000,None,None,None,994000000,4542000000,1109000000,None,3433000000,None,5157000000,6151000000,3433000000
HD,2025-01-31,USD,13034000000,39704000000,26670000000,26670000000,4495000000,7725000000,None,8539000000,None,-608000000,30000000,638000000,None,None,None,1009000000,3887000000,890000000,None,2997000000,None,4525000000,5534000000,2997000000
HD,2024-10-31,USD,13425000000,40217000000,26792000000,26792000000,5418000000,7212000000,None,8007000000,None,-595000000,30000000,625000000,None,None,None,995000000,4823000000,1175000000,None,3648000000,None,5418000000,6413000000,3648000000
HD,2024-07-31,USD,14416000000,43175000000,28759000000,28759000000,6534000000,7144000000,None,7882000000,None,-489000000,84000000,573000000,None,None,None,920000000,6045000000,1484000000,None,4561000000,None,6618000000,7538000000,4561000000
HD,2024-04-30,USD,12433000000,36418000000,23985000000,23985000000,5079000000,6667000000,None,7354000000,None,-428000000,57000000,485000000,None,None,None,837000000,4651000000,1051000000,None,3600000000,None,5136000000,5973000000,3600000000
HD,2024-01-31,USD,11508000000,34786000000,23278000000,23278000000,4143000000,5579000000,None,7365000000,None,-458000000,55000000,513000000,None,None,None,832000000,3685000000,884000000,None,2801000000,None,4198000000,5030000000,2801000000
HD,2023-10-31,USD,12738000000,37710000000,24972000000,24972000000,5406000000,6649000000,None,7332000000,None,-438000000,438000000,487000000,None,None,None,827000000,4968000000,1158000000,None,3810000000,None,5455000000,6282000000,3810000000
HD,2023-07-31,USD,14157000000,42916000000,28759000000,28759000000,6589000000,6915000000,None,7568000000,None,-428000000,428000000,469000000,None,41000000,None,795000000,6161000000,1502000000,None,4659000000,None,6630000000,7425000000,4659000000
HD,2023-04-30,USD,12557000000,37257000000,24700000000,24700000000,5551000000,6355000000,None,7006000000,None,-441000000,441000000,474000000,None,33000000,None,793000000,5110000000,1237000000,None,3873000000,None,5584000000,6377000000,3873000000
HD,2023-01-31,USD,11926000000,35831000000,23905000000,23905000000,4752000000,6549000000,None,7174000000,None,-408000000,43000000,451000000,None,43000000,None,759000000,4344000000,982000000,None,3362000000,None,4795000000,5554000000,3362000000
HD,2022-10-31,USD,13224000000,38872000000,25648000000,25648000000,6148000000,6468000000,None,7076000000,None,-406000000,406000000,413000000,None,7000000,None,743000000,5742000000,1403000000,None,4339000000,None,6155000000,6898000000,4339000000
HD,2022-07-31,USD,14483000000,43792000000,29309000000,29309000000,7210000000,6657000000,None,7273000000,None,-379000000,2000000,381000000,None,2000000,None,746000000,6831000000,1658000000,None,5173000000,None,7212000000,7958000000,5173000000
HD,2022-04-30,USD,13145000000,38908000000,25763000000,25763000000,5929000000,6610000000,None,7216000000,None,-369000000,3000000,372000000,None,3000000,None,727000000,5560000000,1329000000,None,4231000000,None,5932000000,6659000000,4231000000
HD,2022-01-31,USD,11862000000,35719000000,23857000000,23857000000,4825000000,5387000000,None,7037000000,None,-323000000,18000000,341000000,None,None,None,734000000,4502000000,1150000000,None,3352000000,None,4843000000,5577000000,3352000000
HD,2021-10-31,USD,12563000000,36820000000,24257000000,24257000000,5795000000,6168000000,None,6768000000,None,-326000000,15000000,341000000,None,None,None,714000000,5469000000,1340000000,None,4129000000,None,5810000000,6524000000,4129000000
HD,2021-07-31,USD,13665000000,41118000000,27453000000,27453000000,6639000000,6433000000,None,7026000000,None,-321000000,5000000,326000000,None,None,None,711000000,6318000000,1511000000,None,4807000000,None,6644000000,7355000000,4807000000
HD,2021-04-30,USD,12742000000,37500000000,24758000000,24758000000,5781000000,6374000000,None,6961000000,None,-333000000,6000000,339000000,None,None,None,703000000,5448000000,1303000000,None,4145000000,None,5787000000,6490000000,4145000000
HD,2021-01-31,USD,10831000000,32261000000,21430000000,21430000000,4083000000,5278000000,None,6748000000,None,-333000000,6000000,337000000,None,None,None,666000000,3756000000,899000000,None,4145000000,None,4093000000,4759000000,2857000000
HD,2020-10-31,USD,11456000000,33536000000,22080000000,22080000000,4852000000,6076000000,None,6604000000,None,-327000000,329000000,340000000,None,11000000,None,631000000,4523000000,1091000000,None,3432000000,None,4863000000,5494000000,3432000000
HD,2020-07-31,USD,12941000000,38053000000,25112000000,25112000000,6067000000,5876000000,None,6874000000,None,-307000000,17000000,346000000,None,17000000,None,615000000,5730000000,1398000000,None,2245000000,None,6076000000,6691000000,4332000000
HD,2020-04-30,USD,9625000000,28260000000,18635000000,18635000000,3276000000,4981000000,None,6349000000,None,None,None,324000000,None,None,None,607000000,2969000000,724000000,None,None,None,3293000000,3900000000,2245000000
HD,2020-01-31,USD,8736000000,25782000000,17046000000,17046000000,3403000000,3910000000,None,5333000000,None,-307000000,292000000,309000000,None,None,None,595000000,3111000000,630000000,None,2245000000,None,3420000000,4015000000,2481000000
HD,2019-10-31,USD,9387000000,27223000000,17836000000,17836000000,3947000000,4942000000,None,5440000000,None,-292000000,280000000,302000000,None,19000000,None,594000000,3667000000,898000000,None,2481000000,None,3969000000,4563000000,2769000000
HD,2019-07-31,USD,10432000000,30839000000,20407000000,20407000000,4896000000,5044000000,None,5536000000,None,-283000000,19000000,302000000,None,15000000,None,560000000,4613000000,1134000000,None,2513000000,None,4915000000,5475000000,3479000000
HD,2019-04-30,USD,9017000000,26381000000,17364000000,17364000000,3597000000,4940000000,None,5420000000,None,None,None,288000000,None,None,None,547000000,3324000000,811000000,None,None,None,3612000000,4159000000,2513000000
HD,2019-01-31,USD,9027000000,26491000000,17464000000,17464000000,3378000000,4001000000,None,5649000000,None,None,None,269000000,None,4000000,None,549000000,3113000000,769000000,None,2344000000,None,3382000000,3931000000,2344000000
HD,2018-10-31,USD,9151000000,26302000000,17151000000,17151000000,3870000000,4808000000,0,5281000000,None,None,None,249000000,None,4000000,None,541000000,3646000000,779000000,None,2344000000,None,3895000000,4436000000,2867000000
HD,2018-07-31,USD,10365000000,30463000000,20098000000,20098000000,4901000000,5004000000,0,5464000000,None,None,None,272000000,None,26000000,None,530000000,4655000000,1149000000,None,3506000000,None,4927000000,5457000000,3506000000
HD,2018-04-30,USD,8617000000,24947000000,16330000000,16330000000,3381000000,4779000000,None,5236000000,None,None,None,261000000,None,None,None,532000000,3142000000,738000000,None,None,None,3403000000,3935000000,2404000000
HD,2018-01-31,USD,8093000000,23883000000,15790000000,15790000000,3189000000,3473000000,0,4904000000,None,None,None,269000000,None,22000000,None,529000000,2943000000,1164000000,None,2404000000,None,3212000000,3741000000,1779000000
HD,2017-10-31,USD,8648000000,25026000000,16378000000,16378000000,3680000000,4514000000,0,4968000000,None,None,None,269000000,None,23000000,None,518000000,3433000000,1268000000,None,1779000000,None,3702000000,4220000000,2165000000
HD,2017-07-31,USD,9461000000,28108000000,18647000000,18647000000,4463000000,4549000000,0,4998000000,None,None,None,265000000,None,16000000,None,510000000,4214000000,1542000000,None,2672000000,None,4479000000,4989000000,2672000000
HD,2017-04-30,USD,8154000000,23887000000,15733000000,15733000000,3349000000,None,None,4805000000,None,None,None,254000000,None,None,None,505000000,3108000000,1094000000,None,None,None,3362000000,3867000000,2014000000
HD,2017-01-31,USD,7553000000,22207000000,14654000000,14654000000,2927000000,3394000000,0,4626000000,None,None,None,246000000,None,13000000,None,499000000,2692000000,948000000,None,2014000000,None,2938000000,3437000000,1744000000
HD,2016-10-31,USD,8042000000,23154000000,15112000000,15112000000,3320000000,4280000000,0,4722000000,None,None,None,246000000,None,11000000,None,496000000,3084000000,1115000000,None,1744000000,None,3330000000,3826000000,1969000000
HD,2016-07-31,USD,8927000000,26472000000,17545000000,17545000000,4103000000,4281000000,0,4824000000,None,None,None,236000000,None,8000000,None,492000000,3875000000,1434000000,None,2441000000,None,4103000000,4595000000,2441000000
HD,2016-04-30,USD,7791000000,22762000000,14971000000,14971000000,3077000000,4281000000,None,4714000000,None,None,None,244000000,None,None,None,486000000,2840000000,1037000000,None,None,None,3077000000,3563000000,1803000000
HD,2016-01-31,USD,7156000000,20980000000,13824000000,13824000000,2549000000,12623000000,0,4607000000,None,None,None,242000000,None,6000000,None,479000000,2313000000,842000000,None,1471000000,None,2555000000,3034000000,1471000000
HD,2015-10-31,USD,7565000000,21819000000,14254000000,14254000000,2981000000,4161000000,0,4584000000,None,None,None,247000000,None,7000000,None,469000000,2741000000,1016000000,None,1725000000,None,2981000000,3450000000,1725000000
HD,2015-07-31,USD,8365000000,24829000000,16464000000,16464000000,3647000000,4299000000,0,4718000000,None,None,None,233000000,None,4000000,None,461000000,3563000000,1329000000,None,1579000000,None,3647000000,4108000000,2234000000
HD,2015-04-30,USD,7179000000,20891000000,13712000000,13712000000,2597000000,4163000000,None,4582000000,None,None,None,197000000,None,None,None,454000000,2404000000,825000000,None,None,None,2588000000,3042000000,1579000000
HD,2015-01-31,USD,6723000000,19162000000,12439000000,12439000000,2191000000,3571000000,0,4532000000,None,None,None,213000000,None,115000000,None,441000000,2093000000,714000000,None,1379000000,None,2161000000,2602000000,1379000000
HD,2014-10-31,USD,7185000000,20516000000,13331000000,13331000000,2553000000,4217000000,0,4632000000,None,None,None,218000000,None,105000000,None,449000000,2440000000,903000000,None,1537000000,None,2553000000,3002000000,1537000000
HD,2014-07-31,USD,8161000000,23811000000,15650000000,15650000000,3448000000,4146000000,0,4713000000,None,None,None,208000000,None,100000000,None,449000000,3257000000,1207000000,None,1379000000,None,3448000000,3897000000,2050000000
HD,2014-04-30,USD,6885000000,19687000000,12802000000,12802000000,2277000000,4067000000,None,4608000000,None,None,None,191000000,None,None,None,447000000,2186000000,807000000,None,None,None,2277000000,2724000000,1379000000
HD,2014-01-31,USD,6192000000,17696000000,11504000000,11504000000,1761000000,4024000000,0,4431000000,None,None,None,182000000,None,4000000,None,440000000,1583000000,570000000,None,1013000000,None,1761000000,2201000000,1013000000
HD,2013-10-31,USD,6798000000,19470000000,12672000000,12672000000,2293000000,4096000000,0,4505000000,None,None,None,191000000,None,3000000,None,440000000,2105000000,754000000,None,1351000000,None,2293000000,2733000000,1351000000
HD,2013-07-31,USD,7721000000,22522000000,14801000000,14801000000,3018000000,4294000000,0,4703000000,None,None,None,174000000,None,3000000,None,442000000,2846000000,1051000000,None,1226000000,None,3020000000,3462000000,1795000000
HD,2013-04-30,USD,6679000000,19124000000,12445000000,12445000000,2094000000,4183000000,None,4585000000,None,None,None,164000000,None,None,None,435000000,1933000000,707000000,None,None,None,2097000000,2532000000,1226000000
HD,2013-01-31,USD,6366000000,18246000000,11880000000,11880000000,1750000000,4217000000,0,4616000000,None,None,None,166000000,None,6000000,None,427000000,1590000000,569000000,None,1021000000,None,1756000000,2183000000,1021000000
HD,2012-10-31,USD,6267000000,18130000000,11863000000,11863000000,1733000000,4139000000,0,4534000000,None,None,None,155000000,None,5000000,None,424000000,1583000000,636000000,None,947000000,None,1738000000,2162000000,947000000
HD,2012-07-31,USD,7026000000,20570000000,13544000000,13544000000,2569000000,4066000000,0,4457000000,None,None,None,155000000,None,4000000,None,423000000,2418000000,886000000,None,1532000000,None,2573000000,2996000000,1532000000
HD,2012-04-30,USD,6183000000,17808000000,11625000000,11625000000,1714000000,4086000000,None,4469000000,None,None,None,156000000,None,None,None,410000000,1630000000,595000000,None,None,None,1786000000,2196000000,1035000000
HD,2012-01-31,USD,5597000000,16014000000,10417000000,10417000000,1330000000,3877000000,0,4267000000,None,None,None,154000000,None,72000000,None,417000000,1180000000,406000000,None,1035000000,None,1334000000,1751000000,774000000
HD,2011-10-31,USD,5961000000,17326000000,11365000000,11365000000,1615000000,3956000000,0,4346000000,None,None,None,162000000,None,4000000,None,416000000,1457000000,523000000,None,774000000,None,1619000000,2035000000,934000000
HD,2011-07-31,USD,6876000000,20232000000,13356000000,13356000000,2294000000,3956000000,0,4582000000,None,None,None,149000000,None,4000000,None,425000000,2148000000,785000000,None,934000000,None,2297000000,2722000000,1363000000
HD,2011-04-30,USD,5828000000,16823000000,10995000000,10995000000,1422000000,4009000000,0,4406000000,None,None,None,141000000,None,3000000,None,424000000,1283000000,471000000,None,1363000000,None,1424000000,1848000000,812000000
HD,2011-01-31,USD,5243000000,15126000000,9883000000,9883000000,1037000000,3807000000,None,4206000000,None,None,None,91000000,None,None,None,426000000,950000000,363000000,None,None,None,1041000000,1467000000,587000000
HD,2010-10-31,USD,5685000000,16598000000,10913000000,10913000000,1448000000,3807000000,0,4237000000,None,None,None,146000000,None,4000000,None,426000000,1306000000,472000000,None,587000000,None,1452000000,1878000000,834000000
HD,2010-07-31,USD,6582000000,19410000000,12828000000,12828000000,2049000000,4127000000,0,4533000000,None,None,None,151000000,None,4000000,None,455000000,1901000000,709000000,None,834000000,None,2052000000,2507000000,1192000000
HD,2010-04-30,USD,5794000000,16863000000,11069000000,11069000000,1305000000,4078000000,0,4489000000,None,None,None,142000000,None,-47000000,None,411000000,1116000000,391000000,None,725000000,None,1258000000,1669000000,725000000
HD,2010-01-31,USD,5013000000,14569000000,9556000000,9556000000,727000000,11896000000,0,4286000000,None,None,None,161000000,None,None,None,442000000,406000000,105000000,None,0,None,567000000,1009000000,342000000
HD,2009-10-31,USD,5561000000,16361000000,10800000000,10800000000,1263000000,3870000000,0,4298000000,None,None,None,168000000,None,4000000,None,428000000,1099000000,410000000,None,689000000,None,1267000000,1695000000,689000000
HD,2009-07-31,USD,6388000000,19071000000,12683000000,12683000000,1833000000,4101000000,0,4555000000,None,None,None,167000000,None,6000000,None,434000000,1672000000,556000000,None,1116000000,None,1839000000,2273000000,1116000000
HD,2009-04-30,USD,5450000000,16175000000,10725000000,10725000000,980000000,3925000000,None,4470000000,None,None,None,180000000,None,None,None,453000000,805000000,291000000,None,None,None,985000000,1438000000,514000000
HD,2009-01-31,USD,4960000000,14607000000,9647000000,9647000000,266000000,4251000000,0,4694000000,None,None,None,297000000,None,None,None,470000000,-31000000,-29000000,None,0,None,121000000,591000000,-54000000
HD,2008-10-31,USD,5994000000,17784000000,11790000000,11790000000,1323000000,4225000000,0,4671000000,None,None,None,157000000,None,None,None,476000000,1172000000,416000000,None,0,None,1323000000,1799000000,756000000
HD,2008-07-31,USD,6964000000,20990000000,14026000000,14026000000,2042000000,4470000000,0,4922000000,None,None,None,161000000,None,None,None,482000000,1885000000,683000000,None,0,None,2042000000,2524000000,1202000000
HD,2008-04-30,USD,6072000000,17907000000,11835000000,11835000000,728000000,4900000000,0,5344000000,None,None,None,167000000,None,None,None,474000000,564000000,208000000,None,0,None,728000000,1202000000,356000000
HD,2008-01-31,USD,6054000000,17659000000,11605000000,11605000000,1249000000,4353000000,0,4805000000,None,None,None,192000000,None,None,None,481000000,1057000000,386000000,None,0,None,1249000000,1730000000,671000000
HD,2007-10-31,USD,6339000000,18961000000,12622000000,12622000000,1764000000,4144000000,0,4575000000,None,None,None,154000000,None,None,None,462000000,1639000000,568000000,None,0,None,1764000000,2226000000,1091000000
HD,2007-07-31,USD,7341000000,22184000000,14843000000,14843000000,2557000000,4370000000,0,4784000000,None,None,None,79000000,None,None,None,478000000,2412000000,891000000,None,0,None,2557000000,3035000000,1587000000
HD,2007-04-30,USD,6263000000,18545000000,12282000000,12282000000,1672000000,4186000000,0,4591000000,None,None,None,172000000,None,None,None,485000000,1512000000,565000000,None,0,None,1672000000,2157000000,1046000000
HD,2007-01-31,USD,6638000000,20265000000,13627000000,13627000000,1602000000,4000000000,0,5036000000,None,None,None,123000000,None,None,None,462000000,1479000000,554000000,None,0,None,1602000000,2064000000,925000000
HD,2006-10-31,USD,3650000000,14704000000,11054000000,11054000000,1927000000,3981000000,0,1723000000,None,None,None,92000000,None,None,None,492000000,1836000000,680000000,None,0,None,2222000000,2714000000,1490000000
HD,2006-07-31,USD,7456000000,22592000000,15136000000,15136000000,2915000000,4146000000,0,4541000000,None,None,None,98000000,None,None,None,482000000,2817000000,1116000000,None,0,None,2915000000,3397000000,1862000000
HD,2006-04-30,USD,7228000000,21461000000,14233000000,14233000000,2422000000,4146000000,0,4806000000,None,None,None,52000000,None,None,None,450000000,2370000000,886000000,None,0,None,2422000000,2872000000,1484000000
HD,2006-01-31,USD,6593000000,19489000000,12896000000,12896000000,2048000000,4132000000,0,4545000000,None,None,None,27000000,None,None,None,445000000,2021000000,736000000,None,0,None,2110000000,2555000000,1285000000
HD,2005-10-31,USD,6963000000,20744000000,13781000000,13781000000,2473000000,4119000000,0,4490000000,None,None,None,21000000,None,None,None,405000000,2452000000,914000000,None,0,None,2473000000,2878000000,1538000000
BABA,2025-09-30,CNY,97014000000,2.47795E+11,1.50781E+11,1.50781E+11,5365000000,7380000000,17095000000,91649000000,None,17575000000,20092000000,2517000000,None,None,None,826000000,26162000000,5550000000,None,20612000000,None,26438000000,27264000000,21019000000
BABA,2025-06-30,CNY,1.11223E+11,2.47652E+11,1.36429E+11,1.36429E+11,34988000000,7398000000,15001000000,76235000000,None,14898000000,17376000000,2478000000,None,None,None,807000000,51247000000,8865000000,None,42382000000,None,52712000000,53519000000,40649000000
BABA,2025-03-31,CNY,90828000000,2.36454E+11,1.45626E+11,1.45626E+11,28465000000,10331000000,14934000000,62363000000,None,-10012000000,7516000000,2496000000,None,None,None,833000000,18827000000,6854000000,None,11973000000,None,20969000000,21802000000,12559000000
BABA,2024-12-31,CNY,1.1763E+11,2.80154E+11,1.62524E+11,1.62524E+11,41205000000,10851000000,14662000000,76425000000,None,8661000000,11146000000,2485000000,None,None,None,2062000000,57583000000,11149000000,None,46434000000,None,56939000000,59001000000,49127000000
BABA,2024-09-30,CNY,92474000000,2.36503E+11,1.44029E+11,1.44029E+11,35246000000,9777000000,14182000000,57228000000,None,14702000000,18607000000,2427000000,None,None,None,1649000000,50926000000,7379000000,None,43547000000,None,52375000000,54024000000,44033000000
BABA,2024-06-30,CNY,97130000000,2.43236E+11,1.46106E+11,1.46106E+11,35989000000,13280000000,13373000000,61141000000,None,-2188000000,None,2188000000,None,None,None,1792000000,34085000000,10063000000,None,24022000000,None,34768000000,36560000000,24390000000
BABA,2024-03-31,CNY,73776000000,2.21874E+11,1.48098E+11,1.48098E+11,14765000000,14019000000,14085000000,59011000000,None,-7879000000,None,7879000000,None,None,None,2081000000,6641000000,5722000000,None,919000000,None,17728000000,19809000000,3365000000
BABA,2023-12-31,CNY,1.04134E+11,2.60348E+11,1.56214E+11,1.56214E+11,22511000000,11261000000,13488000000,81623000000,None,-5632000000,None,5632000000,None,None,None,14601000000,15705000000,4988000000,None,10717000000,None,22950000000,37551000000,14555000000
BABA,2023-09-30,CNY,85126000000,2.2479E+11,1.39664E+11,1.39664E+11,33584000000,9408000000,14218000000,51542000000,None,3282000000,5136000000,1854000000,None,None,None,2431000000,32493000000,5797000000,None,26696000000,None,40111000000,42542000000,27847000000
BABA,2023-06-30,CNY,91809000000,2.34156E+11,1.42347E+11,1.42347E+11,44521000000,34344000000,10465000000,1.89635E+11,None,-7682000000,1784000000,7682000000,None,None,None,2494000000,36172000000,3758000000,None,33000000000,None,27044000000,29538000000,34242000000
BABA,2023-03-31,CNY,69377000000,2.082E+11,1.38823E+11,1.38823E+11,15240000000,37763000000,13880000000,1.9296E+11,None,8760000000,10496000000,1736000000,None,None,None,2494000000,25308000000,3758000000,None,21996000000,None,27044000000,29538000000,23644000000
BABA,2022-12-31,CNY,97751000000,2.47756E+11,1.50005E+11,1.50005E+11,35031000000,10327000000,13521000000,62720000000,None,13966000000,15516000000,1550000000,None,None,None,5530000000,49566000000,3820000000,None,45746000000,None,52009000000,57539000000,46913000000
BABA,2022-09-30,CNY,75966000000,2.07176E+11,1.3121E+11,1.3121E+11,25137000000,10591000000,15150000000,50829000000,None,-43840000000,1388000000,43840000000,None,None,None,2729000000,-19895000000,2572000000,None,-22467000000,None,28081000000,30810000000,-20433000000
BABA,2022-06-30,CNY,75898000000,2.05555E+11,1.29657E+11,1.29657E+11,24943000000,8433000000,14193000000,50955000000,None,4125000000,5369000000,1244000000,None,None,None,2751000000,25697000000,5399000000,None,20298000000,None,30421000000,33172000000,22659000000
BABA,2022-03-31,CNY,65107000000,2.04052E+11,1.38945E+11,1.38945E+11,16717000000,34615000000,10944000000,48390000000,None,-37897000000,1189000000,1189000000,None,None,None,2831000000,-19560000000,2079000000,None,-18357000000,None,23860000000,26691000000,-16116000000
BABA,2021-12-31,CNY,95922000000,2.4258E+11,1.46658E+11,1.46658E+11,7068000000,45171000000,15705000000,63713000000,None,17175000000,18361000000,1186000000,None,None,None,2837000000,29326000000,9553000000,None,19224000000,None,31285000000,34122000000,20546000000
BABA,2021-09-30,CNY,70940000000,2.0069E+11,1.2975E+11,1.2975E+11,15006000000,37731000000,15297000000,55934000000,None,-12723000000,1267000000,1272300000,None,None,None,2906000000,3946000000,6087000000,None,3377000000,None,24298000000,27204000000,5488000000
BABA,2021-06-30,CNY,81643000000,2.0574E+11,1.24097E+11,1.24097E+11,30847000000,34204000000,13302000000,69604000000,None,12834000000,12834000000,1160000000,None,None,None,3415000000,45838000000,7049000000,None,42835000000,None,2843000000,6258000000,45141000000
BABA,2021-03-31,CNY,61941000000,1.87395E+11,1.25454E+11,1.25454E+11,-7663000000,27734000000,13519000000,50796000000,None,-1049000000,1049000000,1267000000,None,None,None,3073000000,-6597000000,9096000000,None,-7654000000,None,55431000000,58504000000,-5479000000
BABA,2020-12-31,CNY,99816000000,2.21084E+11,1.21268E+11,1.21268E+11,49002000000,8692000000,13607000000,50814000000,None,38944000000,40036000000,1092000000,None,None,None,3172000000,87171000000,9194000000,None,77977000000,None,91864000000,95036000000,79535000000
BABA,2020-09-30,CNY,65099000000,1.55059E+11,89960000000,89960000000,13634000000,11961000000,19245000000,51465000000,None,9409000000,10510000000,1101000000,None,None,None,2888000000,28435000000,1911000000,None,26524000000,None,25292000000,28180000000,28876000000
BABA,2020-06-30,CNY,69228000000,1.53751E+11,84523000000,84523000000,34705000000,6837000000,11082000000,34523000000,None,21014000000,22137000000,1123000000,None,None,None,2952000000,57561000000,11124000000,None,46437000000,None,58335000000,61287000000,47533000000
BABA,2020-03-31,CNY,41812000000,1.14314E+11,72502000000,72502000000,7131000000,7871000000,10587000000,34681000000,None,-8880000000,7715000000,1165000000,None,None,None,4044000000,2976000000,2628000000,None,348000000,None,596000000,4640000000,3220000000
BABA,2019-12-31,CNY,77124000000,1.61456E+11,84332000000,84332000000,39560000000,7415000000,11077000000,37564000000,None,15827000000,17136000000,1309000000,None,0,None,3272000000,58539000000,8407000000,None,50132000000,None,57683000000,60955000000,52174000000
BABA,2019-09-30,CNY,53471000000,1.19017E+11,65546000000,65546000000,20364000000,6591000000,10938000000,33107000000,None,61988000000,63348000000,1360000000,None,0,None,3006000000,73563000000,2815000000,None,70748000000,None,86883000000,89889000000,72591000000
BABA,2019-06-30,CNY,54937000000,1.14924E+11,59987000000,59987000000,24375000000,6320000000,10478000000,30562000000,None,-1159000000,187000000,1346000000,None,0,None,3066000000,25834000000,6712000000,None,19122000000,None,26663000000,29729000000,21448000000
BABA,2019-03-31,CNY,37888000000,93498000000,55610000000,55610000000,8765000000,7612000000,8659000000,29123000000,None,17362000000,17362000000,1303000000,None,0,None,3203000000,28404000000,5025000000,None,23379000000,None,28879000000,32082000000,25913000000
BABA,2018-12-31,CNY,56465000000,1.17278E+11,60813000000,60813000000,26798000000,5853000000,8901000000,29667000000,None,None,None,1334000000,None,0,None,2809000000,36550000000,5586000000,None,654439607.6,None,38745000000,41554000000,33120000000
BABA,2018-09-30,CNY,38362000000,85148000000,46786000000,46786000000,13501000000,4779000000,8365000000,24861000000,None,None,None,1340000000,None,0,None,2611000000,18518000000,277000000,None,2655592599,None,18604000000,21215000000,20133000000
BABA,2018-06-30,CNY,37200000000,80920000000,43720000000,43720000000,8020000000,6645000000,11510000000,29180000000,None,None,None,1213000000,None,0,None,2104000000,13315000000,5665000000,None,1147270546,None,15183000000,17287000000,8720000000
BABA,2018-03-31,CNY,29428000000,61932000000,32504000000,32504000000,9221000000,4551000000,6686000000,20207000000,None,None,None,1175000000,None,None,None,1329000000,10805000000,4164000000,None,1057399889,None,12050000000,13379000000,7669000000
BABA,2017-12-31,CNY,47950000000,83028000000,35078000000,35078000000,25996000000,4572000000,6289000000,21954000000,None,None,None,844000000,None,None,None,2057000000,29995000000,6663000000,None,33986000000,None,49291000000,51348000000,24073000000
BABA,2017-09-30,CNY,33120000000,55122000000,22002000000,22002000000,16584000000,3439000000,5083000000,16536000000,None,None,None,747000000,None,None,None,1748000000,20127000000,2719000000,None,-24685000000,None,21756000000,23504000000,17668000000
BABA,2017-06-30,CNY,32724000000,50184000000,17460000000,17460000000,17513000000,3679000000,4696000000,15211000000,None,None,None,800000000,None,None,None,1986000000,18684000000,4653000000,None,14031000000,None,20872000000,22858000000,14683000000
BABA,2017-03-31,CNY,23089000000,38579000000,15490000000,15490000000,9532000000,3394000000,4518000000,13557000000,None,None,None,676000000,None,None,None,1313000000,14405000000,4553000000,None,24069000000,None,16525000000,17838000000,10647000000
BABA,2016-12-31,CNY,34122000000,53248000000,19126000000,19126000000,20664000000,3287000000,4420000000,13458000000,None,None,None,701000000,None,None,None,1261000000,22267000000,5110000000,None,17157000000,None,24516000000,25777000000,17855000000
BABA,2016-09-30,CNY,21169000000,34292000000,13123000000,13123000000,9045000000,2815000000,4134000000,12124000000,None,None,None,668000000,None,None,None,1297000000,9097000000,2022000000,None,0,None,10332000000,11629000000,7623000000
BABA,2016-06-30,CNY,20410000000,32154000000,11744000000,11744000000,8814000000,2743000000,3988000000,11596000000,None,None,None,626000000,None,None,None,1251000000,9233000000,2091000000,None,0,None,11327000000,12578000000,7550000000
BABA,2016-03-31,CNY,14622000000,24184000000,9562000000,9562000000,5112000000,2333000000,3573000000,9109000000,None,None,None,510000000,None,None,None,743000000,7139000000,1825000000,None,71289000000,None,8361000000,9104000000,5365000000
BABA,2015-12-31,CNY,23592000000,34543000000,10951000000,10951000000,12434000000,2500000000,3749000000,10703000000,None,None,None,475000000,None,None,None,813000000,16015000000,3559000000,None,0,None,16985000000,17798000000,12498000000
BABA,2015-09-30,CNY,15040000000,22171000000,7131000000,7131000000,6395000000,2128000000,3225000000,8645000000,None,None,None,484000000,None,None,None,728000000,24374000000,1671000000,None,0,None,24974000000,25702000000,22754000000
BABA,2015-06-30,CNY,13534000000,20245000000,6711000000,6711000000,5161000000,2244000000,3241000000,8373000000,None,None,None,477000000,None,None,None,647000000,32210000000,1394000000,None,0,None,33094000000,33741000000,30843000000
BABA,2015-03-31,CNY,11292000000,17425000000,6133000000,6133000000,2599000000,2477000000,3042000000,8366000000,None,None,None,475000000,None,None,None,643000000,4072000000,1203000000,None,24320000000,None,4941000000,5584000000,2893000000
BABA,2014-12-31,CNY,18659000000,26179000000,7520000000,7520000000,9347000000,2419000000,3083000000,9137000000,None,None,None,1344000000,None,None,None,614000000,8412000000,2429000000,None,0,None,10561000000,11175000000,5936000000
BABA,2014-09-30,CNY,11233000000,16829000000,5596000000,5596000000,4345000000,1960000000,2581000000,6888000000,None,None,None,521000000,None,None,None,598000000,4369000000,1339000000,None,-1387000000,None,5191000000,5789000000,3028000000
BABA,2014-06-30,CNY,11186000000,15771000000,4585000000,4585000000,6844000000,944000000,1952000000,4342000000,None,None,None,410000000,None,None,None,234000000,13883000000,1445000000,None,1387000000,None,14383000000,14617000000,12404000000
BABA,2014-03-31,CNY,8561000000,12031000000,3470000000,3470000000,5451000000,514000000,1200000000,2858000000,None,None,None,353000000,None,None,None,118000000,6888000000,1227000000,None,23403000000,None,7270000000,7388000000,5602000000
BABA,2013-12-31,CNY,14574000000,18745000000,4171000000,4171000000,8801000000,2046000000,1707000000,5773000000,None,None,None,387000000,None,None,None,123000000,9098000000,741000000,None,0,None,9645000000,9768000000,8326000000
BABA,2013-09-30,CNY,7949000000,10950000000,3001000000,3001000000,5248000000,793000000,1168000000,2657000000,None,None,None,374000000,None,None,None,39000000,5574000000,637000000,None,0,None,5955000000,5994000000,4943000000
BABA,2013-06-30,CNY,8051000000,10778000000,2727000000,2727000000,5420000000,865000000,1018000000,2631000000,None,None,None,1081000000,None,None,None,278000000,5039000000,591000000,None,0,None,6127000000,6405000000,4444000000
BABA,2013-03-31,CNY,6397000000,8674000000,2277000000,2277000000,4452000000,545000000,854000000,1616000000,None,None,None,420000000,None,None,None,191000000,4361000000,95000000,None,0,None,4452000000,4643000000,4197000000
BABA,2012-12-31,CNY,0,1880713000,438690000,438690000,846878000,555019000,189100000,0,None,None,None,0,None,None,None,None,0,0,None,0,None,0,None,0
BABA,2012-09-30,CNY,0,1198116000,350227000,350227000,382856000,428048000,142742000,0,None,None,None,0,None,None,None,None,0,0,None,0,None,0,None,0
BABA,2012-06-30,CNY,0,1069259000,309460000,309460000,369117000,354793000,133480000,0,None,None,None,0,None,None,None,None,0,0,None,0,None,0,None,0
BABA,2012-03-31,CNY,2252640000,806106000,245104000,245104000,215456000,310671000,118740000,0,None,None,None,10798000,None,None,None,None,874474000,133704000,None,0,None,0,None,220624000
BABA,2011-12-31,CNY,0,1048076000,297956000,297956000,335788000,378006000,132440000,0,None,None,None,0,None,None,None,None,0,0,None,0,None,0,None,241441000
BABA,2011-09-30,CNY,0,690856000,200332000,200332000,129618000,325519000,109825000,0,None,None,None,0,None,None,None,None,0,0,None,0,None,0,None,89409000
BABA,2011-06-30,CNY,0,634795000,183801000,183801000,136923000,282509000,99018000,0,None,None,None,0,None,None,None,None,0,0,None,0,None,0,None,119904000
PLTR,2025-09-30,USD,973785000,1181092000,207307000,207307000,393256000,161702000,144191000,580529000,None,59762000,59762000,None,None,None,None,5975000,480501000,3753000,None,476748000,None,480501000,486476000,475599000
PLTR,2025-06-30,USD,810763000,1003697000,192934000,192934000,269317000,162615000,135043000,541446000,None,56255000,56255000,None,None,None,None,6530000,332168000,3596000,None,328572000,None,269317000,275847000,326727000
PLTR,2025-03-31,USD,710885000,883855000,172970000,172970000,176048000,163639000,134889000,534837000,None,50441000,50441000,None,None,None,None,6622000,223316000,5599000,None,217717000,None,176048000,182670000,214031000
PLTR,2024-12-31,USD,652986000,827519000,174533000,174533000,11043000,182146000,171502000,641943000,None,54727000,54727000,None,None,None,None,7006000,80538000,3602000,None,76936000,None,11043000,18049000,79009000
PLTR,2024-09-30,USD,578877000,725516000,146639000,146639000,113140000,138708000,117555000,465737000,None,52120000,52120000,None,None,None,None,8087000,157150000,7809000,None,149341000,None,113140000,121227000,143525000
PLTR,2024-06-30,USD,549572000,678134000,128562000,128562000,105339000,138643000,108781000,444233000,None,46593000,46593000,None,None,None,None,8056000,140759000,5189000,None,135570000,None,105339000,113395000,134126000
PLTR,2024-03-31,USD,518082000,634338000,116256000,116256000,80881000,133984000,110040000,437201000,None,43352000,43352000,None,None,None,None,8438000,110726000,4655000,None,106071000,None,80881000,89319000,105530000
PLTR,2023-12-31,USD,499711000,608350000,108639000,108639000,65794000,127271000,109283000,433917000,None,44409000,44545000,136000,None,None,None,7972000,106247000,9334000,None,96913000,None,106383000,114355000,93391000
PLTR,2023-09-30,USD,450237000,558159000,107922000,107922000,39983000,128173000,105708000,410254000,None,36122000,36864000,742000,None,None,None,8663000,79969000,6530000,None,73439000,None,80711000,89374000,71505000
PLTR,2023-06-30,USD,426418000,533317000,106899000,106899000,10074000,132648000,99533000,416344000,None,28993000,30310000,1317000,None,21286000,None,8399000,30043000,2171000,None,27872000,None,10074000,18473000,28127000
PLTR,2023-03-31,USD,417541000,525186000,107645000,107645000,4115000,136233000,90100000,413426000,None,19578000,20853000,1275000,None,17992000,None,8320000,20832000,1681000,None,19151000,None,4115000,12435000,16802000
PLTR,2022-12-31,USD,404313000,508624000,104311000,104311000,-17826000,149862000,82044000,422139000,None,11038000,12750000,1712000,None,57387000,None,7373000,37849000,4360000,None,33489000,None,39561000,46934000,30878000
PLTR,2022-09-30,USD,370269000,477880000,107611000,107611000,-62191000,148679000,100863000,432460000,None,4458000,5540000,1082000,None,-59506000,None,5942000,-122779000,1096000,None,-123875000,None,-121697000,-115755000,-123875000
PLTR,2022-06-30,USD,370786000,473010000,102224000,102224000,-41745000,155485000,88171000,412531000,None,802000,1472000,670000,None,-134326000,None,4895000,-176741000,2588000,None,-179329000,None,-176071000,-171176000,-179329000
PLTR,2022-03-31,USD,351954000,446357000,94403000,94403000,-39439000,142307000,88601000,391393000,None,-47000,547000,594000,None,-59323000,None,4312000,-99356000,2023000,None,-101379000,None,-98762000,-94450000,-101379000
PLTR,2021-12-31,USD,345304000,432867000,87563000,87563000,-58943000,157478000,84176000,404247000,None,-121000,480000,601000,None,-63638000,None,3840000,-123182000,33006000,None,-156188000,None,-122581000,-118741000,-156188000
PLTR,2021-09-30,USD,305342000,392146000,86804000,86804000,-91941000,149524000,94316000,397283000,None,-230000,379000,609000,None,-8149000,None,3058000,-100699000,1438000,None,-102137000,None,-100090000,-97032000,-102137000
PLTR,2021-06-30,USD,284716000,375642000,90926000,90926000,-146148000,157961000,110524000,430864000,None,-218000,372000,590000,None,2497000,None,4762000,-144241000,-5661000,None,-138580000,None,-143651000,-138889000,-138580000
PLTR,2021-03-31,USD,267123000,341234000,74111000,74111000,-114014000,146569000,98471000,381137000,None,-1464000,376000,1840000,None,-4518000,None,3237000,-120372000,3102000,None,-123474000,None,-118532000,-115295000,-123474000
PLTR,2020-12-31,USD,251588000,322091000,70503000,70503000,-156572000,166411000,94130000,408160000,None,-1446000,368000,1814000,None,None,None,3563000,-155936000,-7593000,None,-148343000,None,-154122000,-150559000,-148343000
PLTR,2020-09-30,USD,140026000,289366000,149340000,149340000,-847777000,338977000,313915000,987803000,None,-1591000,494000,2085000,None,None,None,2515000,-861862000,-8543000,None,-853319000,None,-859777000,-857262000,-853319000
PLTR,2020-06-30,USD,183479000,251889000,68410000,68410000,-99145000,93291000,86815000,282624000,None,-5095000,551000,5646000,None,None,None,4122000,-109512000,943000,None,-110455000,None,-103866000,-99744000,-110455000
PLTR,2020-03-31,USD,165033000,229327000,64294000,64294000,-70185000,70765000,65800000,235218000,None,-1327000,3267000,4594000,None,None,None,3671000,-51717000,2557000,None,-54274000,None,-47123000,-43452000,-54274000
PLTR,2019-12-31,USD,153456000,229358000,75902000,75902000,-147451000,112207000,75835000,300907000,None,-529000,2137000,2666000,None,None,None,2805000,-155437000,3890000,None,-159327000,None,-152771000,-149966000,-159327000
PLTR,2019-09-30,USD,125468000,190541000,65073000,65073000,-144140000,74062000,75880000,269608000,None,3217000,3390000,173000,None,None,None,3061000,-137834000,2026000,None,-139860000,None,-137661000,-134600000,-139860000
PLTR,2019-06-30,None,119731000,176320000,56589000,56589000,-140115000,70589000,78724000,256467000,None,None,None,None,None,None,None,3194500,-132677000,1389000,None,None,None,-140115000,-136920500,-134066000
PLTR,2019-03-31,None,110629000,161328000,50699000,50699000,-142426500,67337000,76924000,252299500,None,None,None,None,None,None,None,3194500,-137000000,3229500,None,None,None,-142426500,-139232000,-140229500
